"SteamID","GameName","CompType","BeforeBytes","AfterBytes","SavingsPercent"
10,"Counter-Strike",3,1796593866,967103793,47
20,"Team Fortress Classic",3,762982174,398449436,48
30,"Day of Defeat",3,952135875,637891481,34
50,"Half-Life: Opposing Force",3,1133502069,544353633,52
60,"Ricochet",3,527753245,281818705,47
70,"Half-Life",1,612270775,362576295,41
92,"Codename Gordon",2,40832636,40258591,2
130,"Half-Life: Blue Shift",1,1132862337,708684470,38
211,"Source SDK",3,2222735290,648970044,71
215,"Source SDK Base 2006",3,2823817441,1676965884,41
218,"Source SDK Base 2007",1,4050214602,2648886931,35
219,"Half-Life 2: Demo",1,3571133282,2432653341,32
220,"Half-Life 2",3,10423852452,6061326715,42
240,"Counter-Strike: Source",3,5591541344,3062033647,46
300,"Day of Defeat: Source",3,4514066218,2423262586,47
320,"Half-Life 2: Deathmatch",3,3277764386,1893835845,43
340,"Half-Life 2: Lost Coast",1,3525824649,2251942597,37
360,"Half-Life Deathmatch: Source",3,3540267251,2051179351,43
400,"Portal",3,4364211597,2569957679,42
420,"Half-Life 2: Episode Two",2,10404970651,6678307354,36
440,"Team Fortress 2",3,31980187291,17790989976,45
480,"Spacewar",3,1906055,853359,56
500,"Left 4 Dead",3,6800783445,4339933757,37
550,"Left 4 Dead 2",3,18607030675,11613041292,38
563,"Left 4 Dead 2 Authoring Tools",0,21196408155,14872361322,30
564,"Left 4 Dead 2 Add-on Support",1,14964348664,10615355296,30
570,"Dota 2",3,69285892505,35542671883,49
620,"Portal 2",3,13155129120,8116998984,39
630,"Alien Swarm",3,2147737739,1354236522,37
730,"Counter-Strike 2",2,50709964442,42147575914,17
1002,"Rag Doll Kung Fu",3,350707461,326247797,7
1007,"Steamworks SDK Redist",3,64647928,24276992,63
1200,"Red Orchestra: Ostfront 41-45",3,16441578083,6901692952,59
1250,"Killing Floor",3,6918315128,3560645461,49
1300,"SiN Episodes: Emergence",3,2746414478,1772160514,36
1309,"SiN Multiplayer",3,966456260,560538887,43
1313,"SiN Gold",3,966456260,560538887,43
1500,"Darwinia",3,71647891,49586087,31
1510,"Uplink",2,20859561,11152636,47
1520,"DEFCON",3,62693463,61578015,2
1530,"Multiwinia",3,53585498,50339280,7
1600,"Dangerous Waters",3,1226551828,1084570708,12
1610,"Space Empires IV Deluxe",3,326866407,200068721,39
1630,"Disciples II: Rise of the Elves ",3,1373541993,1239342113,10
1640,"Disciples II: Gallean's Return",3,1208772825,1096263768,10
1670,"Iron Warriors: T-72 Tank Command ",3,1668061798,800241449,53
1690,"Space Empires V",3,791556630,391609878,51
1700,"Arx Fatalis",2,950165743,787340441,18
1840,"Source Filmmaker",3,20472583207,10118577603,51
1900,"Earth 2160",3,2262497854,1835422609,19
1930,"Two Worlds Epic Edition",3,4371269189,3931987396,11
2100,"Dark Messiah of Might & Magic",3,6926911468,4432132957,37
2130,"Dark Messiah of Might & Magic Multi-Player",3,3062319112,1798336305,42
2200,"Quake III Arena",1,868205347,848336611,3
2210,"Quake 4",2,3108604750,2962937216,5
2270,"Wolfenstein 3D",3,13238214,6912238,48
2280,"DOOM + DOOM II",3,1127960130,905720873,20
2290,"Final DOOM",3,41114051,17728091,57
2300,"DOOM II",1,520634979,368410360,30
2310,"Quake",3,1603673786,746113734,54
2320,"Quake II",2,4481344476,3507579491,22
2360,"Hexen: Beyond Heretic",3,26499052,12445234,54
2370,"Hexen: Deathkings of the Dark Citadel",3,30952407,13778444,56
2390,"Heretic: Shadow of the Serpent Riders",3,19875759,8929513,56
2400,"The Ship: Murder Party",3,1687152485,809979346,52
2403,"The Ship Dedicated Server",3,1493095624,812930450,46
2420,"The Ship: Single Player",3,1830546487,900492026,51
2430,"The Ship Tutorial",3,1716877598,834284282,52
2450,"Bloody Good Time",3,1442148878,838561870,42
2500,"Shadowgrounds",3,835678586,825795092,2
2520,"Gumboy - Crazy Adventures™",3,67621837,49951161,27
2525,"Gumboy Crazy Features",3,23852976,16679095,31
2540,"RIP - Trilogy™",3,17192902,15328703,11
2545,"RIP 2: Strike Back",3,26848486,23319537,14
2550,"RIP 3: The Last Hero",3,37396443,35341220,6
2570,"Vigil: Blood Bitterness",3,226515743,172103658,25
2590,"Alpha Prime",3,1029077701,1017782917,2
2600,"Vampire: The Masquerade - Bloodlines",3,3699417051,2525733864,32
2620,"Call of Duty® (2003)",3,1933965264,1897327468,2
2630,"Call of Duty® 2",3,3697552613,3677615951,1
2700,"RollerCoaster Tycoon® 3: Platinum",3,1389859631,663690930,53
2710,"Act of War: Direct Action",3,6654856812,3296425082,51
2720,"ThreadSpace: Hyperbol",3,622957438,604835691,3
2780,"Arma: Combat Operations",3,5163105432,2972381081,43
2790,"Atari: 80 Classic Games in One!",3,621194472,508275654,19
2800,"X2: The Threat",3,1190907290,697016571,42
2810,"X3: Reunion",3,4429864570,3287866062,26
2820,"X3: Terran Conflict",3,9319436970,7829299428,16
2840,"X: Beyond the Frontier",3,393356502,352867838,11
2850,"X: Tension",3,413273658,351069700,16
2870,"X Rebirth",3,7152937728,6438609186,10
2900,"688(I) Hunter/Killer",3,559662166,481575406,14
2910,"Fleet Command",3,429670559,374126799,13
2920,"Sub Command",3,864121700,746736990,14
2930,"Birth Of America",3,680300575,256471991,63
2990,"FlatOut 2",3,3318448311,2725957398,18
3010,"Xpand Rally",3,821557546,443740875,46
3020,"Call of Juarez",3,2531420581,2468630470,3
3050,"Xpand Rally Xtreme",3,1441668113,853290657,41
3130,"Men of War: Red Tide",3,2106060985,2072058334,2
3150,"GM Rally",3,1620816755,680640759,59
3160,"A Farewell to Dragons",3,3695789755,2952383951,21
3170,"King's Bounty: Armored Princess",3,5210225508,2758576155,48
3220,"SpaceForce: Rogue Universe",3,3114288170,1899841689,39
3230,"Genesis Rising",3,2762693759,1599025473,43
3260,"Safecracker: The Ultimate Puzzle Adventure",3,386525054,344135287,11
3270,"Painkiller Overdose",3,2667407535,2619132352,2
3300,"Bejeweled 2 Deluxe",3,15198369,11360520,26
3310,"Chuzzle Deluxe",1,9617227,8489064,12
3320,"Insaniquarium Deluxe",3,19185860,13475540,30
3330,"Zuma Deluxe",3,10729604,7695124,29
3350,"Bejeweled Deluxe",3,6272923,3975782,37
3360,"Big Money! Deluxe",2,5156168,3981845,23
3380,"Dynomite Deluxe",2,5792669,4319211,26
3390,"Feeding Frenzy 2 Deluxe",3,21083383,17350807,18
3410,"Heavy Weapon Deluxe",2,23555287,21399089,10
3430,"Pizza Frenzy Deluxe",3,9344434,6338784,33
3480,"Peggle Deluxe",3,19441886,15414268,21
3483,"Peggle Extreme",3,23356380,16807389,29
3500,"Mystery P.I.™ - The Lottery Ticket",3,43849372,38723028,12
3520,"Mystery P.I.™ - The Vegas Heist",3,41978842,36773312,13
3540,"Peggle™ Nights",3,31418980,26444658,16
3560,"Bejeweled Twist",3,50911074,43408753,15
3570,"Mystery P.I.™ - The New York Fortune",3,38728925,34425036,12
3590,"Plants vs. Zombies GOTY Edition",0,51584086,40373506,22
3610,"Mystery P.I. - Lost in Los Angeles",3,49476858,43199364,13
3620,"Zuma's Revenge!",3,128354643,106456075,18
3700,"Sniper Elite",3,3285204413,2773904668,16
3710,"Judge Dredd: Dredd vs. Death",3,1505434652,889765580,41
3720,"Evil Genius",0,1421439083,1297425475,9
3730,"Aliens versus Predator Classic 2000",3,398443088,342763228,14
3800,"Advent Rising",3,5778446062,5018628752,14
3830,"Psychonauts",3,5225461044,4194067490,20
3900,"Sid Meier's Civilization® IV",3,2075265861,1760850655,16
3910,"Sid Meier's Civilization® III Complete",3,1881415682,1414533946,25
3920,"Sid Meier's Pirates!",3,1295489981,812430273,38
3960,"Shattered Union",3,1572488602,992084097,37
3970,"Prey",2,1739093904,1727359565,1
3990,"Civilization IV®: Warlords",3,2598723368,2112351044,19
4000,"Garry's Mod",3,12929120827,6377407368,51
4020,"Garry's Mod Dedicated Server",3,9942729982,5555603240,45
4230,"RACE - The WTCC Game",3,1384560747,1350704798,3
4290,"RACE: Caterham Expansion",3,246843515,245551904,1
4300,"RoboBlitz",3,348131909,166579923,53
4500,"S.T.A.L.K.E.R.: Shadow of Chernobyl",2,6015087354,4002417293,34
4520,"Full Spectrum Warrior",3,2287236806,1626199795,29
4530,"Full Spectrum Warrior: Ten Hammers",3,2742336567,2392279562,13
4540,"Titan Quest",3,3057656323,3018978663,2
4550,"Titan Quest: Immortal Throne",3,3926220793,3889454542,1
4560,"Company of Heroes - Legacy Edition",3,9665045969,8353904986,14
4570,"Warhammer 40,000: Dawn of War - Anniversary Edition (Classic)",3,2796989328,2175200229,23
4580,"Warhammer 40,000: Dawn of War - Dark Crusade",3,4523710744,3671429824,19
4600,"Full Pipe",3,620435724,324402776,48
4700,"Total War: MEDIEVAL II – Definitive Edition",1,15939834538,14066967290,12
4720,"Condemned: Criminal Origins",3,7250533630,4409202631,40
4760,"Rome: Total War",3,4182413652,2568229408,39
4770,"Rome: Total War™ - Alexander",3,3015812593,1993466172,34
4800,"Heroes of Annihilated Empires",3,2017414664,1526277007,25
4850,"Cossacks: Back to War",2,459299533,336563374,27
4870,"Cossacks: Art of War",3,368795962,242191546,35
4880,"Cossacks: European Wars",3,333170304,220898824,34
4890,"Cossacks II: Battle for Europe",3,1930668544,1377976446,29
4900,"Zen of Sudoku",3,13811957,12237422,12
4920,"Natural Selection 2",3,17073563073,7363018967,57
6000,"STAR WARS™ Republic Commando™",3,2192646127,1359717370,38
6010,"Indiana Jones® and the Fate of Atlantis™",3,161255109,80234348,51
6020,"STAR WARS™ Jedi Knight - Jedi Academy™",0,1332353423,1328882950,1
6030,"STAR WARS™ Jedi Knight II - Jedi Outcast™",2,734021756,727721206,1
6040,"The Dig®",3,663152990,517831658,22
6060,"STAR WARS™ Battlefront II (Classic, 2005)",3,9475566865,7566710754,21
6080,"Thrillville®: Off the Rails™",2,3801459424,2183183082,43
6090,"Armed and Dangerous",3,4579646782,3381925576,27
6100,"Eets",3,52387701,22447570,58
6200,"Ghost Master®",3,1927301346,1767543984,9
6210,"Vegas: Make It Big™",3,414552353,190126536,55
6220,"FlatOut",3,1324314622,1218563890,8
6250,"Making History: The Calm & the Storm",3,1246311879,282237076,78
6270,"Ducati World Championship",3,3013891612,2359316009,22
6290,"Alien Shooter: Vengeance",3,1996753353,1171338155,42
6300,"Dreamfall: The Longest Journey",3,6360849693,3549447339,45
6310,"The Longest Journey",3,1287578047,1191812141,8
6370,"Bloodline Champions",3,1082547413,471683728,57
6400,"Joint Task Force",0,4092787132,4018047229,2
6420,"Nexus - The Jupiter Incident",3,1828127166,1322720454,28
6510,"Lost Planet™: Extreme Condition",3,8427716624,8363105847,1
6600,"Bullet Candy",3,14023812,10358788,27
6800,"Commandos: Behind Enemy Lines",3,977831780,793142835,19
6810,"Commandos: Beyond the Call of Duty",3,691330690,561344808,19
6830,"Commandos 2: Men of Courage",3,4016006113,2861185878,29
6840,"Commandos 3: Destination Berlin",3,3935831257,3205250400,19
6850,"Hitman 2: Silent Assassin",3,517729412,494083297,5
6860,"Hitman: Blood Money",3,4469728899,4157282055,7
6870,"Battlestations: Midway",3,5848856543,5616633918,4
6880,"Just Cause",3,7968938745,5559313220,31
6900,"Hitman: Codename 47",3,334578244,257143646,24
6910,"Deus Ex: Game of the Year Edition",1,754793921,467088016,39
6920,"Deus Ex: Invisible War",3,2017353765,1299185550,36
6930,"Just Cause Demo",3,841698995,550896446,35
6980,"Thief: Deadly Shadows",3,2319031612,1827238001,22
7000,"Tomb Raider: Legend",3,7733805720,4996213466,36
7010,"Project: Snowblind",3,3219002895,2775070261,14
7110,"Jade Empire™: Special Edition",3,7314018325,6460284847,12
7200,"Trackmania United Forever",2,1816564929,1322080288,28
7210,"Runaway, A Road Adventure",3,2558071344,1724688290,33
7220,"Runaway, The Dream of The Turtle",1,6566137918,4678813437,29
7500,"UFO: Afterlight - Old Version",3,2769708234,2446207198,12
7510,"X-Blades",2,2496638856,2427019061,3
7520,"Two Worlds II HD",3,5384125133,5232347788,3
7530,"Two Worlds II Castle Defense",3,310794447,252418525,19
7600,"Sid Meier's Railroads!",3,1617213128,863242823,47
7610,"Railroad Tycoon 3",3,1644071812,908175740,45
7620,"Railroad Tycoon II Platinum",3,668898488,472874818,30
7650,"X-COM: Terror From the Deep",3,74849687,44120234,42
7660,"X-COM: Apocalypse",3,547287797,378394595,31
7670,"BioShock™",2,5980193397,4274798916,29
7730,"X-COM: Interceptor",3,456612038,335902579,27
7760,"X-COM: UFO Defense",3,17337902,7829718,55
7770,"X-COM: Enforcer",3,427413600,275959911,36
7800,"Stubbs the Zombie in Rebel Without a Pulse",3,4198255648,2524679435,40
7830,"Men of War™",3,3343745094,3290890058,2
7840,"Death Track®: Resurrection",3,2717347296,2672584634,2
7850,"Cryostasis",3,5022767274,2915873789,42
7860,"NecroVision",2,7990868174,5671546367,30
7870,"1701 A.D.: Gold Edition",3,3226279707,3134924143,3
7940,"Call of Duty® 4: Modern Warfare® (2007)",0,7013464275,6999338103,1
8000,"Tomb Raider: Anniversary",3,4316193495,3000244482,31
8080,"Kane and Lynch: Dead Men™",3,8258892372,7696477194,7
8100,"Conflict: Denied Ops",3,6610685052,4277221948,36
8140,"Tomb Raider: Underworld",1,7915459315,7391939985,7
8170,"Battlestations Pacific",3,7029571731,6835996479,3
8190,"Just Cause 2",3,5165750899,4203254364,19
8200,"Sam & Max 101: Culture Shock",3,336797799,192426718,43
8210,"Sam & Max 102: Situation: Comedy",3,358153830,194179002,46
8220,"Sam & Max 103: The Mole, the Mob and the Meatball",3,336447065,187947205,45
8230,"Sam & Max 104: Abe Lincoln Must Die!",3,380273036,209061448,46
8240,"Sam & Max 105: Reality 2.0",3,322477239,188575453,42
8250,"Sam & Max 106: Bright Side of the Moon",3,359996062,203742888,44
8260,"Sam & Max 201: Ice Station Santa",3,327453736,125547407,62
8270,"Sam & Max 202: Moai Better Blues",3,277838052,111070505,61
8280,"Sam & Max 203: Night of the Raving Dead",3,351447637,137509706,61
8290,"Sam & Max 204: Chariots of the Dogs",3,320831439,119895973,63
8300,"Sam & Max 205: What's New Beelzebub?",3,521734593,203283195,62
8330,"Telltale Texas Hold ‘Em",3,42684120,26798004,38
8340,"Strong Bad Episode 1: Homestar Ruiner",3,156097735,149657753,5
8350,"Strong Bad Episode 2: Strong Badia the Free",3,197647821,189855897,4
8360,"Strong Bad Episode 3: Baddest of the Bands",3,308676048,189757593,39
8370,"Strong Bad Episode 4: Dangeresque 3",3,312198035,195922073,38
8380,"Strong Bad Episode 5: 8-Bit Is Enough",3,185356267,177563801,5
8400,"Geometry Wars: Retro Evolved",3,66019943,59580416,10
8500,"EVE Online",3,330406575,168679970,49
8600,"RACE 07",3,1978663806,1944186304,2
8790,"GTR 2 FIA GT Racing Game",3,11985616335,9556035561,21
8800,"Civilization IV: Beyond the Sword",3,4282835098,3037861195,30
8850,"BioShock® 2",3,13493590391,9592808206,29
8870,"BioShock Infinite",3,37981929014,34296241731,10
8880,"Freedom Force",3,698099388,645650932,8
8890,"Freedom Force vs. the Third Reich",3,863037510,827089162,5
8930,"Sid Meier's Civilization® V",2,8244650663,6184925811,25
8970,"Axel & Pixel",3,628962064,529881621,16
8980,"Borderlands GOTY",3,13152759026,11505247780,13
9000,"Wolfenstein 3D: Spear of Destiny",3,14096428,6899404,52
9010,"Return to Castle Wolfenstein",3,810527093,726197328,11
9050,"DOOM 3",2,1594747051,1576595625,2
9060,"HeXen II",3,105959085,47955781,55
9160,"Master Levels for DOOM II",3,24009660,10391489,57
9180,"Commander Keen",3,26458434,14505589,46
9200,"RAGE",2,23818192761,20730398515,13
9350,"Supreme Commander",3,7784266834,5303456670,32
9400,"Juiced 2: Hot Import Nights",3,5809739870,3817627963,35
9420,"Supreme Commander: Forged Alliance",3,8457262269,5194835252,39
9450,"Warhammer 40,000: Dawn of War - Soulstorm",1,5538190772,4697436259,16
9460,"Frontlines™: Fuel of War™",3,14309890663,11739415525,18
9480,"Saints Row 2",3,12808144723,7193222980,44
9500,"Gish",3,175475177,78014630,56
9710,"Desperados 2: Cooper's Revenge",3,3611796137,2265068289,38
9730,"Tycoon City: New York",3,1782471815,1039735151,42
9740,"Indigo Prophecy",3,2537539563,1468367842,43
9760,"Act of War: High Treason",3,8002213044,3389568085,58
9800,"Death to Spies",3,2567944583,1423035807,45
9880,"Champions Online",3,8567710959,7547266082,12
9900,"Star Trek Online",1,18995808320,17777794156,7
9930,"Test Drive Unlimited 2",3,17734967448,10013157625,44
9940,"Blade Kitten",2,1368487116,1243756124,10
9990,"Ghostbusters: Sanctum of Slime",3,335857059,328485944,3
10090,"Call of Duty: World at War",3,8729223644,7076500783,19
10110,"Space Quest™ Collection",3,1727975489,1283443372,26
10130,"TimeShift™",3,3503835047,3030468786,14
10150,"Prototype™",2,8453850134,8032409907,5
10180,"Call of Duty®: Modern Warfare® 2 (2009)",2,12204090175,12179602674,1
10220,"Postal III",2,14045246504,12469819046,12
10230,"Dead Mountaineer's Hotel",3,2253220389,1799069362,21
10240,"A Stroke of Fate: Operation Valkyrie",3,1438699594,1416433224,2
10250,"PT Boats: Knights of the Sea",3,2094570894,1375903656,35
10260,"PT Boats: South Gambit",3,2673139346,1537755307,43
10270,"Disciples III: Reincarnation",3,10521615007,7126526471,33
10430,"Universe at War: Earth Assault",3,5214310709,3948013018,25
10460,"The Club™",1,6586854236,6370721377,4
10500,"Total War: EMPIRE – Definitive Edition",3,17309417770,10862264526,38
10530,"Space Siege",3,2161916873,2087983339,4
10680,"Aliens vs. Predator™",2,16161368840,15677835803,3
11020,"TrackMania Nations Forever",3,786494034,533513281,33
11040,"Sherlock Holmes - Nemesis",3,1926875869,1266938249,35
11050,"Dracula: Origin",3,2287640447,2081630119,10
11130,"Sherlock Holmes: The Mystery of the Mummy",3,650342443,528178257,19
11140,"Sherlock Holmes: The Awakened (2008)",3,2223840593,1533832877,32
11150,"Sherlock Holmes: The Silver Earring",3,1600988936,1410756337,12
11170,"Blood Bowl: Dark Elves Edition",3,3452918334,1810679176,48
11180,"Sherlock Holmes: The Mystery of the Persian Carpet",3,197968450,189867933,5
11190,"Sherlock Holmes versus Jack the Ripper",2,2036093294,1586739970,23
11200,"Shadowgrounds Survivor",3,1166939884,1090509753,7
11230,"Gumboy Tournament",3,142860926,98459648,32
11240,"Space Trader: Merchant Marine",3,424096190,420660766,1
11250,"Pacific Storm",3,1852491402,700750798,63
11260,"Pacific Storm Allies",3,1833937532,1541599314,16
11280,"Penguins Arena: Sedna's World",3,43146554,25770887,41
11330,"Obulis",3,51034516,49917952,3
11340,"Larva Mortus",3,56812720,55338361,3
11360,"Chains",3,128366517,122838957,5
11370,"Nikopol: Secrets of the Immortals",3,2803070517,1695981788,40
11390,"Crash Time 2",3,2485344185,1815293614,27
11420,"Clive Barker's Jericho",3,4234592046,4125062696,3
11440,"DiRT",3,11193730881,6070312742,46
11450,"Overlord™",2,3473867342,2673943251,24
11480,"Soldiers: Heroes of World War II",3,1491639787,1477447569,1
11520,"Brian Lara International Cricket 2007",3,4247666614,3131384216,27
11550,"Second Sight",3,954581693,588515751,39
11560,"Maelstrom",3,4820830865,3687328723,24
11590,"Hospital Tycoon",3,654846711,269118761,59
12100,"Grand Theft Auto III",3,1296204672,708403764,46
12110,"Grand Theft Auto: Vice City",0,1579759548,1394794689,12
12120,"Grand Theft Auto: San Andreas",3,5110469671,4079573761,21
12130,"Manhunt",2,2061466585,1719509174,17
12140,"Max Payne",2,831157520,682050847,18
12150,"Max Payne 2: The Fall of Max Payne",2,1668252304,1371841763,18
12160,"Midnight Club II",3,1607290690,1422612146,12
12170,"Grand Theft Auto",3,383379090,342780347,11
12180,"Grand Theft Auto 2",3,403189999,333432797,18
12200,"Bully: Scholarship Edition",3,5659813022,3760900697,34
12210,"Grand Theft Auto IV: The Complete Edition",1,24410353305,22164201400,10
12310,"Culpa Innata",3,3666618940,2189975838,41
12320,"Sacred Gold",3,2844757257,2082999280,27
12330,"Darkstar One",3,4762441606,4566366652,5
12340,"Jack Keane",3,1685984568,965897830,43
12360,"FlatOut: Ultimate Carnage Collector's Edition",3,5083592758,4155919200,19
12364,"Big Mutha Truckers",2,1013597129,640944968,37
12370,"Jagged Alliance 2: Gold Pack",3,907423013,650423111,29
12380,"Jagged Alliance 2 Gold: Unfinished Business",3,664527068,476063406,29
12390,"Exodus from the Earth",3,5505666463,2806746436,50
12420,"Perimeter 2: New Earth",3,2569847310,2207671638,15
12430,"SlamIt Pinball Big Score",3,151189768,83702187,45
12440,"Ankh 2: Heart of Osiris ",3,896192429,501349500,45
12450,"Ankh 3: Battle of the Gods",3,1054058735,707830923,33
12460,"BC Kings",3,937662982,455082214,52
12470,"Port Royale 2",3,745262632,504666545,33
12480,"9th Company: Roots Of Terror",3,1550292727,1484461415,5
12500,"PuzzleQuest: Challenge of the Warlords",3,104497416,83843599,20
12510,"Prison Tycoon 3™: Lockdown",3,752641746,432471990,43
12520,"18 Wheels of Steel: American Long Haul",3,414503455,192106650,54
12530,"Hunting Unlimited™ 2008",3,712484421,382633627,47
12540,"Mahjongg Investigations: Under Suspicion",3,21312437,20627456,4
12550,"Are You Smarter than a 5th Grader?",3,86604831,75796749,13
12560,"Ride! Carnival Tycoon",3,285042621,154916207,46
12570,"Hot Dish",3,37694813,34404166,9
12580,"Dr. Daisy Pet Vet",3,32208111,28965876,11
12590,"Sprint Cars Road to Knoxville",3,453518961,177667627,61
12600,"Midnight Outlaw: 6 Hours to SunUp",3,2263563681,1101359722,52
12670,"Mission Runway",3,1235741552,604458075,52
12690,"Hunting Unlimited 2010",3,840227148,463703552,45
12750,"GRID",1,10829687825,7534753704,31
12770,"Rise of the Argonauts",1,11204104391,9544796316,15
12800,"FUEL",3,4309328722,3856556092,11
12810,"Overlord II",3,4187527136,2908958699,31
12830,"Operation Flashpoint: Dragon Rising",3,5549815922,4597155845,18
12840,"DiRT 2",3,11481382586,7274867061,37
12900,"AudioSurf",3,446507606,384989617,14
13000,"Ninja Reflex: Steamworks Edition",3,266630372,245492538,8
13200,"Unreal II: The Awakening",3,2249016869,1322462591,42
13210,"Unreal Tournament 3: Black Edition",3,9889885373,8494209022,15
13230,"Unreal Tournament 2004",3,7733930279,3507214578,55
13240,"Unreal Tournament: Game of the Year Edition",1,701101404,483844593,31
13250,"Unreal Gold",1,648568229,394196328,40
13500,"Prince of Persia: Warrior Within™",3,3475462992,3195671287,9
13510,"Tom Clancy's Ghost Recon: Advanced Warfighter 2",3,4513639649,3010770040,34
13520,"Far Cry®",2,4565199509,3644755607,21
13530,"Prince of Persia: The Two Thrones™",3,1540966894,1337710022,14
13540,"Tom Clancy's Rainbow Six® Vegas",3,6709738175,4861408564,28
13560,"Tom Clancy's Splinter Cell®",2,1973591142,1632111638,18
13570,"Tom Clancy's Splinter Cell Chaos Theory®",3,3939331095,3015709516,24
13580,"Tom Clancy's Splinter Cell Double Agent®",2,10064039229,7467274116,26
13600,"Prince of Persia®: The Sands of Time",2,1345681911,1211271378,10
13620,"Tom Clancy's Ghost Recon® Desert Siege™",3,2021841120,965721674,53
13640,"Tom Clancy's Ghost Recon: Advanced Warfighter",3,4784132214,2626094162,46
15000,"Tom Clancy's Rainbow Six Lockdown™",3,6612114879,3836974609,42
15080,"Rayman Raving Rabbids™",3,1464543932,1341975919,9
15100,"Assassin's Creed™: Director's Cut Edition",3,7225964420,6310239635,13
15120,"Tom Clancy's Rainbow Six® Vegas 2",3,7229051478,5130573967,30
15130,"Beyond Good & Evil",2,2776572717,2309857236,17
15170,"Heroes of Might & Magic V",3,2538541238,2433115809,5
15190,"Brothers in Arms: Road to Hill 30™",2,2986382207,2121715640,29
15200,"Silent Hunter®: Wolves of the Pacific",3,5956694745,4361888553,27
15210,"Silent Hunter® III",3,2611799075,1726902957,34
15240,"Silent Hunter®: Wolves of the Pacific U-Boat Missions",3,5947680494,4356628898,27
15270,"Cold Fear",3,1698016490,1585426067,7
15320,"IL-2 Sturmovik: 1946",0,8425821694,7307035131,14
15370,"Heroes of Might & Magic V: Tribes of the East",3,2245866237,2162618434,4
15390,"Brothers in Arms: Hell's Highway™",3,6922663904,5737625911,18
15400,"Harvest: Massive Encounter",3,113235552,61419863,46
15500,"The Wonderful End of the World",3,228843010,161983014,30
15520,"AaAaAA!!! - A Reckless Disregard for Gravity",3,283416015,245892470,14
15540,"1... 2... 3... KICK IT! (Drop That Beat Like an Ugly Baby)",3,590714581,338972367,43
15560,"AaaaaAAaaaAAAaaAAAAaAAAAA!!! for the Awesome",3,379024423,184407952,52
15620,"Warhammer 40,000: Dawn of War II - Anniversary Edition (Classic)",2,6473094342,6335956518,3
15700,"Oddworld: Abe's Oddysee®",3,651000257,396410881,40
15710,"Oddworld: Abe's Exoddus®",3,664894757,628563968,6
15740,"Oddworld: Munch's Oddysee",3,8058533250,5627164114,31
15750,"Oddworld: Stranger's Wrath HD",3,3723567486,3196144529,15
15950,"Reaxxion",3,29662254,23267833,22
16120,"Plant Tycoon",0,30810993,30260543,2
16300,"Everyday Shooter",3,35594735,33853430,5
16450,"F.E.A.R. 2: Project Origin",1,14523758882,14448706414,1
16600,"Trials 2: Second Edition",2,142408489,135660921,5
16620,"Monster Trucks Nitro ",3,191556440,75383611,61
16700,"Stronghold Crusader Extreme HD",3,884417021,697870972,22
16710,"Insecticide Part 1",3,502959865,275881686,46
16720,"Velvet Assassin",3,4668854098,4154227630,12
16730,"Legendary",3,8459360170,8189750210,4
16810,"Sid Meier's Civilization IV: Colonization",3,864716956,648661045,25
16900,"GROUND BRANCH",0,35746666738,25427888249,29
17020,"Global Agenda",3,11532528008,6880081661,41
17080,"Tribes: Ascend",0,5736831424,5311081070,8
17100,"Children of the Nile: Enhanced Edition",3,858832627,629623904,27
17120,"Children of the Nile: Alexandria",3,894947720,655970829,27
17140,"Hinterland",3,365944652,256663394,30
17180,"Mosby's Confederacy",3,250932072,153399903,39
17300,"Crysis",2,7108282784,6404793439,10
17330,"Crysis Warhead®",3,6162890148,5630894012,9
17340,"Crysis Wars",3,6136471127,5326683312,14
17390,"SPORE™",2,4170540583,3756885952,10
17410,"Mirror's Edge™",3,7762729200,6225678070,20
17430,"Need for Speed: Undercover",3,6299541225,4492808990,29
17450,"Dragon Age: Origins",3,20103850039,10717701020,47
17460,"Mass Effect (2007)",3,10669843874,8439433340,21
17470,"Dead Space (2008)",3,8479645144,7256678664,15
17480,"Command & Conquer™ Red Alert™ 3",3,9245914244,7186294093,23
17500,"Zombie Panic! Source",2,7994559797,4881909771,39
17510,"Age of Chivalry",3,6544239852,3650037287,45
17520,"Synergy",3,893397856,389145007,57
17570,"Pirates Vikings & Knights II",3,12080791886,6508386640,47
17580,"Dystopia",3,4626553894,2396071501,49
17700,"Insurgency: Modern Infantry Combat",3,4484392572,2603214148,42
17710,"Nuclear Dawn",3,4744725083,2481495182,48
17740,"Empires Mod",3,9823334441,4758010217,52
17750,"Obsidian Conflict",3,8936382822,4481441666,50
18000,"Precipice of Darkness, Episode One",3,266799798,248762340,7
18020,"Precipice of Darkness, Episode Two",3,352576364,333013438,6
18040,"DeathSpank",3,1170165859,1128750263,4
18050,"DeathSpank: Thongs of Virtue",3,1477789539,1444303224,3
18070,"The Baconing",3,1144929573,1091492736,5
18120,"Unstoppable Gorg",3,1015813709,837495704,18
18300,"Spectraball",3,648200328,376716802,42
18470,"Helldorado",3,2889501536,1854566216,36
18480,"Mata Hari",3,1453472062,1031895249,30
18500,"Defense Grid: The Awakening",1,1037142434,545099035,48
18700,"And Yet It Moves",3,67435063,55377038,18
19000,"Silent Hill Homecoming",3,9016246686,5319279340,42
19020,"Puzzle Chronicles",3,511621248,493435377,4
19030,"Rocket Knight",3,776695760,735542276,6
19080,"Biozone",3,29900977,28713517,4
19090,"Yard Sale Hidden Treasures Sunnyville",3,69915305,67817472,4
19200,"Tank Universal",3,486849138,204278424,59
19500,"Eternity's Child",3,47014321,43179470,9
19680,"Alice: Madness Returns",3,9107119429,7771962947,15
19800,"Brothers in Arms: Earned in Blood™",3,3457800678,2066311640,41
19830,"Tom Clancy's Rainbow Six® 3 Gold",0,2095886566,1518209202,28
19900,"Far Cry® 2",3,3789958599,3124344083,18
19980,"Prince of Persia®",2,8475633326,7873550864,8
20500,"Red Faction Guerrilla Steam Edition",2,9064251250,8202587554,10
20510,"S.T.A.L.K.E.R.: Clear Sky",3,6021500321,3185718933,48
20530,"Red Faction",2,2201321086,1793482374,19
20540,"Company of Heroes: Tales of Valor",2,9763765797,8643925778,12
20550,"Red Faction II",3,1413811497,854623953,40
20700,"Starscape",3,21106901,13851390,35
20710,"Mr. Robot",3,49513641,28131590,44
20820,"Shatter",3,200327183,182267870,10
20900,"The Witcher: Enhanced Edition Director's Cut",3,16699129907,11693095586,30
20920,"The Witcher 2: Assassins of Kings Enhanced Edition",3,20621229378,18260918581,12
21000,"LEGO® Batman™: The Videogame",3,4499375018,4233160105,6
21010,"Watchmen: The End is Nigh",3,1704664869,1665788838,3
21030,"Watchmen: The End is Nigh Part 2",1,1113832161,1093642187,2
21090,"F.E.A.R.",3,15898773051,8909034696,44
21100,"F.E.A.R. 3",3,4470206985,3918055908,13
21130,"LEGO® Harry Potter: Years 1-4",3,6333203278,6260456409,2
21300,"Gravitron 2",3,20498062,14733165,29
21400,"Project Aftermath",3,423174643,244284431,43
21500,"Pyroblazer®",3,1546515459,1287188224,17
21600,"Age of Booty",3,230169971,152477967,34
21670,"Bionic Commando",3,8447226234,7591188932,11
21680,"Bionic Commando: Rearmed",3,397019189,261336750,35
21690,"Resident Evil 5",2,9076718293,8808052819,3
21760,"World in Conflict",3,6372937419,5672664331,11
21780,"Driver® Parallel Lines",3,5041524999,3441640026,32
21800,"Tom Clancy's EndWar™",3,7819309988,3940118709,50
21970,"R.U.S.E.™",3,6047525625,5702070927,6
21980,"Call of Juarez: Bound in Blood",3,3226600305,3106215022,4
22000,"World of Goo",2,203377752,197697286,3
22100,"Mount & Blade",0,636499863,527670985,18
22120,"Penumbra: Black Plague Gold Edition",3,1411568982,772460402,46
22130,"Hearts of Iron 2 Complete",3,1784902824,908445981,50
22180,"Penumbra Overture",3,827681045,365286774,56
22200,"Zeno Clash",3,3577869174,2253762734,38
22230,"Rock of Ages",3,1162549393,982914579,16
22300,"Fallout 3",0,6192314920,5936605418,5
22310,"Rogue Warrior",3,4299401832,3787742796,12
22320,"The Elder Scrolls III: Morrowind® Game of the Year Edition",1,1163182481,895657590,23
22330,"The Elder Scrolls IV: Oblivion® Game of the Year Edition (2009)",1,6002937188,5761455487,5
22340,"Call of Cthulhu®: Dark Corners of the Earth",3,1868988461,1188982129,37
22350,"BRINK",3,5731124783,5487887571,5
22370,"Fallout 3: Game of the Year Edition",3,9359433411,7615944471,19
22380,"Fallout: New Vegas",2,12239062236,9902472113,20
22450,"Hunted: The Demon’s Forge™",3,11438656222,10004180185,13
22490,"Fallout: New Vegas",0,8615995224,7847239638,9
22500,"Spectromancer",3,58170099,35798428,39
22600,"Worms Reloaded",3,3573131840,629668828,83
22610,"Alien Breed: Impact",3,1275583599,972118744,24
22650,"Alien Breed 2: Assault",3,1177650707,942132733,20
22670,"Alien Breed 3: Descent",3,1384810113,1092948372,22
23100,"Buccaneer: The Pursuit of Infamy",3,284812783,173058773,40
23120,"Droplitz",3,475924766,304017530,37
23130,"Mole Control",3,274757360,181177071,35
23140,"KrissX",3,83658112,23969792,72
23150,"Fluttabyes",3,124672268,43171998,66
23310,"The Last Remnant",3,12793864218,9697941158,25
23420,"Europa Universalis: Rome - Gold Edition",3,1215604110,481444376,61
23450,"Grand Ages: Rome",3,3323775548,3119390195,7
23460,"Ceville",3,1809593746,1217608408,33
23490,"Tropico 3",1,2656722089,2566009006,4
23500,"Puzzle Quest: Galactrix",3,332175100,326037284,2
23530,"Earth Defense Force: Insect Armageddon",3,4836292481,4376078432,10
23600,"Depths of Peril",3,97336395,94627592,3
23700,"Puzzle Kingdoms",3,229463032,217657307,6
24010,"Train Simulator Classic",2,56378474656,25665826556,55
24200,"DC Universe™ Online",3,37237551584,33555839262,10
24240,"PAYDAY™ The Heist",1,5967771014,4453437295,26
24410,"Crusaders: Thy Kingdom Come",3,3565287150,3433264332,4
24420,"Aquaria",3,221846211,211724807,5
24460,"King Arthur: Fallen Champions",3,3705759558,3366639474,10
24480,"King Arthur II: The Role-Playing Wargame",3,17166884498,16851273196,2
24500,"Dreamkiller",3,10873748603,5525112732,50
24740,"Burnout Paradise: The Ultimate Box",3,3477820241,3136948291,10
24780,"SimCity™ 4 Deluxe Edition",3,1241454513,1080466238,13
24790,"Command & Conquer 3 Tiberium Wars™",3,6393670872,5488151776,15
24800,"Command & Conquer: Red Alert 3 - Uprising",3,6998490493,5453604907,23
24810,"Command & Conquer™ 3: Kane’s Wrath",0,4731972411,4219448474,11
24840,"Medal of Honor: Airborne",3,7315663320,6372252684,13
24860,"Battlefield 2",3,4106662074,3945196734,4
24870,"Need for Speed: SHIFT",3,9876798795,6674860436,33
24880,"The Saboteur™",3,6401011517,5813035750,10
24960,"Battlefield: Bad Company™ 2",3,9115185181,8674811925,5
24980,"Mass Effect 2 (2010)",3,12408118809,10393606032,17
25000,"Overgrowth",3,21282057176,7809378052,64
25010,"Lugaru HD",3,36984927,35455702,5
25500,"Cricket Revolution",3,634290822,536826859,16
25600,"Eschalon: Book I",3,126429316,110965206,13
25620,"Eschalon: Book II",3,296032432,294231429,1
25700,"Madballs in Babo:Invasion",3,371418196,328063730,12
25800,"Europa Universalis III Complete",3,1164327072,521204595,56
25850,"Elven Legacy",3,3936474199,2550645787,36
25890,"Hearts of Iron III",3,3571785160,1621942544,55
25900,"King's Bounty: The Legend",2,6003876239,3750642331,38
25910,"Supreme Ruler 2020 Gold",3,890344929,563773581,37
25980,"Majesty 2",3,2291064661,2259958461,2
25990,"Majesty Gold HD",3,677245393,527900551,23
26000,"The Maw",3,242210547,199455497,18
26500,"Cogs",3,142708155,57215162,60
26800,"Braid",2,183672534,147627897,20
26900,"Crayon Physics Deluxe",3,50906229,36649960,29
27000,"The Path",3,671844279,310233521,54
27020,"The Graveyard",3,49520969,24426375,51
27050,"Fatale",3,234715317,162287408,31
27330,"Blacklight: Tango Down",3,2362178773,1988183242,16
27400,"Dangerous High School Girls in Trouble!™",3,25503635,21471824,16
27900,"Twin Sector",3,3663834739,3203350543,13
27920,"Booster Trooper",3,794408822,383706723,52
27940,"Dead Horde",3,672392461,299673094,56
28000,"Kane & Lynch 2: Dog Days",3,7478660884,7251116290,4
28050,"Deus Ex: Human Revolution",3,8927216781,7546864793,16
29120,"Yumsters 2: Around the World",3,48855539,44622501,9
29130,"Musaic Box",3,140653418,82700645,42
29160,"Blueberry Garden",3,96126189,89598781,7
29180,"Osmos",3,33376973,20825307,38
29720,"Guild Wars® Reforged",3,4175753850,4116947356,2
29800,"Caster",3,46990854,44261180,6
29900,"Dark Sector",3,5986994707,5304905288,12
31170,"Tales of Monkey Island: Complete Season",3,282183734,271070751,4
31180,"Tales of Monkey Island: Chapter 2 - The Siege of Spinner Cay ",3,356987636,282559131,21
31190,"Tales of Monkey Island: Chapter 3 - Lair of the Leviathan ",3,390835300,312560143,21
31200,"Tales of Monkey Island: Chapter 4 - The Trial and Execution of Guybrush Threepwood ",3,472235697,358555428,25
31210,"Tales of Monkey Island: Chapter 5 - Rise of the Pirate God",3,375450497,310698049,18
31220,"Sam & Max 301: The Penal Zone",3,582262229,561667770,4
31230,"Sam & Max 302: The Tomb of Sammun-Mak",3,665374133,584541707,13
31240,"Sam & Max 303: They Stole Max's Brain!",3,498735555,476840637,5
31250,"Sam & Max 304: Beyond the Alley of the Dolls",3,519871970,499424405,4
31260,"Sam & Max 305: The City that Dares not Sleep",3,518843594,479461617,8
31270,"Puzzle Agent",3,262933556,256776584,3
31280,"Poker Night at the Inventory",3,381979956,354043949,8
31290,"Back to the Future: Ep 1 - It's About Time",3,522561917,491059909,7
31410,"Zombie Driver",3,999205864,960882343,4
31700,"Iron Grip: Warlord",3,601182734,589077518,3
31830,"Nancy Drew®: Curse of Blackmoor Manor",3,550865188,545908481,1
31850,"Nancy Drew®: Ghost Dogs of Moon Lake",3,540552478,532591996,2
32150,"Everyday Genius: SquareLogic",3,29141602,20184276,31
32160,"Zombie Bowl-o-Rama",3,43376379,39235101,10
32200,"Metal Drift",3,175237649,172900925,2
32310,"Indiana Jones® and the Last Crusade™",3,5799808,4423362,24
32330,"LEGO® Indiana Jones™: The Original Adventures",3,3964356845,3702601643,7
32350,"STAR WARS™ Starfighter™",3,638773269,516354233,20
32360,"The Secret of Monkey Island: Special Edition",3,2529683483,1371355037,46
32370,"STAR WARS™ Knights of the Old Republic™",2,3624080480,2580483084,29
32380,"STAR WARS™ Jedi Knight: Dark Forces II",3,776095053,691104800,11
32390,"STAR WARS™ Jedi Knight - Mysteries of the Sith™",3,424805802,244350179,43
32400,"STAR WARS™: Dark Forces",3,74967771,32864812,57
32420,"STAR WARS™: The Clone Wars - Republic Heroes™",3,5680744903,5000901047,12
32430,"STAR WARS™ - The Force Unleashed™ Ultimate Sith Edition",3,31067874557,17150355351,45
32440,"LEGO® Star Wars™ - The Complete Saga",3,4677734523,4587820193,2
32450,"LEGO® Indiana Jones™ 2: The Adventure Continues",3,4675796450,4553216388,3
32460,"Monkey Island™ 2 Special Edition: LeChuck’s Revenge™",3,1936029427,1479577577,24
32470,"STAR WARS™ Empire at War - Gold Pack",3,3879791160,1956061909,50
32500,"STAR WARS™: The Force Unleashed™ II",3,10430914198,6763451593,36
32510,"LEGO® Star Wars™ III - The Clone Wars™",3,7300243334,7194224525,2
32620,"Delta Force 1",3,398583853,247098635,39
32630,"Delta Force 2",3,648720076,443902335,32
32640,"Delta Force Land Warrior",3,656816099,477055873,28
32650,"Delta Force: Task Force Dagger",3,597925861,384210038,36
32660,"Delta Force: Xtreme",2,983065105,739233937,25
32670,"Delta Force: Black Hawk Down",2,1315548390,850085764,36
32690,"Joint Operations: Typhoon Rising",3,994504479,765947019,23
32700,"Joint Operations: Escalation",3,1569074767,1224333109,22
32710,"Armored Fist 3",3,500014292,345730692,31
32720,"F-16 Multirole Fighter",3,507099117,364899459,29
32730,"F-22 Lightning 3",3,606370165,440814233,28
32740,"MiG-29 Fulcrum",3,519388414,378134364,28
32750,"Comanche 4",3,612029876,474541365,23
32760,"Tachyon: The Fringe",3,616378236,467550726,25
32770,"Joint Operations: Combined Arms Gold",3,1590082587,1239213404,23
32800,"The Lord of the Rings: War in the North",3,7718820942,4932790318,37
33100,"Alien Shooter",3,105272670,56100612,47
33110,"Alien Shooter: Revisited",3,230937786,87083485,63
33120,"Alien Shooter 2: Reloaded",3,591991292,316076762,47
33130,"Zombie Shooter",3,99916498,56211529,44
33180,"Zombie Shooter 2",3,934321679,553092333,41
33220,"Tom Clancy's Splinter Cell Conviction™",3,7942144679,7249499530,9
33230,"Assassin's Creed 2",3,6495461325,5887658621,10
33250,"Anno 1404",2,3686216306,3149364356,15
33320,"Prince of Persia: The Forgotten Sands™",3,7088458786,6307752992,12
33440,"Driver San Francisco",3,11137935529,9016363776,20
33460,"From Dust",3,2108020240,1722233437,19
33500,"Hired Guns: The Jagged Edge",3,4852568833,2284474392,53
33520,"Tropico Reloaded",3,1418870444,962039458,33
33530,"Tropico 2: Pirate Cove",3,1941714932,1363293836,30
33550,"Time of Shadows",3,2851933435,2693322568,6
33570,"Patrician III",3,724766364,620255167,15
33580,"The Great Art Race",3,535445465,425468099,21
33600,"Broken Sword 2 - the Smoking Mirror: Remastered (2010)",1,813764024,801945271,2
33610,"Broken Sword 3 - the Sleeping Dragon (2003)",3,1721759218,1261988677,27
33620,"Crash Time 3",3,2600840609,1782144539,32
33650,"Puzzler World",3,52211113,42823685,18
33660,"Ziro",3,81983994,43554434,47
33670,"Disciples III - Renaissance Steam Special Edition",3,6872094500,4320388798,38
33680,"eversion",3,14335518,12537272,13
33730,"18 Wheels of Steel: Extreme Trucker",3,632849938,295396927,54
33750,"Prison Tycoon 4: SuperMax",3,657275305,451754229,32
33900,"Arma 2",3,8939389751,7837974372,13
33930,"Arma 2: Operation Arrowhead",1,26922984026,23624888970,13
33950,"Fish Fillets 2",3,603268731,583833114,4
33980,"Pound of Ground",3,1511239141,1496835761,1
33990,"Alternativa",3,1937024323,1917322933,2
34010,"Alpha Protocol™",3,11967809445,10669763764,11
34030,"Total War: NAPOLEON – Definitive Edition",3,23341519187,12896456940,45
34190,"Sonic & SEGA All-Stars Racing",3,5251564540,4692076574,11
34270,"SEGA Mega Drive & Genesis Classics",1,1600241998,914960560,43
34330,"Total War: SHOGUN 2",3,22922098930,15243278415,34
34410,"Death to Spies: Moment of Truth",3,3605070072,2312547154,36
34420,"XIII Century – Gold Edition",3,3883896067,1775665980,55
34600,"Order of War™",1,5899871581,3461880876,42
34630,"Massive Assault",3,462281003,237847407,49
34640,"Massive Assault: Phantom Renaissance",3,1394069183,983958624,30
34650,"Massive Assault Network 2",3,1133410036,695402592,39
34670,"Order of War: Challenge",3,3577140391,1644839482,55
34800,"Chronicles of Mystery: The Scorpio Ritual",3,1422165685,1341370605,6
34810,"Project Freedom",3,489155670,458862142,7
34820,"Combat Wings: Battle of Britain",3,411341895,394944823,4
34830,"Sniper: Ghost Warrior",2,7354742906,6764370564,9
34870,"Sniper: Ghost Warrior 2",3,7996579758,7673025123,5
34900,"Bad Rats: the Rats' Revenge",3,290674946,267613829,8
34920,"Razor2: Hidden Skies",3,251040102,231830301,8
35000,"Mini Ninjas",3,6229905310,5617244186,10
35070,"Flora's Fruit Farm",3,62072129,24170496,62
35110,"Just Cause 2 Demo",3,1349715482,1050579359,23
35130,"Lara Croft and the Guardian of Light",0,3192822054,3050262457,5
35140,"Batman: Arkham Asylum Game of the Year Edition",0,8475658200,8203398080,4
35320,"Insane 2",3,1362692401,1331516235,3
35450,"Red Orchestra 2: Heroes of Stalingrad with Rising Storm",3,25275756626,11555555317,55
35460,"The Ball",3,1510639696,1086189790,29
35480,"Dwarfs!?",3,384884567,366098710,5
35500,"Cities XL - Limited Edition",3,4753638161,3887174013,19
35600,"Big Brain Wolf",3,38064745,37105669,3
35700,"Trine Enchanted Edition",3,4291283799,3586608382,17
35720,"Trine 2: Complete Story",3,4805640992,4167417301,14
35800,"BRAINPIPE: A Plunge to Unhumanity",3,42300367,21544019,50
36000,"Foreign Legion: Buckets of Blood",3,312582146,102704974,68
36150,"Westward Collection",2,21842717,20242207,8
36160,"Westward 2",2,44248075,42164486,5
36170,"Westward 3",2,56218631,53173509,6
36310,"Westward IV",3,86171764,79715287,8
37000,"The Void",2,6103578756,4789349330,22
37010,"Ninja Blade",3,4928085305,4055864696,18
37030,"UFO: Extraterrestrials Gold",3,2142789564,2066908877,4
37100,"Aztaka",3,1498515305,793799668,48
37400,"Time Gentlemen, Please! and Ben There, Dan That! Special Edition  Double Pack",3,99656055,44949272,55
37420,"Ben There, Dan That!",3,290496678,118030366,60
37500,"Magnetis ",3,21039926,17545440,17
37600,"Windosill",3,51319592,25250363,51
37700,"Darkest of Days",1,7417845420,6243136761,16
37800,"Quantz",3,81079444,69414351,15
38120,"Farm Frenzy",3,18111785,16849846,7
38130,"Farm Frenzy 2",3,37206213,34476032,8
38140,"Farm Frenzy: Pizza Party",3,51716371,33592682,36
38150,"Farm Frenzy 3",3,95883157,92855220,4
38160,"Farm Frenzy 3: American Pie",3,76215570,72696285,5
38170,"Cradle of Rome",3,38559497,12600864,68
38180,"Cradle of Persia",3,78863668,26427141,67
38190,"Romance of Rome",3,107471603,99388608,8
38210,"Roogoo",3,182305975,175554287,4
38220,"Section 8",3,4774511652,4155444046,13
38230,"Hotel Giant 2",3,2111000143,913095421,57
38240,"Horrid Henry",3,1673662345,352188967,79
38400,"Fallout: A Post Nuclear Role Playing Game",3,590059618,547463969,8
38410,"Fallout 2: A Post Nuclear Role Playing Game",3,591876942,585394619,2
38420,"Fallout Tactics: Brotherhood of Steel",3,1690106874,1629800229,4
38440,"Sacrifice",3,762179499,722979027,6
38600,"Faerie Solitaire",3,98239429,97357941,1
38700,"Toki Tori",3,126739273,104046081,18
38720,"RUSH",3,274809027,253752622,8
38740,"EDGE",3,122331395,89005694,28
39000,"Moonbase Alpha",3,1196249229,967985259,20
39140,"FINAL FANTASY VII",0,1541302558,1328468497,14
39150,"FINAL FANTASY VIII",2,1801793115,1638748195,10
39160,"Dungeon Siege III",3,5082693800,3991234411,22
39190,"Dungeon Siege",0,1101366651,1088760878,2
39200,"Dungeon Siege II",2,1224332468,1211154432,2
39210,"FINAL FANTASY XIV Online",0,80970529519,76315354101,6
39500,"Gothic® 3",3,3353341640,3080058279,9
39510,"Gothic II: Gold Edition",3,3450966775,2624787833,24
39520,"The Guild Gold Edition",3,1130444586,1028401049,10
39530,"Painkiller: Black Edition",3,3704796207,3606612003,3
39540,"SpellForce - Platinum Edition",3,4088895352,2764979164,33
39550,"SpellForce 2 - Anniversary Edition",3,7268724874,5013655386,32
39560,"Painkiller: Resurrection",3,4716055368,3103217199,35
39630,"AquaNox",3,1250303856,763193280,39
39640,"AquaNox 2: Revelation",3,1657368319,1067182869,36
39650,"The Guild II",3,2313876691,1498459202,36
39660,"The Guild II - Pirates of the European Seas",3,3067137657,1945605906,37
39670,"Chaser",3,1591295584,1436167160,10
39680,"The Guild II Renaissance",3,3651138374,2169112205,41
39690,"ArcaniA",3,6861193592,5994408590,13
39800,"Nation Red",3,537052312,311919261,42
39900,"Coniclysm",3,98385814,85462466,14
40100,"Supreme Commander 2",1,4714690542,4629099990,2
40300,"Risen",2,4413755629,3374450926,24
40330,"Secret Files: Tunguska",3,2664641144,2612143992,2
40340,"Secret Files 2: Puritas Cordis",3,2132189631,2090567440,2
40350,"Lost Horizon",3,4092767098,3979620138,3
40380,"nail'd",3,2325303672,2241597026,4
40390,"Risen 2: Dark Waters",1,7067243972,6077217902,15
40400,"AI War: Fleet Command",3,1001576041,956475832,5
40420,"Tidalis",3,485979178,449130454,8
40500,"Sacraboar",3,281830300,263597114,7
40700,"Machinarium",3,312886037,304006485,3
40720,"Samorost 2",3,148991141,129869664,13
40800,"Super Meat Boy",2,519599515,405086375,23
40930,"The Misadventures of P.B. Winterbottom",3,481988409,434350820,10
40950,"Stronghold HD (2012)",3,895798919,754020306,16
40960,"Stronghold 2: Steam Edition",3,1635305962,1405673526,15
40970,"Stronghold Crusader HD (2012)",3,834080234,677624155,19
40980,"Stronghold Legends: Steam Edition",3,1646325382,1381007211,17
40990,"Mafia",2,2822911630,2577404747,9
41000,"Serious Sam HD: The First Encounter",2,1195563731,1187297513,1
41010,"Serious Sam HD: The Second Encounter",0,3267268868,3256604652,1
41050,"Serious Sam Classic: The First Encounter",3,400770568,320797992,20
41060,"Serious Sam Classic: The Second Encounter",3,501642018,472269699,6
41070,"Serious Sam 3: BFE",3,5447891385,5377054483,2
41100,"Hammerfight",3,125864468,26358958,80
41210,"Eufloria",3,124278413,119343710,4
41300,"Altitude",3,310840458,190419402,39
41400,"Doom Rails",3,851352819,783518557,8
41500,"Torchlight",3,559245851,534218609,5
41700,"S.T.A.L.K.E.R.: Call of Pripyat",2,5326773564,3873734177,28
41730,"Ion Assault",3,244873307,179255443,27
41740,"Cargo! The Quest for Gravity",3,1837880539,1165223650,37
41800,"Gratuitous Space Battles",3,682892104,194817450,72
41900,"The Bard's Tale ARPG: Remastered and Resnarkled",3,4051889455,3596644077,12
42000,"Trino",3,43023144,35836644,17
42120,"Lead and Gold: Gangs of the Wild West",3,1575083271,1271512341,20
42140,"Hamilton's Great Adventure",3,777818044,771222784,1
42170,"Krater",1,4280320899,3771691112,12
42300,"Sixense SDK for the Razer Hydra",2,262781047,73878244,72
42500,"DogFighter",3,1040760505,593043721,44
42640,"Blur",3,7976338449,5393479083,33
42650,"Transformers: War for Cybertron",3,8849104999,8137191146,9
42670,"Singularity™",2,7773334634,6981009820,11
42680,"Call of Duty®: Modern Warfare® 3 (2011)",2,15246620259,15220574942,1
42690,"Call of Duty®: Modern Warfare® 3 (2011) - Multiplayer",2,15186855798,15161642203,1
42700,"Call of Duty®: Black Ops",0,9561349912,8927415308,7
42810,"For The Glory: A Europa Universalis Game",3,521084453,275490687,48
42850,"Arsenal of Democracy: A Hearts of Iron Game",3,1373925300,661966894,52
42890,"Sword of the Stars: Complete Collection",3,2830027246,1937355086,32
42910,"Magicka",3,1807771654,1637453243,10
42960,"Victoria II",3,1627306763,710448317,57
42990,"Sword of the Stars II: Enhanced Edition",3,8093454721,2411699418,71
43000,"Front Mission Evolved",3,10614247816,6620144822,38
43100,"World of Zoo",3,1915818134,1641327222,15
43110,"Metro 2033",3,7831109514,7007194086,11
43160,"Metro: Last Light Complete Edition",3,10015571364,9115662816,9
44100,"Super Laser  Racer",3,128897848,125265312,3
44200,"Galcon Fusion",3,36379151,32499023,11
44350,"GRID 2",3,10587513501,6210448095,42
44600,"GTR - FIA GT Racing Game",3,1239590267,1124446459,10
44620,"STCC II",3,11756297356,8504945807,28
44630,"RACE 07 - Formula RaceRoom Add-On",2,8991638807,5776385490,36
44660,"The Retro Expansion",3,5113837083,4550118442,12
44690,"GT Legends",3,1873598074,1822134240,3
45000,"Sol Survivor",3,497415263,475828265,5
45100,"Secret of the Magic Crystals",3,450148755,279316271,38
45300,"Wings of Prey: Special Edition",3,13222184818,12517853872,6
45400,"Fortix",3,119211012,72257997,40
45410,"Ignite",3,861351345,506311364,42
45450,"Fortix 2",3,429812427,282908841,35
45500,"Clickr",3,436632136,115406747,74
45700,"Devil May Cry 4",3,7916030300,7849040372,1
45710,"Dark Void",2,6827652009,5979090055,13
45730,"Dark Void Zero",3,98293802,42543069,57
45740,"Dead Rising® 2",3,6937549455,6444432873,8
45760,"Ultra Street Fighter® IV",3,15637418340,10763682070,32
45770,"Dead Rising 2: Off the Record",3,7098596310,6395070396,10
45900,"CID The Dummy",3,1455076452,1179413983,19
46200,"A.I.M. Racing",3,1211997789,930847209,24
46220,"Classic Car Racing",3,1424949664,604493973,58
46230,"Streets of Moscow",3,2672223215,1866709568,31
46250,"NecroVisioN: Lost Company",1,5934505927,3946756965,34
46260,"Star Wolves 3: Civil War",3,4820279760,3152314496,35
46270,"Star Wolves",3,1125356109,1116390749,1
46280,"Star Wolves 2",3,2473276350,1727442060,31
46290,"Theatre of War",3,3999694041,3411686965,15
46320,"Space Rangers",3,471055246,454035656,4
46330,"Space Rangers 2: Reboot",3,1458992898,1425197219,3
46340,"Theatre of War 2: Africa 1943",3,1609810485,1457352454,10
46360,"Theatre of War 2: Kursk 1943",3,2013626095,1840788228,9
46380,"Reign: Conflict of Nations",3,447214397,407014485,9
46400,"Greed: Black Border",3,967979003,734812637,25
46410,"Avencast: Rise of the Mage",3,1617536990,1403120858,14
46420,"Chrome",3,1862804159,1269734380,32
46430,"Chrome: Specforce",3,1569261220,1052877023,33
46440,"Future Wars",3,502942145,346632114,32
46450,"Grotesque Tactics: Evil Heroes",3,1375676245,1270870943,8
46460,"Scratches - Director's Cut",3,1019735528,1006089444,2
46480,"Still Life",3,1287097470,1194627590,8
46490,"Still Life 2",3,4226199028,3966034546,7
46500,"Syberia",2,1239498147,1199383276,4
46510,"Syberia II",3,1407798187,1302780155,8
46520,"Wasteland Angel",3,1125569934,1037119581,8
46540,"Trapped Dead",3,1162362500,474642364,60
46550,"Post Mortem",3,974559850,918688247,6
46560,"Robin Hood: The Legend of Sherwood",3,1089822029,656583574,40
46570,"Grotesque Tactics 2 – Dungeons and Donuts",3,1712851753,1683101782,2
46600,"Swarm Arena",3,74980450,52113818,31
46700,"Ironclads: American Civil War",3,135616318,55308345,60
46710,"Ironclads: High Seas",3,306258427,111635003,64
46720,"Dimensity",3,3545093159,3003366645,16
46730,"Hazen: The Dark Whispers",3,843219562,734515489,13
46740,"World Basketball Manager 2010",3,99399757,56052011,44
46750,"Dark Fall: Lost Souls",3,1503420935,1304158208,14
46760,"Ironclads: Schleswig War 1864",3,538883877,238611351,56
46790,"Armada 2526",3,1247189537,877199270,30
46830,"Ironclads: Anglo Russian War 1866",3,600521267,249024954,59
46840,"Ironclads: Chincha Islands War 1866",3,552303848,236161047,58
46850,"Zombie Pirates",3,723462416,691063041,5
47000,"4 Elements",3,57160368,51069192,11
47110,"Escape From Paradise",3,38566446,31676204,18
47120,"Escape From Paradise 2",3,119153582,103357851,14
47400,"Stronghold 3 Gold",3,4938549973,4196221767,16
47410,"Stronghold Kingdoms",3,50333184,45837452,9
47540,"Puzzle Quest 2",3,470523879,455058675,4
47700,"Command & Conquer™ 4 Tiberian Twilight",3,5960924647,5056289434,16
47760,"Mass Effect 2 Demo",3,2203012425,1784770724,19
47780,"Dead Space™ 2",3,10251465407,9012759349,13
47790,"Medal of Honor™",3,5446696345,4882139783,11
47810,"Dragon Age: Origins - Ultimate Edition",3,25674225522,14721172139,43
47870,"Need for Speed: Hot Pursuit",3,8414802485,8319401135,2
47890,"The Sims™ 3",2,17575743401,15794084119,11
47920,"Shift 2 Unleashed",3,7843440743,7688676019,2
48000,"LIMBO",3,103198915,91049605,12
48150,"Voodoo Dice",3,40782510,36691472,11
48190,"Assassin’s Creed® Brotherhood",3,9937144495,8927075753,11
48210,"The Settlers 7: Paths to a Kingdom - Gold Edition",1,6136472907,6096730775,1
48240,"Anno 2070™",2,4269802598,3652008383,15
48700,"Mount & Blade: Warband",3,3214429435,2028761960,37
48720,"Mount & Blade: With Fire & Sword",3,1375562657,898154708,35
48800,"Ship Simulator Extremes",3,3465412182,1773261270,49
48900,"Saira",2,256677935,255608236,1
48950,"Greed Corp",3,625703576,378633569,40
49320,"Woody Two-Legs: Attack of the Zombie Pirates",3,461119088,314774883,32
49470,"Magic: The Gathering — Duels of the Planeswalkers 2012",3,860790275,849958712,2
49520,"Borderlands 2",3,16116955729,14562604580,10
49540,"Aliens: Colonial Marines Collection",3,15128759082,13519558677,11
49600,"Beat Hazard",1,258086191,255120847,2
49800,"Flight of the Icarus",3,113235951,44508977,61
49810,"CreaVures",3,440188153,230155252,48
49900,"Plain Sight",3,213266146,180622930,16
50130,"Mafia II (Classic)",0,7880680522,7746517860,2
50300,"Spec Ops: The Line",3,7604747424,6840432306,11
50510,"Burn Zombie Burn!",3,663165630,476578002,29
50620,"Darksiders™",0,10488669694,10373562297,2
50820,"Max and the Magic Marker",3,289354156,90704749,69
55000,"Flotilla",3,46591606,37152295,21
55040,"Atom Zombie Smasher",3,26781857,24537686,9
55100,"Homefront",3,12850936591,10184204323,21
55110,"Red Faction®: Armageddon™",3,8862024928,8668246110,3
55140,"MX vs. ATV Reflex",3,6803308559,6771342320,1
55150,"Warhammer 40,000: Space Marine - Anniversary Edition",1,11082757412,10993139712,1
55230,"Saints Row: The Third",3,9991379058,9249756832,8
55410,"Warhammer 40,000: Space Marine Demo",2,9147346059,9087919988,1
56400,"Warhammer 40,000: Dawn of War II - Retribution",3,5304623333,5193172447,3
57000,"NyxQuest: Kindred Spirits",3,140225152,135802880,4
57200,"Puzzle Dimension",3,283767800,248594895,13
57300,"Amnesia: The Dark Descent",3,2522810629,1337762269,47
57640,"Broken Sword 1 - Shadow of the Templars: Director's Cut",0,1350425673,1339378461,1
57650,"Dungeons",3,2029575632,1312544932,36
57680,"The First Templar - Steam Special Edition",3,4490754652,4306357217,5
57690,"Tropico 4",0,3953537250,3862959912,3
57700,"Who's That Flying?!",3,528778335,459948161,14
57740,"Jagged Alliance - Back in Action",3,2757440828,1903301403,31
57800,"Doc Clock: The Toasted Sandwich of Time",3,282563759,66782799,77
57900,"Duke Nukem Forever",2,7430828704,4906299031,34
58400,"Turba",3,27414713,24145261,12
58540,"Divinity II - The Dragon Knight Saga",0,8327155426,7281067101,13
58610,"Wargame: European Escalation",3,12912738849,9854988886,24
60350,"Glowfish",3,213805494,73138202,66
60600,"ProtoGalaxy",3,358641899,302898733,16
60700,"Power of Defense",3,200441914,145529138,28
60800,"Numen: Contest of Heroes",3,1657846451,1642721460,1
61000,"DCS: Black Shark",3,5316667462,3039116884,43
61010,"Digital Combat Simulator: A-10C Warthog",3,7595234699,5368456152,30
61100,"Lucid",3,41831040,37924864,10
61500,"Age of Wonders",3,335085729,206493436,39
61510,"Age of Wonders II: The Wizard's Throne",3,604259121,440492408,28
61520,"Age of Wonders Shadow Magic",3,829480681,586782019,30
61600,"Zen Bound 2",3,238728832,231025710,4
61700,"Might & Magic: Clash of Heroes",3,1705352599,1674542708,2
61730,"Critter Crunch",3,259795455,250010892,4
62000,"Flight Control HD",3,119211127,114736371,4
62100,"Chime",3,103827580,88327762,15
63000,"HOARD",3,278499985,152428398,46
63200,"Monday Night Combat",3,2836295006,2425934618,15
63380,"Sniper Elite V2",2,7668040602,6600529338,14
63500,"Swords and Soldiers HD",3,306499173,71489163,77
63610,"Riven (1997)",3,7116065779,5805622912,19
63630,"The Manhole: Masterpiece Edition",3,271933961,165761024,40
63650,"URU: Complete Chronicles",3,2631077997,1948258589,26
63660,"Myst: Masterpiece Edition",2,1787451220,1560436828,13
63700,"BIT.TRIP BEAT",3,114518058,63339828,45
63710,"BIT.TRIP RUNNER",2,70864543,42110928,41
63800,"Delve Deeper",3,37465664,35401374,6
63900,"Fantasy Wars",3,2809206489,1842183971,35
63910,"King's Bounty: Crossworlds",2,6430057042,3697189922,43
63940,"Men of War: Vietnam",3,2597021588,2571635268,1
63960,"Theatre of War 3: Korea",3,1578186665,1182534632,26
64000,"Men of War: Assault Squad",3,4596582070,2130411235,54
65300,"Dustforce DX",3,429381854,359317601,17
65500,"Aura: Fate of the Ages",3,1972429118,1924045524,3
65530,"SpellForce 2: Faith in Destiny",3,5292320153,3481710657,35
65540,"Gothic 1",3,1200381092,918390589,24
65560,"Painkiller Redemption",3,2389378468,2347860404,2
65600,"Gothic 3: Forsaken Gods Enhanced Edition",3,3105709445,2925005218,6
65610,"ArcaniA: Fall of Setarrif",3,4812354050,3919090138,19
65700,"Arma 2: British Armed Forces",3,21099395003,18003218868,15
65710,"Pat & Mat",3,352950970,345561102,3
65730,"Take On Helicopters",3,19110335797,17334372242,10
65740,"Carrier Command: Gaea Mission",3,3984879591,3318666983,17
65780,"ARMA: Gold Edition",3,6805081083,3909944501,43
65790,"Arma: Cold War Assault Remastered",1,878721404,717324407,19
65800,"Dungeon Defenders",3,12694717288,11027543181,14
65930,"The Bureau: XCOM Declassified",1,11608100128,10515806030,10
65950,"NBA 2K11",0,6716753987,5901302934,13
65980,"Sid Meier's Civilization®: Beyond Earth™",3,8867233910,4624687036,48
67000,"The Polynomial - Space of the music",3,106329149,86975373,19
67370,"The Darkness II",3,7456799934,6563743983,12
70000,"Dino D-Day",3,5117828100,2951498488,43
70100,"Hacker Evolution",3,134243557,111930306,17
70110,"Hacker Evolution: Untold",3,107001847,78259784,27
70120,"Hacker Evolution Duality",3,185651368,173178871,7
70300,"VVVVVV",0,65395589,63191141,4
70400,"Recettear: An Item Shop's Tale",3,645490804,520107940,20
70420,"Chantelise - A Tale of Two Sisters",3,652404189,514759397,22
70600,"Worms Ultimate Mayhem",3,1959454309,1163423240,41
70620,"Worms Crazy Golf",3,655419072,646405546,2
70640,"Worms",3,336707579,264542407,22
70650,"Worms Blast",3,140825788,91660106,35
70660,"Worms Pinball",3,128013702,106578401,17
70900,"Star Ruler",3,227190059,205441074,10
71000,"Evochron Mercenary",3,195962790,164060294,17
71230,"Crazy Taxi",3,265983616,152185011,43
71240,"SEGA Bass Fishing",3,499492239,200339696,60
71250,"Sonic Adventure DX",1,1953998604,1218182618,38
71260,"Space Channel 5: Part 2",3,1897342735,1432508176,25
71340,"Sonic Generations Collection",1,9051255922,8577752966,6
72000,"Closure",3,476842013,421784563,12
72200,"Universe Sandbox Legacy",2,105552293,77168059,27
72400,"Clones",3,464202770,448411142,4
72500,"Arcadia",3,27457773,24893979,10
72850,"The Elder Scrolls V: Skyrim",2,10800507221,9075173165,16
72900,"Winter Voices",3,1031184236,996356500,4
73010,"Cities in Motion",3,1041211878,1030051212,2
73020,"Majesty 2 Collection",2,2292110728,2268748598,2
73060,"Defenders of Ardania",3,2133119399,1119098970,48
73170,"Darkest Hour: A Hearts of Iron Game",3,1684140517,833903953,51
73190,"Pride of Nations",3,3465864036,1656771896,53
73210,"Sengoku",3,688176360,369914384,47
73220,"Supreme Ruler Cold War",3,955045863,524727904,46
73230,"Majesty Gold HD",3,748725807,580093391,23
78000,"Bejeweled® 3",3,98260540,81503663,18
80000,"APOX",3,3038326112,1825295432,40
80200,"Fate of the World",3,559291955,459463086,18
80300,"Puzzle Bots",1,852162672,234651952,73
80330,"The Blackwell Legacy",3,253467236,218136978,14
80340,"Blackwell Unbound",3,203824971,171868706,16
80350,"Blackwell Convergence",3,267411429,187404840,30
80360,"Blackwell Deception",3,534082486,345834022,36
90500,"Guardians of Graxia",3,795210555,456478385,43
90530,"Battle for Graxia",3,1506463327,888017963,42
91100,"SkyDrift",3,504544502,487733533,4
91200,"Anomaly: Warzone Earth",3,461243096,453941194,2
91310,"Dead Island",3,9969165259,8225966564,18
91600,"Sanctum",3,1852633994,1456999278,22
91700,"E.Y.E: Divine Cybermancy",3,6009900534,3287710895,46
91800,"Cloning Clyde",3,240342586,170398344,30
91810,"Ancients of Ooga",3,526277178,213459537,60
91900,"Post Apocalyptic Mayhem",3,784365994,723245730,8
92100,"DETOUR",3,109744354,88660593,20
92300,"A.R.E.S.: Extinction Agenda",3,372709779,345221867,8
92600,"Xotic",3,2431348943,2093092975,14
92700,"Shadow Harvest: Phantom Ops",3,4281183222,4210260308,2
92800,"SpaceChem",3,284293676,94916706,67
92900,"Agricultural Simulator 2011: Extended Edition",3,687355198,355428802,49
93200,"Revenge of the Titans",3,437445546,156924727,65
94000,"Dinner Date",3,131582666,81641655,38
94200,"Jamestown",2,108132351,95634515,12
94300,"The Dream Machine: Chapter 1 & 2",3,514407088,444945688,14
94400,"Nidhogg",3,177913140,150940028,16
94500,"Back to the Future: Ep 2 - Get Tannen!",3,498048256,474776909,5
94510,"Back to the Future: Ep 3 - Citizen Brown",3,446872557,417496180,7
94520,"Back to the Future: Ep 4 - Double Visions",3,445137233,419031066,6
94530,"Back to the Future: Ep 5 - OUTATIME",3,560861733,521539932,8
94590,"Puzzle Agent 2",3,309724584,301335373,3
95300,"Capsized",3,684936299,661738115,4
95400,"ibb & obb",3,741787114,518035960,31
95700,"The Cat and the Coup",3,846195278,314636510,63
96000,"The Tiny Bang Story",3,178795926,163024896,9
96100,"Defy Gravity Extended",2,91699288,85434889,7
96200,"Steel Storm: Burning Retribution",3,1004044662,925669924,8
96400,"Shoot Many Robots",3,1030708601,741396696,29
96800,"Nexuiz",3,2152015881,1901135847,12
97000,"Solar 2",3,253508084,119898472,53
97100,"Section 8: Prejudice",3,6565195547,5569690276,16
97110,"Kohan: Immortal Sovereigns",3,648360625,487442142,25
97120,"Kohan: Ahriman's Gift",3,795114881,616427281,23
97130,"Kohan II: Kings of War",3,524097076,356811324,32
97330,"Magic: The Gathering - Duels of the Planeswalkers 2013",3,1613735212,1593828798,2
98100,"Trauma",3,178200075,161088596,10
98200,"Frozen Synapse",1,1022881890,1004451123,2
98300,"Toy Soldiers",3,1883412168,1551745296,18
98400,"Hard Reset Extended Edition",3,4772246434,4728142393,1
98500,"Naval Warfare",3,891123351,549642822,39
98510,"STORM: Frontline Nation",3,2278535159,2197420812,4
98600,"Demolition Inc.",3,374664902,351838219,7
98800,"Dungeons of Dredmor",3,270538979,232307344,15
98900,"Alien Hallway",3,101722009,54724707,47
99300,"Renegade Ops",3,2925368149,2533895924,14
99400,"Garshasp: The Monster Slayer",3,3168072534,1935604089,39
99410,"Garshasp: Temple of the Dragon",3,1860758865,1135796726,39
99700,"NightSky",3,138889749,131863047,6
99900,"Spiral Knights",3,495118348,429582863,14
99910,"Puzzle Pirates",3,313507220,216607326,31
102200,"Runespell: Overture",3,344632029,190873267,45
102500,"Kingdoms of Amalur: Reckoning™",3,12173747929,11764130455,4
102600,"Orcs Must Die!",3,5240780151,2274442141,57
102810,"Gatling Gears",3,1583138034,813417538,49
102830,"Darkspore Demo",3,5908306231,5373338090,10
102840,"Shank 2",3,1647462886,1495604569,10
102850,"Warp",3,2179648907,1908725464,13
104000,"iBomber Defense",3,99326911,94161741,6
104020,"Storm in a Teacup",3,32498434,23138312,29
104100,"Inside a Star-filled Sky",3,6158560,1466471,77
104200,"BEEP",3,492550462,251953035,49
104600,"Portal 2 - The Final Hours",3,184995959,183019868,2
104900,"ORION: Prelude",3,4161673095,3377887537,19
105100,"Lume",3,21695462,20480000,6
105300,"Critical Mass",3,29114495,25051874,14
105400,"Fable III",3,11979857964,7870193156,35
105420,"Ms. Splosion Man",3,3963734255,2400824684,40
105450,"Age of Empires® III (2007)",3,4023658609,2912103110,28
105600,"Terraria",2,679633200,562994489,18
105700,"Tobe's Vertical Adventure",3,180869688,165934908,9
105800,"PixelJunk™ Eden",3,603122443,415102457,32
106010,"Pandora Saga: Weapons of Balance",3,1652832449,1228179426,26
107100,"Bastion",3,1261131325,1079440740,15
107200,"Space Pirates and Zombies",3,164705482,157176839,5
107300,"Breath of Death VII",3,194417070,112496749,43
107310,"Cthulhu Saves the World",2,155699548,144647182,8
107400,"Arma 2: Free",3,1797952443,1276675870,29
107410,"Arma 3",1,49073892165,44502356615,10
107600,"Waves",2,138080450,90665860,35
107800,"Rochard",1,2577835876,1187167680,54
108100,"Adam's Venture Episode 1: The Search For The Lost Garden",3,805553050,729044157,10
108200,"Ticket to Ride",3,589007014,535512617,10
108500,"Vessel",3,1151251512,483230942,59
108600,"Project Zomboid",3,8775650495,3703159446,58
108710,"Alan Wake",2,12249540170,11221591211,9
108800,"Crysis 2 - Maximum Edition",3,13361495545,12108387489,10
109410,"Brawl Busters",3,1565586714,668278376,58
109500,"Fowl Space",3,66392422,45419374,32
109600,"Neverwinter",0,393718838,282761059,29
110500,"Data Jammers: FastForward",3,89651314,44598671,51
110800,"L.A. Noire",3,14713189260,14048741215,5
111100,"Snuggle Truck",3,76793658,26743207,66
111300,"Smash Cars",0,250689763,221284437,12
111400,"Bunch of Heroes",3,818903037,396646096,52
111600,"Serious Sam Double D XXL",3,723504289,355453724,51
111800,"Blocks That Matter",3,170398458,107066043,38
111900,"Guardians of Middle-earth",3,3937871243,3906871882,1
112100,"Avadon: The Black Fortress",3,120298675,109600949,9
113020,"Monaco: What's Yours Is Mine",3,1846721833,555287306,70
113200,"The Binding of Isaac",3,107642925,104783024,3
113400,"APB Reloaded",3,7827096222,6768065826,14
113420,"Fallen Earth Classic",0,6522251664,6118547059,7
115100,"Costume Quest",3,666182202,613559616,8
115110,"Stacking",3,1577950368,1523287833,4
115120,"Iron Brigade",1,2699161643,2647253495,2
115200,"Cossacks II: Napoleonic Wars",3,1705370994,1306040663,24
115210,"American Conquest",3,1087929578,609033025,45
115220,"American Conquest: Fight Back",3,1305666841,745340007,43
115320,"Prototype 2",3,10733951148,9537494424,12
115800,"Owlboy",3,397332624,265399351,34
116100,"Super Toy Cars",3,643884147,242587424,63
200010,"Quantum Conundrum",2,1492379599,1246689071,17
200050,"Naval War: Arctic Circle",3,1496474133,530900134,65
200110,"Nosgoth",3,6865612433,6625665326,4
200130,"Puzzler World 2",3,35970677,29573126,18
200170,"Worms Revolution",0,1713584216,1322804363,23
200210,"Realm of the Mad God Exalt",3,107485466,36161441,67
200230,"Off-Road Drive",3,3808448762,3255238759,15
200260,"Batman: Arkham City - Game of the Year Edition",2,20002321944,18985011816,6
200370,"A Game of Dwarves",0,1668441985,1657584254,1
200490,"Memento Mori",3,2420379626,2402617279,1
200510,"XCOM: Enemy Unknown",3,19938535902,18457226465,8
200550,"Dungeons - The Dark Lord",3,1504062052,976783814,36
200670,"Disciples III - Resurrection",3,8178934485,5187254605,37
200710,"Torchlight II",3,1828895324,1744695914,5
200900,"Cave Story+",3,200057440,111772257,45
200910,"Before the Echo",3,342244430,286893496,17
200940,"Sonic CD",3,337177250,297700717,12
200960,"Geneforge 1",3,43802672,11174890,75
200980,"Geneforge 2",3,53745851,14285306,74
200990,"Geneforge 3",3,60733794,16681378,73
201000,"Geneforge 4: Rebellion",3,92451020,24647017,74
201010,"Geneforge 5: Overthrow",3,53676276,31462134,42
201070,"Revelations 2012",3,8342034315,5229974278,38
201210,"Pox Nora",3,2626548931,932865422,65
201230,"EverQuest II",1,29417351400,28643936048,3
201280,"Deus Ex: Human Revolution - The Missing Link",3,2208927202,1924764825,13
201290,"Sins of a Solar Empire: Trinity®",3,2427100950,1248221258,49
201420,"Toki Tori 2+",3,622132687,527300553,16
201480,"Serious Sam: The Random Encounter",3,89708368,74334208,18
201490,"Airline Tycoon 2",3,5247968111,1626578993,70
201510,"FlatOut 3: Chaos & Destruction",3,11585509471,7105170341,39
201570,"Really Big Sky",3,144802094,143012900,2
201700,"DiRT Showdown",3,10346483084,6472147887,38
201790,"Orcs Must Die! 2",3,7251045850,3022914206,59
201810,"Wolfenstein: The New Order",3,46641131622,43985314728,6
201830,"Jurassic Park: The Game",3,2803471363,2775430691,2
201870,"Assassin's Creed® Revelations",3,8553001052,7800309977,9
202070,"Choplifter HD",2,2086286946,1839043841,12
202090,"Magicka: Wizard Wars",3,953036410,932102318,3
202170,"Sleeping Dogs",3,9826592276,9232307598,7
202200,"Galactic Civilizations® II: Ultimate Edition",3,2248931860,2061029495,9
202270,"Leviathan: Warships",3,708179835,262450497,63
202310,"Ridge Racer™ Unbounded",3,1611302817,1603034633,1
202370,"Scary Girl",3,1293882932,1082580177,17
202410,"Scoregasm",3,322331416,268811028,17
202480,"Skyrim Creation Kit",0,14103033815,12612755571,11
202530,"Sonic the Hedgehog 4 - Episode I",3,493161130,174275598,65
202710,"Demigod",3,3218698656,2225319758,31
202730,"Dynamite Jack",3,68807024,56910812,18
202750,"Alan Wake's American Nightmare",3,2487476639,2077700879,17
202970,"Call of Duty®: Black Ops II",1,11012406325,10624283227,4
203140,"Hitman: Absolution™",3,25735053149,15210359294,41
203160,"Tomb Raider Game of the Year",2,11740656055,10863577215,8
203210,"Titan Attacks!",3,214722680,47328359,78
203250,"Star Trek",1,6041213352,5352529310,12
203290,"America's Army: Proving Grounds",2,19180717604,12501701220,35
203560,"Containment: The Zombie Puzzler",3,577119841,166400809,72
203630,"Warlock - Master of the Arcane",3,1499818458,1166110697,23
203650,"Sonic the Hedgehog 4 - Episode II",3,1279350902,551266174,57
203680,"F1 Race Stars",3,5303021548,3597173856,33
203730,"Q.U.B.E.",2,1456166209,1212721616,17
203750,"Binary Domain",2,6563462387,5650807763,14
203770,"Crusader Kings II",2,2212806125,1681503987,25
203810,"Dear Esther",3,1543098241,1091749444,30
203850,"Microsoft Flight",3,2858015946,1804779334,37
203990,"SATAZIUS",3,49311480,44494948,10
204030,"Fable - The Lost Chapters",1,2924991650,2388458904,19
204060,"Superbrothers: Sword & Sworcery EP",3,392710080,384564527,3
204080,"The Showdown Effect",3,453144626,415500566,9
204100,"Max Payne 3",3,35160462558,32819327435,7
204120,"LEGO® Harry Potter: Years 5-7",3,7952273844,7848014985,2
204140,"All Zombies Must Die!",3,565871979,451722461,21
204180,"Waveform",3,783925906,750000355,5
204220,"Snapshot",3,672098562,563105372,17
204240,"The Bridge",3,324875943,309644754,5
204340,"Serious Sam II",0,3183637144,3156982530,1
204360,"Castle Crashers®",0,150921740,127367755,16
204450,"Call of Juarez: Gunslinger",3,4962571103,4541087126,9
204530,"Infested Planet",3,359735224,83339998,77
204560,"Confrontation",3,2809031004,1455602088,49
204580,"Rotastic",3,990547512,448705345,55
204630,"Retro City Rampage™ DX",3,19978428,16502049,18
204860,"Men of War: Condemned Heroes",3,1910261293,1870303331,3
204880,"Sins of a Solar Empire®: Rebellion",2,3936462678,2934940019,26
204940,"Crusader Kings Complete",3,527422304,302886214,43
205020,"Lumino City",1,844043305,824082892,3
205060,"BIT.TRIP CORE",3,105742621,86211386,19
205070,"BIT.TRIP VOID",3,71728507,52822363,27
205080,"BIT.TRIP FATE",3,95879706,60851813,37
205090,"BIT.TRIP FLUX",3,72317346,33963580,54
205100,"Dishonored",1,11284443050,10705824613,6
205190,"Rocksmith",3,12824297433,7407741753,43
205230,"Hell Yeah! Wrath of the Dead Rabbit",2,803139772,724726070,10
205270,"3DMark 11",3,410579231,217017602,48
205530,"Gratuitous Tank Battles",3,522119987,131978119,75
205550,"Foreign Legion: Multi Massacre",3,494044324,177391605,65
205610,"Port Royale 3",3,5589101908,4620993597,18
205650,"The Testament of Sherlock Holmes",3,10188138337,6859023060,33
205690,"1000 Amps",3,17223192,9497161,45
205730,"Insanely Twisted Shadow Planet",3,2221403643,1881858542,16
205810,"Jagged Alliance: Crossfire",3,1708292706,1241243160,28
205830,"Luxor Evolved",3,61495625,55852481,10
205840,"Yesterday",3,4374307768,3762655701,14
205910,"Tiny and Big: Grandpa's Leftovers",3,2510501167,1279596563,50
205930,"Hitman: Sniper Challenge",3,1756744115,1119782379,37
205950,"Jet Set Radio",3,1215369314,850854091,30
206020,"Avernum 4",3,317244508,26606435,92
206040,"Avernum 5",3,92315962,28559438,70
206060,"Avernum 6",3,104070897,36024277,66
206190,"Gunpoint",3,532781932,63299997,89
206230,"Clan of Champions",3,783797880,729872205,7
206370,"Tales From Space: Mutant Blobs Attack",3,292660312,278759314,5
206420,"Saints Row IV: Re-Elected",1,11637636901,11141968811,5
206440,"To the Moon",3,1520350782,583963953,62
206450,"To the Moon Soundtrack",3,499001725,498528365,1
206480,"Dungeons & Dragons Online®",3,15894690489,13398490499,16
206500,"AirMech",2,829531331,822570099,1
206610,"3SwitcheD",3,350155269,297331232,16
206690,"iBomber Defense Pacific",3,146368326,125627956,15
206760,"Painkiller: Recurring Evil",3,3098330498,3045058868,2
207020,"Bang Bang Racing",3,221058850,194530483,13
207040,"Sine Mora",3,928722789,846254080,9
207140,"SpeedRunners",2,704988956,673383916,5
207150,"Stellar Impact",3,1403470107,577237985,59
207170,"Legend of Grimrock",2,755087547,512562989,33
207190,"Fireburst",3,1705466228,1404926016,18
207210,"Tony Hawk's Pro Skater HD",3,2313486640,2152177684,7
207250,"Cubemen",3,157595221,51812722,68
207320,"Ys: The Oath in Felghana",3,1817816948,1706607336,7
207350,"Ys Origin",3,2598060619,2437139658,7
207380,"eXceed 2nd - Vampire REX",3,754395796,674743008,11
207400,"eXceed 3rd - Jade Penetrate Black Package",3,258413540,202614233,22
207420,"Wizorb",3,212871800,93571044,57
207430,"Hack, Slash, Loot",3,20065568,12374016,39
207490,"Rayman® Origins",3,2480991890,2226610765,11
207530,"Noitu Love 2: Devolution",3,12695134,12062720,5
207570,"English Country Tune",3,283851287,129599258,55
207610,"The Walking Dead",1,3809844398,3733306401,3
207650,"A Virus Named TOM",3,400813325,376548271,7
207690,"Botanicula",3,554214453,536296550,4
207710,"Bumbledore",3,154466624,78636588,50
207730,"Arena Wars 2",3,484073334,361071900,26
207750,"Symphony",3,424718650,322220735,25
207790,"Jane's Advanced Strike Fighters",3,1344237672,1140528498,16
208090,"Loadout",3,5751388264,2364510632,59
208110,"Myst V: End of Ages",3,5132161107,3733971012,28
208140,"ENDLESS Space™ - Definitive Edition",3,3453177804,2018095951,42
208200,"DOOM 3",1,7475041976,4528418864,40
208400,"Avernum: Escape From the Pit",3,167212244,152821695,9
208480,"Assassin's Creed® III",3,12484227421,11050619802,12
208500,"F1 2012",3,8033587694,5629206541,30
208520,"Omerta - City of Gangsters",3,1426964649,1414339820,1
208580,"STAR WARS™ Knights of the Old Republic™ II - The Sith Lords™",3,4952451712,3562283236,29
208600,"Lunar Flight",3,1511914365,563595305,63
208610,"Skullgirls ∞Endless Beta∞",2,4257815956,2216792069,48
208650,"Batman™: Arkham Knight",3,59004928900,56086248101,5
208670,"Blades of Time",3,3509099665,3150376776,11
208730,"Game of Thrones",1,4262578910,4004958416,7
208750,"Apotheon",3,789839616,548187002,31
209000,"Batman™: Arkham Origins",0,21598683378,20519156448,5
209100,"Resident Evil: Operation Raccoon City",3,10299612319,8954823997,14
209120,"Street Fighter X Tekken",3,6441651491,5701080324,12
209160,"Call of Duty®: Ghosts",0,8183576979,8154041242,1
209170,"Call of Duty: Ghosts - Multiplayer",3,34530133580,34318213238,1
209190,"Stealth Bastard Deluxe",2,151397426,129817333,15
209230,"Sherlock Holmes and The Hound of The Baskervilles",3,230730329,218492465,6
209270,"Hero Academy",3,281342204,168012526,41
209330,"A Valley Without Wind",3,503856538,461171651,9
209360,"All Zombies Must Die!: Scorepocalypse ",3,420482589,322809556,24
209370,"Analogue: A Hate Story",3,170699161,134368983,22
209520,"Mini Motor Racing EVO",3,1944118455,1118572778,43
209540,"Strike Suit Zero",0,2441181284,1977576794,19
209630,"Magrunner: Dark Pulse",3,3371829160,2944282875,13
209650,"Call of Duty®: Advanced Warfare - Gold Edition",3,53973848005,49310489139,9
209660,"Call of Duty: Advanced Warfare - Multiplayer",1,74885197741,71162597080,5
209670,"Cortex Command",3,99403207,61202937,39
209690,"Fieldrunners",3,293138472,281239408,5
209730,"R.A.W. Realms of Ancient War",3,1782468284,1417060046,21
209750,"Cannon Fodder 3",3,728366235,674392899,8
209790,"Splice",3,415443673,303528268,27
209830,"Lone Survivor: The Director's Cut",3,138934626,118019136,16
209870,"Blacklight: Retribution",3,7081521050,6000010399,16
210170,"Spirits",3,182821308,107513935,42
210390,"Adam's Venture Episode 2: Solomon's Secret",3,1545161238,1387294458,11
210770,"Sanctum 2",2,2832302549,2484574765,13
210950,"Rune Classic",3,935586470,665939058,29
210970,"The Witness",3,4161401663,3811336910,9
211010,"Alien Shooter 2 Conscription",3,1227121856,757995994,39
211050,"Battle vs Chess",3,903459061,698591336,23
211120,"The Political Machine",3,444233682,334599258,25
211160,"Viking: Battle for Asgard",3,6060158501,4727897759,22
211180,"Unmechanical",3,1334392849,846834037,37
211260,"They Bleed Pixels",3,359356412,346301120,4
211280,"Primal Fears",3,1440789398,727094063,50
211400,"Deadlight",3,4679195450,4283365501,9
211420,"DARK SOULS™: Prepare To Die Edition",2,3908908498,3854034294,2
211440,"Adventures of Shuggy",3,146080904,130884684,11
211500,"RaceRoom Racing Experience",3,66934323895,63791550339,5
211580,"Wanderlust: Rebirth",3,25139356,22470032,11
211600,"Thief Gold (1999)",0,1080646712,941556050,13
211740,"Thief II: The Metal Age",2,1037101248,814274359,22
211780,"Conflict Desert Storm™",3,969443861,491759888,50
211800,"Dead Hungry Diner",3,104801371,43873733,59
211820,"Starbound",3,1695617470,891764640,48
211900,"Conquest of Elysium 3",3,121971123,74613862,39
212010,"Galaxy on Fire 2™ Full HD",3,1726490209,849601591,51
212030,"Kung Fu Strike - The Warrior's Rise",3,1114500130,533579636,53
212050,"Resonance",3,998922609,499098025,51
212070,"Star Conflict",2,9610695525,8982775174,7
212200,"Mabinogi",3,9650780188,9148364420,6
212220,"Dungeon Fighter Online",3,2383756169,1958268228,18
212370,"Arctic Combat",3,2860594843,1281103926,56
212410,"Inversion™",3,4705226980,4389849390,7
212480,"Sonic & All-Stars Racing Transformed Collection",3,7766797110,4739027295,39
212500,"The Lord of the Rings Online™",2,38748106104,35217899101,10
212580,"The Amazing Spider-Man",3,8460956172,7784202783,8
212630,"Tom Clancy's Ghost Recon: Future Soldier™",3,18338643948,15383691690,17
212680,"FTL: Faster Than Light",3,318837809,231738507,28
212740,"TERA",2,78089677593,70694510621,10
212780,"New Star™ Soccer 5",3,48930065,43376792,12
212800,"Super Crate Box",3,29406749,22687841,23
213030,"Penny Arcade's On the Rain-Slick Precipice of Darkness 3",3,234456699,218055775,7
213330,"LEGO® Batman™ 2: DC Super Heroes",3,4106488143,3826483633,7
213610,"Sonic Adventure 2",1,3334342018,2775520979,17
213670,"South Park™: The Stick of Truth™",3,5723891927,4455836326,23
213850,"Magic 2014 ",3,1451404105,1427941333,2
214150,"Galactic Civilizations® I: Ultimate Edition",3,638606481,514998221,20
214170,"Divine Divinity",3,2518790790,2048487834,19
214250,"I Am Alive",3,2184544550,2121393618,3
214310,"Adam's Venture Episode 3: Revelations",3,1298144475,1173575935,10
214490,"Alien: Isolation",3,29301614581,20853323066,29
214510,"LEGO® The Lord of the Rings™",3,6214048666,6033181085,3
214550,"Eets Munchies",3,721160334,89644924,88
214560,"Mark of the Ninja",3,2775775086,2506337231,10
214570,"ETHER VAPOR Remaster",3,59004825,41450738,30
214610,"Cherry Tree High Comedy Club",0,161393272,158803721,2
214700,"Thirty Flights of Loving",3,139322638,136908800,2
214730,"Space Rangers HD: A War Apart",3,2797650035,2737680066,3
214770,"Guacamelee! Gold Edition",1,643636847,614968334,5
214790,"The Basement Collection",3,1050030530,1023885742,3
214830,"Half Minute Hero: Super Mega Neo Climax Ultimate Boy",3,750936513,443661569,41
214870,"Painkiller Hell & Damnation",2,13766557614,12295082905,11
214950,"Total War: ROME II - Emperor Edition",3,34255658391,18057000792,48
214970,"Intrusion 2",2,80587057,80089804,1
215080,"WAKFU",1,3137549560,2935121021,7
215470,"Primal Carnage",3,3200235492,2676101301,17
215510,"Rocketbirds: Hardboiled Chicken",3,526369242,511232974,3
215530,"The Incredible Adventures of Van Helsing",3,19838812705,10511058817,48
215670,"Home",3,51413005,30906531,40
215690,"Zeno Clash 2",2,2841541678,2519499404,12
215710," Fieldrunners 2",3,423808435,400618717,6
215770,"Shad'O",3,1583215991,1187330846,26
215790,"Dream Pinball 3D",3,886826432,454553351,49
215830,"Closers",0,404639820,401303472,1
215930,"Jagged Alliance 2 - Wildfire",3,2029773934,1442587529,29
216090,"Go Home Dinosaurs!",3,196389038,182452113,8
216110,"Tiny Troopers",3,273389307,103896881,62
216150,"MapleStory",3,37766392436,35656850724,6
216210,"Secret Files 3",3,2328837756,2266105588,3
216250,"Dead Island Riptide",3,6317144696,4942653841,22
216290,"Gateways",3,124260829,107176982,14
216670,"Great Big War Game",3,248262233,243003196,3
216890,"Blood Bowl: Chaos Edition (Classic)",3,6710726813,3293602567,51
216910,"Of Orcs And Men",3,3573287836,3271782441,9
216930,"Luxor: Amun Rising HD",2,45012810,41450877,8
217060,"Total War Battles: SHOGUN",3,690670206,406355991,42
217100,"Dementium II HD",3,3508303994,1599163893,55
217120,"Waves 2: Notorious",3,460687449,308363264,34
217140,"Rise of the Triad",3,7399715639,6681261716,10
217200,"Worms Armageddon",3,553671720,470019570,16
217490,"Borderlands 2 RU",3,11668219568,10574154738,10
217690,"Anna - Extended Edition",3,3196967343,2007485401,38
217750,"Age of Conan: Unchained",3,29640602470,23804538853,20
217790,"Dogfight 1942",3,2875558184,1627916778,44
217920,"Alien Rage - Unlimited",3,4398949846,3772339394,15
217980,"Dishonored",1,14823018616,14109037679,5
218020,"Nethergate: Resurrection",3,50365764,14842871,71
218040,"Democracy 2",3,84134666,42022922,51
218060,"BIT.TRIP Presents... Runner2: Future Legend of Rhythm Alien",3,806879916,254616913,69
218090,"Unity of Command: Stalingrad Campaign",2,143276264,118871702,18
218130,"Dungeonland",3,2784483585,1191844237,58
218210,"Vanguard: Saga of Heroes F2P",3,20808517662,7881640768,63
218230,"PlanetSide 2",2,19933122672,19064259604,5
218410,"Defender's Quest: Valley of the Forgotten (DX edition)",3,1151043056,907705329,22
218510,"Planets Under Attack",3,479881414,314933248,35
218620,"PAYDAY 2",3,85466968318,50191800568,42
218640,"Lucius",3,4724701498,3191600238,33
218660,"iBomber Attack",3,970457751,954290551,2
218680,"Scribblenauts Unlimited",3,1839327880,1750260836,5
218700,"Angelica Weaver: Catch Me When You Can",3,1166665859,555555584,53
218820,"Mercenary Kings: Reloaded Edition",3,213572656,148018713,31
219150,"Hotline Miami",3,565337284,210984328,63
219200,"Droid Assault",3,361298759,78179431,79
219680,"Proteus",3,96681952,88514311,9
219740,"Don't Starve",2,2454511540,1804744635,27
219760,"Beyond Divinity",2,1685685644,1263793263,26
219780,"Divinity II: Developer's Cut",3,9448891781,7969801382,16
219830,"King Arthur's Gold",3,73016269,53350045,27
219890,"Antichamber",3,631892563,552182106,13
219950,"NiGHTS into Dreams...",3,3143878362,2019582182,36
219990,"Grim Dawn",2,8333262492,7436580234,11
220090,"The Journey Down: Chapter One",3,627280590,612995072,3
220160,"Trials Evolution: Gold Edition",3,3234075719,3147570375,3
220200,"Kerbal Space Program",3,6743975196,3171845927,53
220240,"Far Cry 3",3,12450083044,11046306166,12
220260,"Farming Simulator 2013: Titanium Edition",0,1905362626,1310047675,32
220440,"DmC: Devil May Cry",0,9331758084,8912234769,5
220460,"Cargo Commander",3,157873499,92574711,42
220700,"RPG Maker VX Ace",2,324986514,314097909,4
220780,"Thomas Was Alone",3,295541090,204420917,31
220820,"Zombie Driver HD",3,1787688902,1311418911,27
220860,"McPixel",3,67537199,36577847,46
221040,"Resident Evil 6",3,18504830785,17402628508,6
221080,"District 187",3,594353241,563418531,6
221100,"DayZ",3,23503693341,20186682909,15
221180,"Eufloria HD",3,2284890043,1979550737,14
221260,"Little Inferno",3,360971859,354114022,2
221300,"Monopoly",2,738463377,140597730,81
221380,"Age of Empires II (Retired)",3,4903660011,3482574446,29
221540,"DG2: Defense Grid 2",3,1501206995,1417646608,6
221640,"Super Hexagon",3,22709555,20148281,12
221680,"Rocksmith® 2014 Edition REMASTERED LEARN & PLAY",3,6997073393,6841075321,3
221790,"Renaissance Heroes",3,3934374838,2171758247,45
221810,"The Cave",2,1241249074,1211872580,3
221830,"The Book of Unwritten Tales: The Critter Chronicles",3,4033995053,3162914675,22
221910,"The Stanley Parable",3,2127552880,1288710064,40
222140,"Puddle",3,760225140,720042770,6
222160,"Hamlet or the Last Game without MMORPG Features, Shaders and Product Placement",3,91240905,86585344,6
222420,"THE KING OF FIGHTERS '98 ULTIMATE MATCH FINAL EDITION",1,719696725,437015262,40
222440,"THE KING OF FIGHTERS 2002 UNLIMITED MATCH",3,1631494220,990016492,40
222480,"Resident Evil Revelations",0,7986918462,7826132565,3
222660,"Retro/Grade",3,258534590,253496728,2
222700,"Carrier Command: Gaea Mission Demo",2,2206055567,1712092082,23
222730,"Reus",3,420638020,362917196,14
222750,"Wargame: Airland Battle",3,16706322583,11439415303,32
222880,"Insurgency",3,9356563896,5423547408,43
222900,"Dead Island: Epidemic",3,2905500291,1502568407,49
222940,"THE KING OF FIGHTERS XIII STEAM EDITION",3,2385550454,2106435498,12
222980,"Dead Pixels",3,212966283,190420564,11
223100,"Homefront®: The Revolution",1,68280328772,66876769718,3
223220,"Giana Sisters: Twisted Dreams",2,2620041618,1585017353,40
223450,"Dyad",3,1458292589,1155039907,21
223470,"POSTAL 2",2,6654787626,3811794393,43
223510,"Miasmata",3,2694672242,2659390316,2
223630,"AirBuccaneers",1,1336672850,767333237,43
223710,"Cry of Fear",3,4705291744,2846211970,40
223730,"Fly'N",0,1495040609,1410540614,6
223750,"DCS World Steam Edition",3,230072719986,170257322064,26
223810,"Ys I & II Chronicles+",3,709500437,591957924,17
223830,"Xenonauts",0,2965995847,2742911294,8
223850,"3DMark",1,4888136934,4561734120,7
223870,"Ys II",3,1435717638,1330797256,8
224040,"LocoCycle",3,16182816692,14353311148,12
224060,"Deadpool",3,6835959273,6200562695,10
224220,"Pressure",3,692230434,277572453,60
224260,"No More Room in Hell",3,8724565280,5060684142,42
224300,"Legacy of Kain: Defiance (2003)",3,2047397552,1421280028,31
224420,"Afterfall InSanity Extended Edition",3,7319819215,6575013070,11
224460,"Contrast",2,3949823874,3429575166,14
224480,"Octodad: Dadliest Catch",3,3063294879,984673004,68
224500,"Gnomoria",3,191008722,178216334,7
224540,"Ace of Spades",3,482897461,303379166,38
224580,"Arma 2: DayZ Mod",3,30898170007,25961515537,16
224700,"The Game of Life",2,143252800,126222336,12
224740,"Clockwork Empires",3,1734855435,1206461152,31
224760,"FEZ",3,395266998,344801968,13
224820,"Super House of Dead Ninjas",3,86238568,59683477,31
224860,"Arma Tactics",3,1018936257,415957774,60
224900,"Iron Sky: Invasion",0,1004552165,967901504,4
224920,"Legacy of Kain: Soul Reaver",3,712879422,521999010,27
224940,"Legacy of Kain: Soul Reaver 2 (2001)",3,985884469,652202480,34
224960,"Tomb Raider I (1996)",3,318059021,230667084,28
224980,"Tomb Raider IV: The Last Revelation (1999)",3,673762308,604654589,11
225000,"Tomb Raider V: Chronicles (2000)",3,579694975,453812949,22
225020,"Tomb Raider VI: The Angel of Darkness (2003)",3,1446618072,1395856635,4
225080,"Brothers - A Tale of Two Sons",3,1281058468,1084644927,16
225140,"Duke Nukem 3D: Megaton Edition",3,459153674,332299237,28
225160,"Shadow Warrior Classic Redux",3,577177990,327297658,44
225260,"Brutal Legend",3,8658400871,8254439563,5
225300,"Tomb Raider II (1997)",3,349264852,255481491,27
225320,"Tomb Raider III (1998)",3,490731933,327591595,34
225360,"DARK",3,3450401512,2527189212,27
225420,"Cities in Motion 2",3,1244605207,490308322,61
225540,"Just Cause™ 3",3,62109156966,49448519768,21
225600,"Blade Symphony",3,6869810726,3642056325,47
225640,"Sacred 2 Gold",3,14784707847,14622966648,2
225840,"Sven Co-op",3,6984116822,3635167129,48
226320,"Marvel Heroes Omega",3,21284447888,18780103742,12
226560,"Escape Dead Island",3,8132184297,8069826733,1
226620,"Desktop Dungeons",3,389653109,273420563,30
226720,"LOST PLANET® 3",2,19824830891,18149483518,9
226740,"Monster Loves You!",3,277069118,74364618,74
226780,"MUD - FIM Motocross World Championship™",3,3447880553,2273981240,35
226840,"Age of Wonders III",3,4723859986,2870586598,40
226860,"Galactic Civilizations III",3,15920684508,12970228091,19
226960,"Ironclad Tactics",0,1894599854,1439054000,25
226980,"Pinball FX2",3,5691447376,5680768663,1
227000,"Primordia",3,1395264122,1149935970,18
227080,"Papo & Yo",3,2119980322,1805003150,15
227100,"Sniper Elite: Nazi Zombie Army",3,4586069575,3569969581,23
227200,"Waking Mars",3,564136063,526087344,7
227220,"Sang-Froid - Tales of Werewolves",3,4026238690,3273883327,19
227260,"DisplayFusion",2,184171905,104432959,44
227300,"Euro Truck Simulator 2",2,25621652816,25411544643,1
227480,"God Mode",3,1963649229,1791185439,9
227580,"10,000,000",3,86094442,31966492,63
227600,"Castle of Illusion",2,828835632,773788271,7
227720,"Under the Ocean",3,1616678187,960380615,41
227780,"Serious Sam Classics: Revolution",3,1849439236,1272533076,32
227860,"Castle Story",3,2661810499,1887125293,30
227900,"Battleship",2,282104290,178959640,37
227920,"Risk",2,40863429,23911953,42
227940,"Heroes & Generals",3,5978378071,5560115313,7
228180,"Action! - Gameplay Recording and Streaming",3,461594539,162726016,65
228200,"Company of Heroes",2,9218236780,8341646087,10
228260,"Fallen Enchantress: Legendary Heroes",3,4359827039,3701165337,16
228280,"Baldur's Gate: Enhanced Edition",0,3335956266,3032278898,10
228300,"Remember Me",3,7280528237,6605458006,10
228320,"A Valley Without Wind 2",3,653727554,613635305,7
228400,"ACE COMBAT™ ASSAULT HORIZON Enhanced Edition",3,12518301445,8334042071,34
228760,"TrackMania² Canyon",3,178241004,111064267,38
228980,"Steamworks Common Redistributables",0,271132840,268993969,1
229480,"Dungeons & Dragons: Chronicles of Mystara",3,303731268,243552769,20
229520,"Dungeon Hearts",3,463496743,262960639,44
229580,"Dream",3,2902329947,2487817423,15
229600,"Bientôt l'été",3,440529109,244774705,45
229950,"Resident Evil 6 Benchmark Tool",2,1154662044,1032149693,11
229970,"Armada 2526 Gold Edition",3,1306677209,842791308,36
230050,"DLC Quest",3,20674919,18661395,10
230070,"The Age of Decadence",3,2136746217,1215509531,44
230150,"Incredipede",3,57989046,35049997,40
230170,"Divinity: Dragon Commander Beta",3,7806574434,5747356388,27
230190,"War for the Overworld",3,5625865621,3970223254,30
230230,"Divinity: Original Sin (Classic)",3,8927820529,6633145406,26
230270,"N++ (NPLUSPLUS)",3,1196992332,540988487,55
230290,"Universe Sandbox",3,2671830132,1531248452,43
230330,"FINAL FANTASY® XI: Ultimate Collection Seekers Edition",3,14673709248,7712845170,48
230410,"Warframe",2,43529473130,42612501250,3
230700,"La-Mulana",3,108189024,81199905,25
231040,"Beatbuddy: Tale of the Guardians",3,1750520917,837173390,53
231120,"Euro Truck Simulator 2 Demo",3,13880086785,13746889968,1
231140,"Cities XL Platinum",1,6449029048,5510156633,15
231160,"The Swapper",2,998692690,820992485,18
231200,"Kentucky Route Zero: PC Edition",3,1963966950,1478268303,25
231310,"MirrorMoon EP",3,127711632,83781425,35
231330,"Deadfall Adventures",3,6259904088,5475764750,13
231350,"3DMark Demo",1,6146182500,5900535052,4
231430,"Company of Heroes 2",3,33378406070,31781608271,5
231740,"Knights of Pen and Paper +1 Edition",3,150462199,25722838,83
231990,"Spider-Man: Shattered Dimensions",3,14413428003,8157489039,44
232010,"Euro Truck Simulator",3,430166552,179866472,59
232090,"Killing Floor 2",3,102018033079,50321572387,51
232130,"Killing Floor 2 - Dedicated Server",2,31995541869,12804737287,60
232430,"Gone Home",3,3222502159,1871031692,42
232750,"Mars: War Logs",3,2740326846,2598447462,6
232770,"POSTAL",3,494163692,299698069,40
232790,"Broken Age",3,2254986324,2151954172,5
232810,"Godus",1,2420163161,1127894668,54
232890,"Stronghold Crusader 2",1,3666172500,2986195698,19
232910,"TrackMania² Stadium",3,1159323431,1053720826,10
232970,"Thunder Wolves",3,1329702669,805863708,40
233130,"Shadow Warrior",1,14167299710,14095140645,1
233150,"LUFTRAUSERS",3,83967497,63448058,25
233190,"Final Exam",3,917965040,842448896,9
233230,"Kairo",3,578751645,286864089,51
233270,"Far Cry 3 - Blood Dragon",1,3451557196,3191606910,8
233290,"Murdered: Soul Suspect",3,9035312552,7994978207,12
233310,"Avadon 2: The Corruption",3,170643432,160742742,6
233350,"Sudeki",3,5917901203,5081656329,15
233410,"Tomb Raider - The Final Hours Digital Book",3,374747952,346126826,8
233450,"Prison Architect",3,803593740,753983005,7
233510,"Lunnye Devitsy",3,503190632,483191797,4
233530,"Wake",3,204630929,199940612,3
233550,"Another World – 20th Anniversary Edition",3,882602114,667113891,25
233610,"Distance",3,2653601985,953181841,65
233700,"Sword of the Stars: The Pit",3,1487426733,1303939688,13
233720,"Surgeon Simulator",3,1558937143,825624188,48
233740,"Organ Trail: Director's Cut",3,280982071,148241515,48
233840,"Worms Clan Wars",3,2387295912,1594895278,34
233860,"Kenshi",3,12430905509,7168484031,43
233980,"UnEpic",2,250320172,230826078,8
234000,"Superfrog HD",3,74500412,72779856,3
234080,"Castlevania: Lords of Shadow – Ultimate Edition",3,15948229993,15876173823,1
234140,"Mad Max",3,34397845725,34216111551,1
234160,"Strike Suit Infinity",3,2203082025,1607627456,28
234190,"Receiver",3,218827786,102916059,53
234290,"Zack Zero",3,737413625,731205632,1
234330,"MARVEL Puzzle Quest",3,5930568343,5896851979,1
234370,"Shattered Haven",3,263780773,227721765,14
234390,"Teleglitch: Die More Edition",3,89046183,66744906,26
234630,"Project CARS",3,23072824447,22456594106,3
234650,"Shadowrun Returns",3,3234438517,1147101016,65
234670,"NARUTO SHIPPUDEN: Ultimate Ninja STORM 3 Full Burst HD",3,17356774888,16144968200,7
234710,"Poker Night 2",3,529018190,513257017,3
234900,"Anodyne",3,236220495,167579370,30
234940,"The 39 Steps",3,2014230971,873773083,57
235070,"Bad Bots",3,40267264,40206336,1
235210,"STRIDER™ / ストライダー飛竜®",3,3518458804,3468125865,2
235250,"Super Sanctum TD",3,98181935,90108423,9
235320,"Original War",2,1790470763,1538285109,15
235360,"Prime World: Defenders",3,1352357556,787081008,42
235380,"Blitzkrieg 3",3,11927879008,3999089415,67
235460,"METAL GEAR RISING: REVENGEANCE",3,26506500666,25894335558,3
235520,"The White Laboratory",1,1136728922,962492868,16
235540,"Warhammer: End Times - Vermintide",1,53056592440,52487316953,2
235600,"Tom Clancy’s Splinter Cell Blacklist",3,21075919614,20450307845,3
235660,"Eador: Genesis",3,179699096,166491879,8
235780,"MINERVA: Metastasis",3,6279854480,3554967562,44
235800,"Audiosurf 2",2,1753846016,1203686908,32
235900,"RPG Maker XP",3,26915383,24586704,9
236090,"Dust: An Elysian Tail",3,1445250056,1273914660,12
236110,"Dungeon Defenders II",3,16463792668,6946342116,58
236150,"Starpoint Gemini 2",3,10531452799,5717086077,46
236370,"Interstellar Marines",3,5543515736,2340937618,58
236390,"War Thunder",1,63289498429,61551824249,3
236430,"DARK SOULS™ II",3,15078887160,11661394970,23
236450,"PAC-MAN™ Championship Edition DX+",3,455890856,444026880,3
236510,"Takedown: Red Sabre",3,3213094834,2777004913,14
236530,"Hot Wheels™ World's Best Driver™",3,3505101364,3459931594,2
236690,"Blood Bowl 2: Legendary Edition (Classic)",3,4949758858,4871233252,2
236730,"Anomaly 2",3,2525026812,2506308097,1
236790,"Agricultural Simulator 2013 - Steam Edition",3,1790277921,1605930436,11
236830,"Red Orchestra 2: Heroes of Stalingrad - Single Player",3,11138830322,7046222278,37
236850,"Europa Universalis IV",2,4808684292,3124107633,36
236870,"HITMAN™",0,16060086272,12857198013,20
236930,"Blackwell Epiphany",3,819043789,639336882,22
236970,"Jack Keane 2 - The Fire Within",3,2306308564,2129155152,8
237110,"Mortal Kombat Komplete Edition",3,9930150950,9239651962,7
237350,"Frozen Cortex",3,2050878546,1071302588,48
237430,"Expeditions: Conquistador",3,2994898387,1946068785,36
237550,"Realms of Arkania: Blade of Destiny",2,8447202752,5902083795,31
237570,"Penny Arcade's On the Rain-Slick Precipice of Darkness 4",3,509417117,465292830,9
237630,"DuckTales: Remastered",3,774430330,592585202,24
237740,"Angry Video Game Nerd Adventures",0,39448238,35471360,11
237850,"Dreamfall Chapters",3,20801775854,10840624321,48
237870,"Planet Explorers",3,13146192254,7719423642,42
237890,"Agarest: Generations of War",3,5086581379,5006260490,2
237930,"Transistor",3,3314811716,2546960960,24
237950,"UFO: Afterlight",3,2774278602,2441811850,12
237990,"The Banner Saga",3,3335661215,3248375528,3
238010,"Deus Ex: Human Revolution - Director's Cut",3,19011393266,16464477681,14
238050,"The Apogee Throwback Pack",3,226983182,194375646,15
238090,"Sniper Elite 3",3,27310223674,20562861047,25
238110,"Arcane Saga Online",3,2644602783,2436404608,8
238210,"System Shock 2",3,679895112,541694068,21
238260,"Pinball Arcade",3,20461593304,17220409939,16
238280,"Legend of Dungeon",3,597822827,541024279,10
238320,"Outlast",1,5176081561,4685497423,10
238370,"Magicka 2",3,3151044240,3126309823,1
238430,"Contagion",3,15179572571,6037946912,61
238460,"BattleBlock Theater®",0,2054537856,1945295922,6
238530,"Super Puzzle Platformer Deluxe",3,123300215,82626083,33
238630,"Fist Puncher",3,463627925,171362812,64
238910,"Bionic Dues",3,264664431,224575549,16
238930,"7 Grand Steps: What Ancients Begat",2,75786824,62040980,19
238960,"Path of Exile",2,42816297432,42541296944,1
239030,"Papers, Please",3,87646875,39708317,55
239070,"Hammerwatch",3,189335707,163233921,14
239120,"Final Fantasy III (3D Remake)",3,640419698,513030573,20
239140,"Dying Light",3,37855361450,25995870536,32
239160,"Thief",3,25625654690,21773361016,16
239200,"Amnesia: A Machine for Pigs",3,5329904443,2622190683,51
239220,"The Mighty Quest For Epic Loot",1,1433916569,1042221574,28
239250,"Castlevania: Lords of Shadow 2",3,7489344212,7451479651,1
239350,"Spelunky",3,193507203,169238526,13
239410,"Catan",0,1083418056,529475475,52
239430,"Q.U.B.E: Director's Cut",3,1154022552,863519973,26
239450,"Gun Monkeys",2,209399708,104877161,50
239820,"Game Dev Tycoon",3,184661183,138926471,25
239840,"Dead State: Reanimated",3,3140032886,1390383087,56
240160,"Duke Nukem",3,30809366,14077132,55
240180,"Duke Nukem 2",3,34943159,15427427,56
240200,"Duke Nukem: Manhattan Project",3,247920513,197373775,21
240440,"Quadrilateral Cowboy",3,259208229,225497088,14
240720,"Getting Over It with Bennett Foddy",3,1393495247,746095877,47
240970,"Half Minute Hero: The Second Coming",3,915752642,755669424,18
241240,"Contraption Maker",3,383766412,353327149,8
241260,"Sherlock Holmes: Crimes and Punishments",2,9261717742,8277562159,11
241320,"Ittle Dew",3,464177631,114009379,76
241410,"CastleStorm",3,281251191,279456712,1
241540,"State of Decay",3,2390985941,2166089970,10
241560,"The Crew",3,26317822871,23421996070,12
241600,"Rogue Legacy",3,577700191,349703900,40
241620,"Inquisitor",3,2560012862,2218318452,14
241640,"Haunted Memories",3,1414750951,883202049,38
241720,"Guncraft",3,508361028,162063245,69
241760,"Kill to Collect",3,1527294905,686530430,56
241930,"Middle-earth™: Shadow of Mordor™",0,45817291940,45718665072,1
242050,"Assassin’s Creed® IV Black Flag™",3,31516242192,25458612951,20
242550,"Rayman® Legends",1,5868407275,5383601929,9
242570,"Space Hulk (Classic)",3,4705154144,2191010053,54
242640,"Styx: Master of Shadows",3,7277503483,6324234614,14
242680,"Nuclear Throne",3,205551172,157072192,24
242700,"Injustice: Gods Among Us Ultimate Edition",3,21284669991,20567626811,4
242760,"The Forest",3,5951622656,4166159135,30
242800,"Day One: Garry's Incident",3,3288839324,2841158900,14
242820,"140",3,364070898,332357450,9
242860,"Verdun",3,8647421874,5067638000,42
242880,"Sir, You Are Being Hunted",3,1011685270,698368547,31
242920,"Banished",2,182364752,147305075,20
242940,"Anachronox",3,1090096393,1067921798,3
242960,"Blood Omen 2: Legacy of Kain",3,1971801858,1251041792,37
242980,"Daikatana",3,1007639902,817964088,19
243000,"Omikron: The Nomad Soul",3,1747126913,1372150124,22
243020,"Pandemonium",3,222396057,140381397,37
243040,"Startopia",3,595078953,423865054,29
243120,"Betrayer",3,3464745771,2952350863,15
243160,"Mushroom 11",3,459972196,212023206,54
243220,"FRACT OSC",3,1519997249,779157668,49
243280,"Poöf",3,63628873,57185369,11
243340,"Rayman Legends Demo",3,1215441083,1108788454,9
243380,"Might & Magic VI",3,544541048,534745698,2
243450,"Urban Trial Freestyle",3,626458076,489182481,22
243470,"Watch_Dogs™",2,17191537126,16917386754,2
243730,"Source SDK Base 2013 Singleplayer",3,8224323634,4874891074,41
243750,"Source SDK Base 2013 Multiplayer",3,3301119670,1890866218,43
243800,"Gas Guzzlers Extreme",3,14768911165,8840063759,41
243930,"Bound By Flame",3,4841564351,4345472693,11
243950,"Divinity: Dragon Commander",3,13474791001,10797492140,20
243970,"Invisible, Inc.",0,1190439091,1025605359,14
244030,"Take On Mars",3,6899447999,5892001494,15
244050,"Rise of Flight United",2,7934487117,6676602050,16
244070,"Sid Meier’s Ace Patrol",3,128990607,120213654,7
244090,"Sid Meier’s Ace Patrol: Pacific Skies",3,107843491,96268429,11
244160,"Homeworld Remastered Collection",0,8815430487,8339581645,6
244210,"Assetto Corsa",1,76267973027,40685637584,47
244410,"Supreme Ruler 1936",3,931457514,564498235,40
244430,"realMyst: Masterpiece Edition",3,2796828487,1830055948,35
244450,"Men of War: Assault Squad 2",2,10740224974,7577610197,30
244630,"NEOTOKYO°",1,4637935197,3085201059,34
244710,"Shelter",3,559641907,256182065,55
244850,"Space Engineers",3,40768896497,19375774960,53
244870,"Electronic Super Joy",3,603643852,426808824,30
244890,"Velocity®Ultra",3,711345551,376983851,48
244910,"Homesick",0,1608271134,1372429137,15
244930,"SNOW",3,9747669879,7174657821,27
245010,"Deathtrap Dungeon",3,272469666,172370553,37
245050,"SpellForce 2 - Demons of the Past",3,8909403392,6576351175,27
245170,"Skullgirls 2nd Encore",2,11958770234,7158526294,41
245280,"ENSLAVED™: Odyssey to the West™ Premium Edition",3,15045326687,12278283485,19
245300,"Disney Epic Mickey 2:  The Power of Two",3,7636970503,5831855729,24
245390,"I Have No Mouth, and I Must Scream",1,1399620319,1294005399,8
245410,"Wizardry 6: Bane of the Cosmic Forge",3,192488766,165745807,14
245430,"Wizardry 7: Crusaders of the Dark Savant",3,649916682,355569933,46
245450,"Wizardry 8",3,2153084571,1633124233,25
245470,"Democracy 3",3,260274631,97732623,63
245490,"Trials Fusion™",3,8522785059,8416163094,2
245620,"Tropico 5",3,2826906753,2753495474,3
246070,"Hack 'n' Slash",3,657465933,640525070,3
246090,"Spacebase DF-9",2,194899982,182239233,7
246110,"MASSIVE CHALICE",3,874746056,848279287,4
246420,"Kingdom Rush  - Tower Defense",3,363638252,360200778,1
246580,"The Typing of The Dead: Overkill",3,8117810397,7783700511,5
246620,"Plague Inc: Evolved",3,1330468309,529924927,61
246680,"Secrets of Rætikon",3,108637398,72178701,34
246760,"Legends of Eisenwald",3,2393941270,1260686868,48
246840,"FATE",3,299911174,234965711,22
246900,"Viscera Cleanup Detail",1,4359566603,3422359866,22
246960,"Giana Sisters: Twisted Dreams - Rise of the Owlverlord",3,3413148693,1852850477,46
247000,"Talisman: Digital Classic Edition",3,1393306293,1065527268,24
247020,"Cook, Serve, Delicious!",2,148879045,123600332,17
247080,"Crypt of the NecroDancer",1,2057799673,1949729855,6
247140,"Soundodger+",3,968826237,932078483,4
247370,"Mutant Mudds Deluxe",3,43632438,30641398,30
247430,"Hitman: Contracts",3,901595962,869221096,4
247580,"Magicka: Wizards of the Square Tablet",3,143281168,65917514,54
247660,"Deadly Premonition: The Director's Cut",3,7035791250,6455977718,9
247750,"The Stanley Parable Demo",0,856122186,533758600,38
247870,"Redshirt",3,218986584,64242173,71
247910,"Sniper Elite: Nazi Zombie Army 2",3,5041906694,3896441933,23
247950,"Sacred 3",3,23303306387,22588606305,4
248170,"Clickteam Fusion 2.5",3,598495836,522467809,13
248190,"Knytt Underground",3,508434940,460646786,10
248310,"Freedom Planet",3,365333920,333926810,9
248330,"Dino Run DX",3,58877965,41241740,30
248390,"Craft The World",2,1104410791,788098247,29
248490,"1953 - KGB Unleashed",3,665553888,663421640,1
248550,"Megabyte Punch",3,217031798,147711137,32
248570,"Toribash",3,362776853,171558574,53
248610,"Door Kickers",3,1137444526,466402137,59
248650,"Draw a Stickman: EPIC",3,121412163,108489654,11
248710,"Iesabel",3,2590582451,1355113596,48
248820,"Risk of Rain (2013)",1,96192970,79988244,17
248860,"NEO Scavenger",3,190772428,169594141,12
248890,"Obsidian Conflict Dedicated Server",2,6390720130,3465124487,46
249050,"Dungeon of the ENDLESS™",3,955741387,348960799,64
249130,"LEGO® Marvel™ Super Heroes",3,6499934663,6168289289,6
249230,"Risen 3 - Titan Lords",2,9569892037,7176718678,26
249330,"Unholy Heights",3,45053112,43256612,4
249360,"Zafehouse: Diaries",3,33558088,28819546,15
249380,"Carmageddon: Reincarnation",0,12896477845,11552856492,11
249590,"Teslagrad",2,791607636,364551962,54
249650,"Blackguards",3,19454115518,6955526816,65
249680,"Marlow Briggs and the Mask of Death",3,2353097416,1941576217,18
249870,"Scribblenauts Unmasked: A DC Comics Adventure",2,1118233717,1056177319,6
249990,"FORCED: Slightly Better Edition",3,3975645370,2076170127,48
250050,"Life Goes On: Done to Death",3,1041006032,434560334,59
250110,"Assault Android Cactus+",2,1518944248,1117518440,27
250180,"METAL SLUG 3",3,141932473,68858254,52
250260,"Jazzpunk: Director's Cut",0,3014460262,1565418957,49
250320,"The Wolf Among Us",3,5943157108,5020249142,16
250340,"Blockland",3,61920767,45949956,26
250380,"Knock-knock",1,524820734,367708032,30
250400,"How to Survive",3,6516711312,3596886067,45
250420,"8BitMMO",3,268202434,174867218,35
250460,"Bridge Constructor",2,261504823,110704980,58
250500,"Super Amazing Wagon Adventure",3,121079204,99002253,19
250520,"UnderRail",0,3660507268,3596655536,2
250560,"Fight The Dragon",3,605926593,333168177,46
250600,"The Plan",3,119613732,62379829,48
250620,"Among the Sleep - Enhanced Edition",3,3873426710,2064243794,47
250660,"Bunny Must Die! Chelsea and the 7 Devils",3,180762673,158751201,13
250680,"BELOW",3,3320801784,3237079279,3
250700,"Super Time Force Ultra",0,659370233,654976768,1
250760,"Shovel Knight: Treasure Trove",3,442074054,317540924,29
250820,"SteamVR",3,5621810436,2511172599,56
250900,"The Binding of Isaac: Rebirth",1,1277868346,1226764249,4
251060,"Wargame: Red Dragon",3,22757344215,17697783808,23
251110,"INFRA",3,22380875988,9579539905,58
251130,"Chroma Squad",3,719483428,164841908,78
251150,"The Legend of Heroes: Trails in the Sky",2,2650605880,2370766872,11
251270,"Corpse Party",2,933825928,760446672,19
251290,"The Legend of Heroes: Trails in the Sky SC",2,4565755053,4229420749,8
251310,"Eleusis",3,1259260324,1071562602,15
251370,"Escape Goat",3,42835067,34332237,20
251430,"The Inner World",3,1419570324,1333334622,7
251470,"TowerFall Ascension",3,329684206,268601232,19
251530,"Anomaly Korea",3,523326918,518517139,1
251570,"7 Days to Die",2,17560241492,13325499499,25
251670,"Battle Nations",3,2105686708,1673412086,21
251730,"Legend of Grimrock 2",3,1070635796,718668032,33
251830,"Stick it to The Man!",3,1248489671,684672800,46
251850,"Master Reboot",3,1667382584,1408431245,16
251870,"Go! Go! Nippon! ~My First Trip to Japan~",0,281647522,275530145,3
251990,"Long Live The Queen",3,77439326,58765013,25
252010,"Oniken: Unstoppable Edition",3,35940746,32804864,9
252110,"Lovers in a Dangerous Spacetime",3,865636877,259140335,71
252130,"Divide By Sheep",3,179141575,144754014,20
252150,"Grimm",3,365093699,216962622,41
252170,"Anomaly Warzone Earth Mobile Campaign",3,271935870,268320466,2
252190,"Defender's Quest 2: Mists of Ruin",3,938669203,869861053,8
252230,"YAIBA: NINJA GAIDEN Z",3,6285519933,5921177946,6
252250,"Maia",3,1728595057,709746141,59
252270,"Zombie Tycoon 2: Brainhov's Revenge",3,2262761443,1678021609,26
252290,"Elegy For A Dead World",3,657059543,150873911,78
252310,"Syder Arcade",3,841561390,375830327,56
252330,"Slender: The Arrival",3,10684723477,10322500781,4
252350,"Double Dragon: Neon",3,2519962538,1611361946,37
252370,"The Shivah",3,103939318,85844580,18
252410,"SteamWorld Dig",2,79779836,65290956,19
252470,"Space Pirates And Zombies 2",2,819288095,374545743,55
252490,"Rust",0,33570456991,25265155134,25
252530,"OMSI 2: Steam Edition",2,7098221403,3223240398,55
252550,"Qbeh-1: The Atlas Cube",3,3033337231,889564756,71
252570,"Depths of Fear :: Knossos",3,711881932,386885423,46
252610,"Death Road to Canada",3,108429069,98278654,10
252630,"Eldritch",3,43745000,38842374,12
252670,"Nihilumbra",3,2382822893,523007797,79
252710,"The Last Express Gold Edition",3,2919410829,2909130383,1
252830,"Claire",3,838341318,630350010,25
252870,"PULSAR: Lost Colony",3,5594467897,3003927662,47
252890,"Dracula: Love Kills",3,534381784,520730140,3
252910,"Skyscraper Simulator",3,153614327,148315563,4
252950,"Rocket League",1,28070775792,27876987047,1
252970,"McDROID",2,1992242553,1048287415,48
253030,"Race The Sun",3,155926958,43986914,72
253110,"The Cat Lady",3,1695157743,1036380186,39
253230,"A Hat in Time",3,8214952544,7034497374,15
253250,"Stonehearth",2,4198503040,2337206606,45
253390,"Hot Tin Roof: The Cat That Wore A Fedora",2,754227002,227448096,70
253410,"Ravensword: Shadowlands",2,1456170198,1022415804,30
253430,"CastleMiner Z",1,126618802,123596233,3
253470,"Real World Racing",3,2903956713,2542844539,13
253510,"WARMACHINE: Tactics",3,10888763804,10697094919,2
253530,"Fortress Forever",2,4608253914,2977621114,36
253610,"Wrack",3,697342454,690708348,1
253630,"Steam Marines",3,87474483,70806516,20
253650,"Sparkle 2 Evo",3,244785374,142790607,42
253690,"Tiny Brains",3,1197894410,1001513486,17
253710,"theHunter Classic",0,10901175776,9651835843,12
253750,"Ikaruga",3,422488784,340361216,20
253790,"rymdkapsel",3,73081013,64451065,12
253840,"Shantae: Half-Genie Hero",3,1693582704,1171780712,31
253860,"Earth 2140",2,1097741064,830082616,25
253880,"Earth 2150 Trilogy",2,743359372,642556309,14
253900,"Knights and Merchants",2,632408488,465098763,27
253920,"Gorky 17",3,744778318,511886155,32
253940,"Septerra Core",3,806815040,747846754,8
253960,"Jack Orlando: Director's Cut",3,775609601,551437826,29
253980,"Enclave",3,2232102034,1603772300,29
254060,"KnightShift",3,1178725709,1148973283,3
254080,"World War III: Black Gold",0,711014149,691864497,3
254100,"World War II: Panzer Claws",3,1388641260,1310714388,6
254300,"Dofus",3,55898663,26475339,53
254320,"Duskers",3,236501083,95012658,60
254430,"Half-Life SDK",3,740364630,139303328,82
254440,"Pool Nation",2,5343820992,1634434354,70
254460,"Obscure",2,2568553602,2526932992,2
254480,"Obscure II (Obscure: The Aftermath)",3,3155976932,2774192850,13
254700,"Resident Evil 4 (2005)",1,17431537231,15605640561,11
254840,"Ground Control II: Operation Exodus",0,1103738268,805314246,28
254860,"Lords of the Realm III",3,789265942,580476624,27
254880,"MoonBase Commander",3,641847799,476039855,26
254920,"Lords of the Realm",3,19659222,12254635,38
254940,"Free Running",3,2259802113,1246207062,45
254960,"Silent Storm Gold Edition",3,2472658745,1082260913,57
254980,"Silent Storm Sentinels",3,3300718488,1326481224,60
255070,"Abyss Odyssey",1,990835438,856087154,14
255220,"GRID Autosport",3,11557820702,10672385478,8
255280,"1954 Alcatraz",3,1961292410,1230530086,38
255300,"Journey of a Roach",3,2313564473,998956660,57
255320,"Edna & Harvey: The Breakout",3,2803726686,2219340676,21
255370,"KickBeat Steam Edition",2,1232109322,1161355450,6
255390,"Max: The Curse of Brotherhood",3,3087027730,2226602455,28
255520,"Viscera Cleanup Detail: Shadow Warrior",3,1253126088,894899081,29
255710,"Cities: Skylines",3,16538976101,7436445444,56
255870,"PixelJunk™ Shooter",3,283487013,279005503,2
255920,"The 7th Guest",3,1097498233,1000577049,9
255940,"The 11th Hour",3,1788758714,1502028262,17
256030,"Shadows: Heretic Kingdoms",1,3042796761,2926489651,4
256070,"Truck Racer",3,1151194657,1118396588,3
256190,"Enemy Front",3,8550001584,8298994276,3
256290,"Child of Light",2,2589175922,2543677389,2
256330,"WRC 4 FIA World Rally Championship",3,5688431401,4033673788,30
256370,"MXGP - The Official Motocross Videogame",3,3922033398,3344158535,15
256390,"MotoGP™14",3,24809442283,17077105380,32
256460,"Cosmic Star Heroine",3,2057597617,1651951094,20
257030,"Project Nimbus: Complete Edition",3,15197048007,13308284308,13
257120,"Not The Robots",3,286447750,115696439,60
257170,"Rebuild 3: Gangs of Deadsville",0,114069026,105377862,8
257220,"Secret Files: Sam Peters",3,688587347,656244972,5
257350,"Baldur's Gate II: Enhanced Edition",3,3822184359,3396709268,12
257400,"Fuse",2,3536516582,3015312900,15
257420,"Serious Sam 4",3,46947238355,46753664643,1
257510,"The Talos Principle",0,5767645779,5718079801,1
257670,"Elder Sign: Omens",3,917189665,588793656,36
257750,"Bloody Trapland",3,437086042,120809793,73
257790,"Riptide GP2",3,236799160,84938752,65
257830,"Violett Remastered",3,985575849,591142849,41
257850,"Hyper Light Drifter",3,534469838,456182314,15
257870,"Eschalon: Book III",3,511824179,509906074,1
257970,"Loren The Amazon Princess",1,266347052,219033123,18
257990,"Oozi: Earth Adventure",3,396573925,384794502,3
258010,"Ring Runner: Flight of the Sages",3,237000163,214037988,10
258050,"Survivor Squad",3,858943927,197258858,78
258180,"Deus Ex: The Fall",3,3400246126,2300492010,33
258220,"Blood Knights",3,2140103397,2049363771,5
258550,"Rust Dedicated Server",0,6718053003,3589645238,47
258590,"Adventure Time: Finn and Jake's Epic Quest",3,4758537057,1848571790,62
258760,"Scania Truck Driving Simulator",3,1950315523,1512524232,23
258890,"Type:Rider",3,448432169,158544756,65
258950,"Montague's Mount",3,2988643809,1406864992,53
258970,"Gauntlet™ Slayer Edition",3,1579358796,1549798103,2
259080,"Just Cause 2: Multiplayer Mod",3,18999178,8438119,56
259130,"Wasteland 1 - The Original Classic",3,390085628,268022312,32
259170,"Alone in the Dark (2008)",3,8123596736,7049365072,14
259190,"Alone in the Dark: The New Nightmare",3,1533116170,1438057544,7
259280,"Earth 2150: The Moon Project",2,619055212,587107461,6
259300,"Earth 2150: Lost Souls",3,647473111,565191080,13
259320,"Heli Heroes",3,408708671,369100415,10
259340,"Chicken Shoot Gold",3,279222559,180203086,36
259360,"Chicken Shoot 2",3,379411160,234749386,39
259470,"Particulars",3,1398376977,957915786,32
259510,"Shufflepuck Cantina Deluxe",3,82517728,71163904,14
259530,"Savant - Ascent",3,1033447321,1009522080,3
259550,"Hero of the Kingdom",3,345991750,230665800,34
259600,"Finding Teddy",3,83467846,74249415,12
259680,"Tales of Maj'Eyal",3,1234714188,805050562,35
259760,"Two Brothers",3,580166634,578042374,1
259780,"Nimble Quest",3,98610814,27346735,73
259810,"Home Sheep Home: Farmageddon Party Edition",2,1279919639,935446456,27
259870,"OMG Zombies!",3,106955413,61001728,43
259890,"Agricultural Simulator: Historical Farming",3,1337845291,1281494026,5
260130,"Agarest: Generations of War Zero",3,5409740718,5310246912,2
260160,"The Last Tinker™: City of Colors",3,2132402882,1131058957,47
260190,"Marc Eckō's Getting Up: Contents Under Pressure",2,2906226796,2246378738,23
260210,"Assassin’s Creed® Liberation HD",2,3271786318,2883922960,12
260230,"Valiant Hearts: The Great War™ / Soldats Inconnus : Mémoires de la Grande Guerre™",1,1219254855,1148396786,6
260250,"Blood of the Werewolf",3,1918508303,1614556696,16
260410,"Get Off My Lawn!",3,861198057,236468017,73
260690,"Dark Fall: The Journal",3,541480663,312399833,43
260710,"Dark Fall 2: Lights Out",3,1130872142,851154014,25
260730,"Desperados: Wanted Dead or Alive",3,1982044634,1772555481,11
260750,"Neighbours from Hell Compilation",2,167923764,157184496,7
260770,"Neighbours from Hell 2",3,291494081,270291458,8
261030,"The Walking Dead: Season Two",3,4150478636,3931199398,6
261110,"Killer is Dead - Nightmare Edition",3,13535775252,12300659693,10
261180,"Lethal League",2,98528597,89694162,9
261430,"AION MMO",3,38146934936,36600365247,5
261470,"Distant Worlds: Universe",3,741161977,690808129,7
261490,"Bedlam",3,4945143742,1788965357,64
261530,"Lifeless Planet Premier Edition",3,984742617,659801909,33
261550,"Mount & Blade II: Bannerlord",0,54233948631,48615863701,11
261570,"Ori and the Blind Forest",3,7934653406,2678087890,67
261640,"Borderlands: The Pre-Sequel",1,13550441560,12720300961,7
261700,"Eryi's Action",3,36252898,32223232,12
261720,"Holy Avatar vs. Maidens of the Dead",3,1553661060,1529297976,2
261760,"Lichdom: Battlemage",3,12792985771,12312851496,4
261820,"Estranged: Act I",3,2995520287,1509020023,50
261880,"Corporate Lifestyle Simulator",3,515448218,507470896,2
261960,"Cube & Star: An Arbitrary Love",3,102671514,49220042,53
261980,"Half-Life: Before",0,72993631,49172166,33
262000,"Gabriel Knight: Sins of the Fathers 20th Anniversary Edition",2,3285641502,2251517449,32
262060,"Darkest Dungeon®",1,3524461134,2975266091,16
262120,"Toy Soldiers: Complete",3,1680486496,1623980890,4
262150,"Vanguard Princess",2,590382855,374087481,37
262260,"Jets'n'Guns Gold",3,98390625,97103548,2
262280,"Dungeons 2",3,5616776206,2815847892,50
262390,"Cloudbuilt",2,2641573979,1192473014,55
262410,"World of Guns: Gun Disassembly",3,194294869,66837964,66
262490,"Manga Maker Comipo",3,1601182044,1552163965,4
262690,"Little Racers STREET",3,72724266,67889021,7
262830,"Crimsonland",3,113698541,89029105,22
262920,"Super Chain Crusher Horizon",3,398484000,381455862,5
262940,"Broken Sword 5 - the Serpent's Curse",3,6605743190,6530518947,2
263100,"9.03m",2,294282553,200071653,33
263180,"Squirt's Adventure",3,126253459,23279409,82
263200,"Signs of Life",2,960539191,675055321,30
263260,"Motor Rock",2,1018275246,888776430,13
263280,"Spintires®",3,2951025804,1385920735,54
263300,"BlazBlue: Calamity Trigger",2,12155932100,9120208028,25
263320,"Saturday Morning RPG",3,1009401916,283182914,72
263400,"War of the Human Tanks",3,1300529880,1250773056,4
263460,"Girls Like Robots",1,266420063,131768397,51
263520,"Enola",3,1777665724,1496222475,16
263540,"Villagers and Heroes",3,3459436972,1836883821,47
263620,"Mitsurugi Kamui Hikae",3,112363932,101683200,10
263740,"FootLOL: Epic Soccer League",2,118457971,60679889,49
263760,"Turbo Dismount™",2,391135566,163757504,59
263820,"EvilQuest",3,245037086,83641719,66
263860,"SPACECOM",3,223716358,133614338,41
263880,"Aqua Kitty - Milk Mine Defender",3,163241747,79896978,52
263960,"Wyv and Keep: The Temple of the Lost Idol",3,168633120,124820082,26
263980,"Out There Somewhere",3,327444829,229548891,30
264080,"Vangers",3,465150469,300772146,36
264140,"Pixel Piracy",1,949088729,600042782,37
264200,"One Finger Death Punch",3,163412427,104437746,37
264280,"99 Levels To Hell",3,1373499250,478668598,66
264300,"Guns n Zombies",3,2352287709,1075801599,55
264320,"Captain Morgane and the Golden Turtle",3,2887530891,1658338473,43
264380,"Narcissu 1st & 2nd",3,346361733,296767494,15
264710,"Subnautica",3,7098663653,3806544016,47
264730,"Deadly 30",3,30465630,30011398,2
265000,"FORCED SHOWDOWN",3,3646292883,2142954082,42
265120,"Meridian: New World",1,1047008241,980400937,7
265170,"Acceleration of SUGURI X-Edition HD",3,449835235,250680252,45
265210,"Viscera Cleanup Detail: Santa's Rampage",3,911625494,651874954,29
265300,"Lords Of The Fallen™ 2014",1,19106368576,18104835264,6
265330,"Gomo",3,283487530,270690111,5
265380,"Grimind",3,141410943,106554425,25
265550,"Dead Rising 3 Apocalypse Edition",3,31898345047,26243804088,18
265590,"The Red Solstice",3,3015192195,1322108226,57
265610,"Epic Battle Fantasy 4",2,174805104,158995306,10
265630,"Fistful of Frags",3,5903213426,2824257057,53
265690,"NaissanceE",3,1126214278,895741552,21
265810,"The Sandbox",3,79934886,41930556,48
265890,"Hexcells",3,107630079,64212853,41
265930,"Goat Simulator",3,2649444638,2192184203,18
265970,"Worlds of Magic",3,2146617251,1321922650,39
266010,"LYNE",3,141010482,65916654,54
266110,"Tower of Guns",3,719081978,511326075,29
266130,"Breach & Clear",3,2812276752,1186754871,58
266210,"One Way Heroics",3,138852136,133517610,4
266230,"Last Dream",3,1150737460,948847443,18
266250,"Procyon",3,95876218,93180402,3
266290,"Helicopter Simulator 2014: Search and Rescue",3,1773916859,972729426,46
266310,"GameGuru Classic",3,9953886637,4047953688,60
266330,"Ethan: Meteor Hunter",3,1076411442,533428739,51
266410,"iRacing",3,86124138126,84903014484,2
266430,"Anarchy Arcade",2,4037524237,2496991481,39
266510,"Hand of Fate",3,2739480979,1706565679,38
266840,"Age of Mythology: Extended Edition",2,2523799882,2033701532,20
267490,"Batman™: Arkham Origins Blackgate - Deluxe Edition",3,2781895812,2075005564,26
267530,"The LEGO® Movie - Videogame",1,8181961947,6769166466,18
267600,"Airport Simulator 2014",3,207191661,193074200,7
267610,"Woodcutter Simulator 2013",3,478870926,430780780,11
267670,"Realms of Arkania 1 - Blade of Destiny Classic",3,31123868,24277979,22
267750,"Shadowrun Chronicles - Boston Lockdown",1,2790980693,2450267763,13
267900,"Guilty Gear Isuka",3,597725134,468216051,22
267920,"Gun Metal",3,790067279,452271462,43
267980,"Hostile Waters: Antaeus Rising",3,610245073,554000207,10
268050,"The Evil Within",0,41964249113,39059330360,7
268130,"Heat Signature",3,199464047,165140496,18
268220,"Meltdown",3,235841066,109774183,54
268240,"Mechanic Escape",3,1272425087,213477169,84
268260,"Let's Sing",3,2573192139,2256084668,13
268400,"Panzer Corps Gold",3,1593984534,1488243333,7
268500,"XCOM® 2",0,70276233631,68378333791,3
268650,"From the Depths",3,3594901956,1934977255,47
268750,"Magicite",3,524677677,387912133,27
268770,"Treasure Adventure World",3,1335390485,1074095280,20
268810,"Paranormal State: Poison Spring Collector's Edition",3,729348322,569094766,22
268830,"Doctor Who: The Adventure Games",3,7107420461,2980916364,59
268850,"EVGA Precision X1",2,55972771,38307941,32
268870,"Satellite Reign",3,1361503013,653738824,52
268910,"Cuphead",0,4744620059,4415950713,7
268990,"The Dishwasher: Vampire Smile",3,335721490,272499587,19
269050,"Year Walk",3,1031991218,270600118,74
269110,"Super Motherload",3,602215891,372193116,39
269150,"Luxuria Superbia",3,195019114,106772273,46
269190,"Edge Of Eternity",3,21636045166,16075875845,26
269210,"Hero Siege",3,3516199850,2820206400,20
269310,"Infectonator: Survivors",3,184373608,149725369,19
269330,"Chronology",3,234973586,188375565,20
269370,"Reaper - Tale of a Pale Swordsman",3,50681585,48378169,5
269430,"Burning Cars",3,77564390,63009040,19
269490,"Bardbarian",3,156612485,107547184,32
269650,"Dex",3,6568878094,2306142970,65
269670,"BADLAND: Game of the Year Edition",2,247981442,202292491,19
269690,"RymdResa",3,665646111,498892957,26
269710,"Tumblestone",3,806920920,254333255,69
269770,"Secrets of Grindea",3,800281618,661780491,18
269790,"DreadOut",3,8243873966,4714049186,43
269890,"AR-K",1,4040107263,2030845612,50
269910,"Xam",3,2003632810,791353669,61
269950,"X-Plane 11",1,65254518595,54253443885,17
269990,"Infinite Space III: Sea of Stars",3,425055105,169238329,61
270050,"Quest of Dungeons",3,54425291,46431789,15
270090,"//N.P.P.D. RUSH//- The milk of Ultraviolet",3,86622778,53350400,39
270110,"Block Story™",0,639386302,335967494,48
270150,"RUNNING WITH RIFLES",3,2528509483,1886487910,26
270170,"Depression Quest",3,108535808,84025344,23
270210,"Melody's Escape",1,38021708,31624220,17
270510,"EPOCH",3,672436802,418347336,38
270550,"Yet Another Zombie Defense",3,163750061,155699628,5
270570,"Reversion - The Escape (1st Chapter)",3,555268669,535900219,4
270630,"Haunt the House: Terrortown",3,261924142,222883333,15
270750,"Realms of Arkania 2 - Star Trail Classic",3,93926338,59055835,38
270760,"Realms of Arkania 3 - Shadows over Riva Classic",3,1429304381,1218698896,15
270810,"Jones On Fire",2,34816918,19072814,46
270850,"Car Mechanic Simulator 2014",3,1289627524,622125360,52
270880,"American Truck Simulator",0,18410528149,18349547428,1
270910,"Worms World Party Remastered",3,782894492,550542433,30
271240,"Offworld Trading Company",3,1709974676,678570615,61
271260,"Star Control®: Origins",3,13254167168,7210029930,46
271360,"Industry Giant 2",3,1750458253,940681116,47
271550,"Tribloos 2",3,79904319,76459176,5
271570,"Space Farmers",2,362938746,88105672,76
271590,"Grand Theft Auto V",2,120745190916,119538093995,1
271670,"10 Second Ninja",3,71279616,71213056,1
271820,"Card City Nights",3,245682168,122820727,51
271860,"Super Killer Hornet: Resurrection",3,333811048,189956810,44
271900,"Hexcells Plus",3,113760023,64864505,43
272040,"KAMI",3,81078597,54441269,33
272060,"Serena",3,389863655,330226344,16
272270,"Torment: Tides of Numenera",3,10337233607,5303184686,49
272470,"The Incredible Adventures of Van Helsing II",2,22077288716,13524759147,39
272510,"NARUTO SHIPPUDEN: Ultimate Ninja STORM Revolution",2,8067557913,7236096761,11
272600,"Detective Grimoire",2,161534607,137921548,15
272620,"Serious Sam's Bogus Detour",3,221553128,189296861,15
272890,"Vertiginous Golf",3,1502740386,833613957,45
272990,"GAUGE",3,18826257,17797120,6
273030,"Pro Rugby Manager 2015",3,2307575690,1118070504,52
273070,"The Last Federation",3,432006402,390946862,10
273110,"Counter-Strike Nexon",0,9286040154,8958822861,4
273350,"Evolve Stage 2",2,21231866521,21217609256,1
273500,"Over 9000 Zombies!",3,68734663,34991223,50
273740,"Extreme Roads USA",3,1637296329,727102746,56
273760,"Towtruck Simulator 2015",3,234549602,217442353,8
273770,"Game Tycoon 1.5",2,260169826,123381711,53
273790,"Agricultural Simulator 2012: Deluxe Edition",3,280314805,245324670,13
273800,"Forestry 2017 - The Simulation",3,3127469645,1703801626,46
273820,"Mining & Tunneling Simulator",3,342248921,336339142,2
273830,"Aviator - Bush Pilot",3,1549686747,769256977,51
273940,"Warehouse and Logistics Simulator",3,2581410210,1244728316,52
273960,"Mechs & Mercs: Black Talons",3,3477949867,1803054455,49
274170,"Hotline Miami 2: Wrong Number",1,698952972,647801854,8
274190,"Broforce",1,487550422,410858136,16
274230,"RONIN",3,106075130,47238612,56
274250,"OlliOlli",3,144848228,73089030,50
274290,"Gods Will Be Watching",3,935830732,829033373,12
274310,"Always Sometimes Monsters",3,297176802,292669022,2
274350,"Dropsy",3,1019748257,288733736,72
274450,"The Powerpuff Girls: Defenders of Townsville",2,323500403,87013175,74
274500,"Brigador: Up-Armored Edition",3,1061451739,573963455,46
274520,"Darkwood",0,4210240092,2103557096,51
274900,"Murder Miners",3,496395986,326670136,35
274920,"FaceRig",3,4819586942,4517785516,7
274940,"Depth",1,5946980060,4769366516,20
274980,"Influent Language Learning Game",3,660922603,427448185,36
275100,"Shelter 2",3,2207928429,978984066,56
275180,"Costume Quest 2",3,1107421687,974360656,13
275200,"Westerado: Double Barreled",2,232791358,211119103,10
275350,"Sentinel 3: Homeworld",3,235364578,227921345,4
275390,"Guacamelee! Super Turbo Championship Edition",2,843272566,805731582,5
275470,"Chip",2,82296611,67156444,19
275490,"Canyon Capers",3,37496832,37400576,1
275510,"Z Steel Soldiers",3,1098748538,720767247,35
275570,"Summoner",3,1507290850,769746989,49
275850,"No Man's Sky",2,20734234599,20412262664,2
276160,"Sven Co-op SDK",3,33093666,13186170,61
276220,"My Best Friends - Cats & Dogs",3,350976038,123248748,65
276240,"My Vet Practice - In the Country",3,579955912,295953887,49
276300,"My Riding Stables: Your Horse world",3,1446368868,571221122,61
276340,"My Riding Stables: Life with Horses",3,164447576,157976409,4
276360,"Riding Star - Horse Championship!",3,880529751,520671232,41
276380,"My Pet Hotel",3,271407964,130567119,52
276430,"My Pet Hotel 2",3,446917815,159496244,65
276730,"Tango Fiesta",1,936966797,439605238,54
276770,"Toy Soldiers: War Chest",3,10154873080,3999816444,61
276810,"Mordheim: City of the Damned",2,5809567103,5321069568,9
276890,"FATE: Undiscovered Realms",3,392355475,326177694,17
277110,"Return to Mysterious Island",3,1078067531,1007802668,7
277270,"Return to Mysterious Island 2",3,3535316260,2929291999,18
277430,"Halo: Spartan Assault",3,2400800636,1381235284,43
277450,"Imperial Glory",3,1646130671,1626259217,2
277460,"Praetorians",3,503421504,489406210,3
277470,"The Book of Legends",3,152042064,143078980,6
277510,"Shiny The Firefly",3,369803039,155174711,59
277520,"Albedo: Eyes from Outer Space",3,2416313094,967878724,60
277540,"Curse of Dragon Mountains: The Strix",3,181702972,150965382,17
277590,"Assassin's Creed Freedom Cry",3,9731442358,8205079564,16
277630,"Panzer Tactics HD",3,759958452,758555644,1
277650,"Kult: Heretic Kingdoms",3,2288161765,995211689,57
277870,"Diehard Dungeon",3,64773412,60625975,7
277890,"Shantae: Risky's Revenge - Director's Cut",3,338891213,180021691,47
278080,"DYNASTY WARRIORS 8: Xtreme Legends Complete Edition",1,15905019194,15223239805,5
278360,"A Story About My Uncle",3,1258264110,995291219,21
278440,"0RBITALIS",3,117768788,91661485,23
278460,"Skyborn",3,204174106,196602752,4
278530,"3 Stars of Destiny",3,87136100,79893492,9
278570,"Labyrinthine Dreams",3,120208725,111543955,8
278640,"Terrian Saga: KR-17",3,63338632,44040909,31
278910,"Interplanetary",1,1316748396,440617767,67
278930,"GIGANTIC ARMY",3,103015884,89294635,14
279160,"Ultionus: A Tale of Petty Revenge",3,55688060,46082371,18
279440,"Joe Dever's Lone Wolf HD Remastered",3,3121892954,1695629314,46
279480,"Abalone",3,27866550,18837063,33
279500,"Nicolas Eymerich - The Inquisitor - Book 1 : The Plague",3,4261608412,2044917998,53
279560,"Dracula 4 and  5 - Special Steam Edition",3,2230558075,2206834315,2
279740,"3D ParticleGen Visual FX",3,524852904,114815384,79
279800,"Grim Legends 2: Song of the Dark Swan",3,997227328,902604788,10
279990,"Bridge Constructor Playground",3,119039009,37159723,69
280140,"Millennium - A New Hope",3,178603268,167244399,7
280160,"Aragami",3,8160691286,3393825337,59
280180,"Hover",3,4669956504,1435253490,70
280220,"Creeper World 3: Arc Eternal",3,270399924,101468751,63
280520,"Crea",3,165133093,116131369,30
280560,"Danmaku Unlimited 2",3,99123167,94654464,5
280640,"Dark Shadows - Army of Evil",3,2212969263,1846025380,17
280680,"Krita",3,539409093,213563141,61
280740,"Aperture Tag: The Paint Gun Testing Initiative",3,3166988798,2271988691,29
280790,"Creativerse",3,2783243912,1220203002,57
281060,"Reversion - The Meeting (2nd Chapter)",3,543810777,506417211,7
281080,"Reversion - The Return (Last Chapter)",3,2237243830,2198442043,2
281240,"Adventure Chronicles: The Search For Lost Treasure",3,104520722,97010679,8
281280,"Mashed",3,362533588,240363968,34
281370,"Real Horror Stories Ultimate Edition",3,114836113,88478507,23
281390,"O.R.B: Off-World Resource Base",3,643157990,603974790,7
281410,"UberSoldier II",3,5276720987,3020463224,43
281430,"Clans",3,246800413,234759247,5
281450,"Disciples Sacred Lands Gold",3,669206760,625439822,7
281560,"D.W.A.R.F.S.",3,591131637,342046143,43
281610,"Homeworld: Deserts of Kharak",3,9144311055,5550911294,40
281640,"The Banner Saga 2",3,5478179711,5299427156,4
281750,"Munin",3,1557050617,393799477,75
281820,"Explodemon",3,2938720248,693697575,77
281860,"RefleX",3,191135553,190144669,1
281920,"Splatter - Zombiecalypse Now",2,382151221,212271148,45
281940,"Woolfe - The Red Hood Diaries",3,2466225243,2041135941,18
281990,"Stellaris",1,20080206510,13447472860,34
282010,"Carmageddon Max Pack",3,598935708,350277658,42
282030,"Carmageddon 2: Carpocalypse Now",3,333673179,184280419,45
282070,"This War of Mine",0,2783682964,2743947705,2
282140,"SOMA",3,22147294418,12055190719,46
282210,"Sid Meier's Starships",3,703704509,671285248,5
282350,"NBA 2K15",3,53438812188,50741477376,6
282400,"SuperPower 2 Steam Edition",3,1687767358,968776071,43
282440,"Quake Live",3,1137943826,1103654836,4
282530,"Castlevania: Lords of Shadow – Mirror of Fate HD",3,2018640504,1015095296,50
282660,"Easy eSports",1,2216521,1309463,41
282760,"Circuits",3,347998348,249010825,29
282800,"100% Orange Juice",2,2488422798,2321629243,7
282880,"FaeVerse Alchemy",3,281818353,228077248,20
282900,"Hyperdimension Neptunia Re;Birth1",3,8169221240,6254348865,24
283020,"The Campaign Series: Fall Weiss",3,162288682,148237541,9
283160,"House of the Dying Sun",3,1078020704,621603076,43
283270,"Jagged Alliance 1: Gold Edition",3,1223523621,770868630,37
283290,"Nosferatu: The Wrath of Malachi",3,363531432,244680158,33
283310,"Soulbringer",3,1397355445,880645468,37
283330,"Desert Thunder",3,646280004,267162078,59
283350,"Eurofighter Typhoon",3,532689730,381310092,29
283390,"Incoming + Incoming Forces",3,528312157,353362096,34
283430,"Litil Divil",3,39739142,13133230,67
283640,"Salt and Sanctuary",3,588243275,511408908,14
283660,"Rabbit Hole 3D: Steam Edition",3,66059058,21612314,68
283680,"Astebreed: Definitive Edition",2,893912418,878992494,2
283880,"Heroine's Quest: The Herald of Ragnarok",3,674490508,577624832,15
284050,"Sanitarium",3,2189949701,1778751365,19
284160,"BeamNG.drive",3,52668003592,22982894019,57
284240,"Maize",1,11096378718,6600993387,41
284260,"PANORAMICAL",3,866137317,521253152,40
284390,"The Last Door - Collector's Edition",2,329742515,301484387,9
284460,"DeadCore",3,3851898656,1670887351,57
284710,"Abyss: The Wraiths of Eden",3,948533171,884138546,7
284730,"Dark Arcana: The Carnival",3,714377732,630288827,12
284750,"Enigmatis: The Ghosts of Maple Creek",3,521510134,423735716,19
284770,"Enigmatis 2: The Mists of Ravenwood",3,961622968,873767330,10
284830,"Clockwork Tales: Of Glass and Ink",3,863462582,747881013,14
284850,"Grim Legends: The Forsaken Bride",3,892745659,807305635,10
284870,"9 Clues: The Secret of Serpent Creek",3,469150610,380457702,19
284890,"Left in the Dark: No One on Board",3,301317230,253927842,16
284950,"Pixel Puzzles: Japan",3,138119332,104345698,25
285010,"Pixel Puzzles: UndeadZ",2,141158461,115552354,19
285110,"GearCity",2,4434002871,4198205473,6
285160,"LEGO® The Hobbit™",3,8852936958,7908818963,11
285190,"Warhammer 40,000: Dawn of War III",3,32195728362,29042933890,10
285310,"RollerCoaster Tycoon®: Deluxe",3,856171654,667615952,23
285330,"RollerCoaster Tycoon® 2: Triple Thrill Pack",3,1343884590,1178246335,13
285440,"Crimzon Clover  WORLD IGNITION",3,745786919,669843529,11
285480,"The Entente Gold",3,616978342,584174934,6
285500,"Hard Truck Apocalypse / Ex Machina",1,897000451,623875388,31
285520,"Sledgehammer / Gear Grinder",3,654814362,635015703,4
285800,"Braveland",3,373473468,259477158,31
285900,"Gang Beasts",3,1492983719,983537289,35
285920,"TerraTech",3,732845812,541339738,27
286000,"Tooth and Tail",3,540317406,490640725,10
286040,"Dead Effect",3,3156377446,1551073152,51
286080,"Thinking with Time Machine",3,4642787905,2519890045,46
286100,"You Have to Win the Game",3,9636574,3198679,67
286160,"Tabletop Simulator",2,2992715757,1611394115,47
286220,"Pier Solar and the Great Architects",1,3654103665,3286735811,11
286260,"fault - milestone one",0,1051094707,977535898,7
286300,"Algo Bot",3,3188100125,1380904964,57
286360,"Shadows on the Vatican - Act I: Greed",3,4089205555,3965266826,4
286380,"Strata",3,53737667,17954615,67
286460,"Black Mirror II",3,5703487063,3493776825,39
286480,"Black Mirror III",3,4022895938,2183578636,46
286570,"F1 2015",3,13127040005,11388502665,14
286660,"Avoid - Sensory Overload",3,240008308,64467760,74
286690,"Metro 2033 Redux",3,8383289300,7444944900,12
286770,"Shadow Ops: Red Mercury",3,3422809161,2682038190,22
286810,"Hard Truck Apocalypse: Rise Of Clans / Ex Machina: Meridian 113",3,856992080,562063186,35
286830,"Hard Truck Apocalypse: Arcade / Ex Machina: Arcade",3,1150071350,719854282,38
287020,"Harvester",2,1671763773,1270463252,25
287290,"Resident Evil Revelations 2",1,7172556903,6778149163,6
287310,"Re-Volt",3,519933416,398490927,24
287340,"Colin McRae Rally",3,887237700,208657486,77
287390,"Metro: Last Light Redux",3,9913356309,8929870444,10
287450,"Rise of Nations: Extended Edition",3,2742994418,1778046459,36
287600,"Sunset",3,1120796619,610033496,46
287630,"The Council",1,23877845100,14344740333,40
287680,"Pro Evolution Soccer 2015",3,9984979162,8771030024,13
287700,"METAL GEAR SOLID V: THE PHANTOM PAIN",3,31419936691,30523099300,3
287840,"TY the Tasmanian Tiger 4",3,2697606134,2460955792,9
287980,"Mini Metro",3,325113075,211955636,35
288080,"BoneTown: The Second Coming Edition",2,6398270297,4651324809,28
288160,"The Room",3,711657234,461387041,36
288370,"Strike Suit Zero: Director's Cut",3,6294500483,3256906071,49
288470,"Fable Anniversary",2,9296333720,8308401008,11
288790,"White Haven Mysteries",3,540578145,525806365,3
288830,"Voodoo Whisperer Curse of a Legend",3,209115408,207364096,1
288840,"Haunted Past: Realm of Ghosts",3,631030155,617407028,3
288880,"Pineview Drive",3,2535750218,1461657664,43
288970,"Dark Lore Mysteries: The Hunt For Truth",3,686131992,478054654,31
289050,"Shannon Tweed's Attack Of The Groupies",3,252779178,86190379,66
289070,"Sid Meier’s Civilization® VI",3,26113989576,16907783525,36
289130,"ENDLESS Legend™",3,6120303794,4420956671,28
289180,"A.I.M.2 Clan Wars",3,2268281592,1663579610,27
289200,"Ascension to the Throne",3,1434687617,967168718,33
289240,"Perimeter: Emperor's Testament",3,2626357256,1073074680,60
289280,"El Matador",3,2645857015,2614180350,2
289300,"Faces of War",3,1504184037,1473472850,3
289360,"Konung 2",3,470674463,358356491,24
289380,"Konung 3: Ties of the Dynasty",3,890437929,865360206,3
289400,"Parkan 2",3,1910719939,860755724,55
289420,"Planet Alcatraz",3,4727232245,3403594062,29
289440,"Perimeter",3,3311019947,1355475836,60
289460,"RC Cars",3,850378200,603138412,30
289500,"UFO: Aftershock",3,3048575631,2945044696,4
289520,"King's Bounty: Dark Side",3,7420353940,4382416446,41
289580,"Aggression: Europe Under Fire",3,2202308482,1479537088,33
289600,"Marauder",3,3777710049,2214647162,42
289620,"Collapse",3,4535991575,3126118738,32
289650,"Assassin's Creed® Unity",3,52816017955,49411732852,7
289690,"LARA CROFT AND THE TEMPLE OF OSIRIS™",3,3329781993,2758564477,18
289760,"ROCKETSROCKETSROCKETS",3,197781768,97144347,51
289800,"Dracula: The Resurrection",3,1365798233,1351414480,2
289820,"Dracula 2: The Last Sanctuary",3,1347560612,1326790631,2
289840,"Dracula 3: The Path of the Dragon",3,1037713750,995155859,5
289890,"7,62 High Calibre",3,4587312143,3112084408,33
290000,"DubWars",3,528464134,402074047,24
290040,"Retro Game Crunch",3,278580805,178158825,37
290100,"Bulwark: Falconeer Chronicles",3,1772475227,1044771616,42
290260,"Sokobond",3,261411353,203501127,23
290300,"Rebel Galaxy",3,2378856833,2335315903,2
290340,"Armello",3,1521149672,1275130960,17
290380,"Micron",3,82847384,32402847,61
290470,"Onigiri",1,8337673884,8311747889,1
290530,"Clandestine",3,6233625882,3174715060,50
290650,"Time Ramesside (A New Reckoning)",3,6915373394,2621286760,63
290770,"The Fall",3,346204539,182466907,48
290790,"Grey Goo",3,16782940621,12603097150,25
290890,"You Must Build A Boat",3,85206842,35536440,59
290930,"Half-Life 2: Update",3,7247679191,3882427774,47
291150,"Evolution RTS",2,7764634591,7606539845,3
291210,"UberStrike",3,795795865,418520082,48
291480,"Warface",3,569466915,327445032,43
291550,"Brawlhalla",0,1050182666,1023123066,3
291610,"Growing Pains",3,98674356,87527642,12
291630,"Mirror Mysteries",3,79589940,79507456,1
291640,"Mirror Mysteries 2",3,1900916814,600572235,69
291650,"Pillars of Eternity",0,23468890276,15161395070,36
291710,"The Lost Crown",0,1341228252,1306281564,3
291840,"The Feud: Wild West Tactics",3,7377428081,3363119469,55
291860,"Pit People®",3,2078102841,2004547243,4
291960,"Elminage Gothic",3,629342815,621203456,2
292000,"No More Room in Hell 2",1,24331886170,21251357758,13
292030,"The Witcher 3: Wild Hunt - Complete Edition",1,58189461438,55754596671,5
292120,"FINAL FANTASY® XIII",3,53124238056,51433946046,4
292140,"FINAL FANTASY® XIII-2",1,27151454908,25145439628,8
292160,"UFO: Aftermath",3,1323720884,1255596140,6
292200,"Crazy Plant Shop",3,134901480,105498363,22
292390,"Realms of the Haunting",3,1810450985,1555462717,15
292400,"Unrest",1,908239346,822994668,10
292410,"Street Racing Syndicate",3,1835184564,1084845518,41
292420,"Panzer Elite Action Gold Edition",3,3613910675,2827664378,22
292440,"Panzer Elite Action Dunes of War",3,1639629724,1002313946,39
292500,"Kero Blaster",2,4808131,3268992,33
292620,"Pressured",3,23683150,20247526,15
292660,"Princess Isabella",3,118512174,109412773,8
292670,"Princess Isabella - Return of the Curse",3,597370605,574139584,4
292730,"Call of Duty®: Infinite Warfare",3,94817940071,89589313201,6
292930,"Black Mirror I",3,1986905591,1439997258,28
293180,"Overcast - Walden and the Werewolf",3,783130255,470173018,40
293200,"Sentinel",3,757946017,674177997,12
293240,"Cosmochoria",1,363854348,301120085,18
293320,"Coma: Mortuary",3,3720610375,3401280128,9
293420,"Heldric - The legend of the shoemaker",3,925554239,469267304,50
293440,"Elliot Quest",3,164022628,101417766,39
293660,"TRI: Of Friendship and Madness",3,465521357,283073832,40
293760,"Automation - The Car Company Tycoon Game",1,32645447660,19015563716,42
293780,"Crawl",3,270624837,58735067,79
293920,"Spirited Heart Deluxe",3,119902579,65185458,46
293940,"Kill The Bad Guy",1,860309029,276936554,68
294100,"RimWorld",2,621265230,344753488,45
294160,"Galcon 2: Galactic Conquest",3,37100609,30807803,17
294230,"Millie",3,436217509,109094709,75
294420,"7 Days to Die Dedicated Server",2,16557170654,14085835666,15
294440,"Shadowgate",3,2278915879,1011529711,56
294730,"Marine Park Empire",3,1169682186,586979831,50
294750,"Anomaly Defenders",3,504071906,494936475,2
294770,"Haegemonia: Legions of Iron",3,860143238,653731471,24
294790,"Haegemonia: The Solon Heritage",3,951046979,505209783,47
294810,"BlazBlue: Continuum Shift Extend",3,9248104989,8500735886,9
294860,"Valkyria Chronicles™",3,21391571595,18343613237,15
295250,"Stranded",3,117895929,97640823,18
295730,"Sweezy Gunner",3,145005185,116638269,20
295790,"Never Alone (Kisima Ingitchuna)",1,2127533598,1396546951,35
295930,"Swipecart",3,39794176,39731200,1
296050,"Battlepaths",3,257438049,84853540,68
296070,"MIND: Path to Thalamus Enhanced Edition",2,2736240738,2666376932,3
296180,"Iron Storm",3,996430888,816611809,19
296210,"Brigade E5: New Jagged Union",3,1872501976,1746153806,7
296220,"Farm Frenzy 4",3,784906157,490645604,38
296240,"The Promised Land",3,330463169,185086596,44
296490,"GemCraft - Chasing Shadows",3,92490966,67003898,28
296570,"Lords of Xulima",0,1484173897,1459652956,2
296630,"Kraven Manor",3,774220790,590547044,24
296710,"Monstrum",3,2508670504,1692283642,33
296910,"8BitBoy™",0,95285054,65687552,32
296930,"Ascendant",3,1173748876,517490492,56
296970,"Renowned Explorers: International Society",2,1076124272,1031652067,5
297000,"Heroes® of Might & Magic® III - HD Edition",3,1577347263,1530003511,4
297020,"The Culling Of The Cows",3,93942243,83304143,12
297060,"Freaking Meatbags",2,204832296,107820826,48
297070,"Nicolas Eymerich The Inquisitor Book II : The Village",3,4138376507,2565945137,38
297100,"Beyond Space",3,1509501583,822595027,46
297110,"Cosmic DJ",1,594007841,372742420,38
297120,"Heavy Bullets",3,189989426,88322521,54
297130,"Titan Souls",3,214405799,188238830,13
297210,"Famaze",3,71445531,45652373,37
297450,"Zombies on a Plane",3,1161304509,948306838,19
297570,"Warrior Kings",3,607813706,509095180,17
297740,"Overruled!",3,724086693,297765043,59
297860,"Split/Second",3,8784329590,6406439455,28
297920,"Space Colony: Steam Edition",2,1127569534,1022498145,10
298020,"Escape The Museum",3,98991540,90220908,9
298030,"Total Annihilation",3,1163160880,1147187745,2
298110,"Far Cry® 4",0,35614927699,34228256910,4
298140,"Rhiannon: Curse of the Four Branches",3,931384305,915001344,2
298180,"The Desolate Hope",3,475579979,474583040,1
298240,"War Trigger 3",3,1698913095,1340271649,22
298520,"Orbital Gear",1,787911560,280250986,65
298600,"Lovely Planet",3,117624376,37414376,69
298630,"The Escapists",2,87710038,79502919,10
298740,"Space Engineers Dedicated Server",3,7326627558,2109134130,72
298820,"Millennium 2 - Take Me Higher",3,142137029,133523982,7
298830,"Millennium 3 - Cry Wolf",3,169851666,160685604,6
298840,"Millennium 4 - Beyond Sunset",3,195118721,178500116,9
298850,"Millennium 5 - The Battle of the Millennium",3,354917839,338982416,5
298890,"Adventure Time: The Secret Of The Nameless Kingdom",3,381157385,180792257,53
299050,"Blood II: The Chosen + Expansion",3,664990013,376365811,44
299070,"Warrior Kings: Battles",3,558028668,483564649,14
299100,"Back To Life 2",3,53042505,25442097,53
299110,"Theatre Of The Absurd",3,533942684,182032598,66
299150,"Empress Of The Deep",3,178052627,169598263,5
299160,"Empress Of The Deep 2: Song Of The Blue Whale",3,480646486,236798675,51
299340,"Habitat",3,1498608480,637489440,58
299400,"XING: The Land Beyond",1,8360545718,5295422093,37
299480,"Rogue Stormers",2,5629811362,3169025275,44
299640,"Afterfall: Reconquest Episode I",3,2226500262,1780334039,21
299680,"Tengami",3,482838105,315247919,35
299740,"Miscreated",3,15202058652,13334967839,13
299950,"GET EVEN",3,31052299818,29347010307,6
299970,"Project Motor Racing",3,66842169621,29769560779,56
300060,"ADR1FT",3,6722433152,1850159894,73
300220,"Victim of Xen",3,67300818,62565540,8
300300,"Ichi",3,81925742,24209207,71
300340,"Lemma",2,381137224,364709969,5
300380,"Road Redemption",3,6869453752,3523546102,49
300510,"Them - The Summoning",3,576476214,151021510,74
300540,"Sweet Lily Dreams",3,161444891,160500758,1
300550,"Shadowrun: Dragonfall - Director's Cut",3,7389765446,2118649247,72
300570,"Infinifactory",0,1637804476,904405267,45
300580,"GALAK-Z",0,2894116200,1693372631,42
300610,"Pure Pool",3,738594263,729559046,2
300820,"Disney•Pixar Toy Story 3: The Video Game",1,4051635274,3780070273,7
300840,"JUJU",1,4252525716,3865474897,10
301050,"Night Shift",3,53709227,46827541,13
301120,"Eastside Hockey Manager",3,425919497,210192178,51
301150,"The Treasures of Montezuma 4",3,625427062,503736187,20
301190,"Frederic: Resurrection of Music",3,1181110608,1028033034,13
301200,"Frederic: Evil Strikes Back",3,1869068846,449403376,76
301280,"Skin Deep",2,6283890713,2693048279,58
301300,"Chicken Invaders 4",3,1633609588,385612324,77
301320,"NoLimits 2 Roller Coaster Simulation",2,1422456996,1297976958,9
301460,"Electronic Super Joy: Groove City",3,320118550,98467890,70
301480,"GEARCRACK Arena",3,354327788,317174018,11
301520,"Robocraft",2,1909313253,1127284506,41
301640,"Zombie Army Trilogy",3,9859512554,8191474612,17
301670,"Salammbô: Battle for Carthage",3,1458660518,1016303017,31
301700,"Numba Deluxe",0,26425880,25686203,3
301750,"RADical ROACH Remastered",3,322952397,293203637,10
301840,"City of Brass",3,5017232774,2658943186,48
301860,"Submerged",3,2204309239,1200691982,46
301910,"Saints Row: Gat out of Hell",3,6931508465,6372715744,9
301970,"Screencheat",3,1709255360,552125003,68
301980,"Disney Pirates of the Caribbean: At Worlds End",0,1046225649,860907616,18
302010,"The Blue Flamingo",2,591797944,527653423,11
302080,"Bus Driver",3,234921962,80415406,66
302160,"The Egyptian Prophecy: The Fate of Ramses",3,2279121376,2179540728,5
302170,"The Cameron Files: The Secret at Loch Ness",3,1220770530,1067068391,13
302180,"Voyage: Journey to the Moon",3,1436751156,1380992516,4
302190,"Amerzone: The Explorer’s Legacy (1999)",3,1938458671,1877983875,4
302210,"Curse: The Eye of Isis",3,648380580,466183522,29
302320,"Storm over the Pacific",3,379944118,304349128,20
302330,"Tex Murphy: Mean Streets",3,33229701,24127471,28
302340,"Tex Murphy: Martian Memorandum",3,27817345,18673620,33
302350,"Tex Murphy: Under a Killing Moon",3,2000023665,1516724299,25
302360,"Tex Murphy: The Pandora Directive",3,3448796603,3392533243,2
302380,"Floating Point",3,25467503,12015409,53
302390,"Necronomicon: The Dawning of Darkness",3,1341924860,1170283215,13
302460,"I Am Vegend - Zombiegeddon",3,226439277,76804247,67
302470,"Battle Mages",3,422622273,417852607,2
302490,"Ballad of Solar",3,271556143,196595918,28
302510,"Ryse: Son of Rome",3,27668100755,26363697674,5
302590,"Of Guards And Thieves",3,713504988,175103284,76
302610,"Boson X",3,11436757,8958625,22
302670,"Call to Arms",3,46026051463,26211937056,44
302710,"BlazeRush",3,875997840,789219198,10
303210,"The Beginner's Guide",3,3484520826,2045491757,42
303260,"TRISTOY",3,1316321957,448254234,66
303310,"The House in Fata Morgana",1,861552446,731506222,16
303340,"Concursion",1,925448588,833684362,10
303390,"Dead Bits",3,591693555,288638769,52
303680,"FATE: The Traitor Soul",3,532554525,434148202,19
303690,"FATE: The Cursed King",3,502909285,416487895,18
303790,"Faery - Legends of Avalon",3,814682364,764753618,7
303800,"The Witcher Adventure Game",3,724292282,592118929,19
303830,"Motorcycle Club",3,2938328031,2908399347,2
303840,"Point Perfect",3,19171840,19111936,1
303910,"Time of Fury",3,565845611,495831536,13
304050,"Trove",3,1352088091,756813872,45
304240,"Resident Evil",2,18948945414,18808745071,1
304390,"FOR HONOR™",2,106472911153,105648558944,1
304410,"Hexcells Infinite",3,125501932,66416510,48
304430,"INSIDE",3,2316493716,1369521508,41
304460,"Qora",3,89317110,83252274,7
304530,"Agents of Mayhem",3,54243989098,45530787289,17
304650,"SUNLESS SEA",3,819437282,312382518,62
304670,"Aeon Command",3,144644702,56915738,61
304930,"Unturned",3,2338048041,1471152520,38
304950,"Castaway Paradise - live among the animals",3,720594516,114029969,85
305050,"Outland",3,953308716,825326902,14
305070,"FIST OF AWESOME",3,56873111,50223609,12
305380,"Blue Estate The Game",3,2979296534,2625914646,12
305390,"World War 2: Time of Wrath",3,331035150,303262768,9
305500,"Trapped Dead: Lockdown",3,2772317224,1759029041,37
305620,"The Long Dark",1,13042638987,10534166537,20
305640,"Shattered Planet",3,390204265,102784583,74
305780,"Echo of the Wilds",3,93710714,76673050,19
305920,"Another Perspective",3,7262208,7147520,2
305980,"Heavy Fire: Afghanistan",3,2815812624,1597131090,44
306020,"Bloons TD 5",3,393996134,365886003,8
306040,"The Howler",3,82825205,57102221,32
306130,"The Elder Scrolls® Online",2,131594308871,123119209050,7
306200,"The Happy Hereafter",3,581774376,203874723,65
306290,"7,62 Hard Life",3,5844525269,3782323635,36
306350,"Slipstream 5000",3,205067663,109961349,47
306410,"Crystals of Time",3,176369076,175039876,1
306490,"Railroad Pioneer",3,662897845,413532044,38
306670,"Overlord: Fellowship of Evil",3,4516487208,2599167770,43
306680,"Lexica",3,14145185,7125191,50
306700,"Iron Fisticle",3,79769808,58918439,27
306760,"Obduction",3,9262855642,5090035138,46
307070,"Memories of a Vagabond",3,176145209,152884568,14
307110,"We Need To Go Deeper",2,1578689054,582421283,64
307130,"Asteria",3,271071489,247244031,9
307170,"Borealis",3,676749351,293184263,57
307190,"Nicole",1,177081756,128884263,28
307230,"I, Zombie",3,299329166,64507641,79
307270,"Super Lemonade Factory",3,101986244,72814365,29
307430,"Othello",3,76628932,58924457,24
307560,"Run For Rum",3,827327492,182445361,78
307580,"Technobabylon",0,1343144371,1175929282,13
307590,"Penarium",3,131772482,74582998,44
307600,"Chainsaw Warrior: Lords of the Night (Classic)",3,293028826,122680931,59
307670,"Hard West",3,5370474645,3298534143,39
307690,"Sleeping Dogs: Definitive Edition",3,17731373890,16600214422,7
307780,"Mortal Kombat X",3,46387723359,42048427159,10
307950,"Caliber",1,54650563932,37858470613,31
307960,"IL-2 Sturmovik: Battle of Stalingrad",1,83405616986,55420639359,34
308000,"Gold Rush! Classic",3,23042391,18950062,18
308040,"Back to Bed",3,534779987,286812479,47
308420,"Ziggurat",3,1195041409,654331941,46
308440,"Pushcat",3,66330905,40540799,39
308600,"Skillshot City",3,733444234,490283048,34
310060,"Knights of Pen and Paper 2",3,365151758,52254511,86
310080,"Hatoful Boyfriend",1,1230159011,298466010,76
310360,"Higurashi When They Cry Hou - Ch.1 Onikakushi",2,1952049336,1766154894,10
310380,"Fractured Space",1,11508053253,10860608133,6
310490,"Crookz - The Big Heist",2,3676869089,3548437849,4
310510,"Deathtrap",3,9368620037,4415824669,53
310560,"DiRT Rally",3,41557936687,39831306343,5
310700,"Super Win the Game",3,21160262,2879856,87
310790,"Geometry Wars™ 3: Dimensions Evolved",3,142461146,117383234,18
310850,"Onikira - Demon Killer",3,1219456344,1163846742,5
310890,"Breach & Clear: Deadline Rebirth (2016)",3,2298625001,1022682927,56
310950,"Street Fighter V",1,47714521968,46116597530,4
310970,"Legions of Ashworld",3,45119493,42521134,6
311010,"The Way",3,1275264335,1175504837,8
311060,"Battle Mages: Sign of Darkness",3,573733426,549225479,5
311080,"Echelon",3,790396230,402572963,50
311120,"The Stalin Subway: Red Veil",3,2263088603,1198637160,48
311140,"The Stalin Subway",3,2983475979,1733051672,42
311190,"Super Panda Adventures",2,76751744,75296766,2
311210,"Call of Duty®: Black Ops III",3,103055460922,91934882305,11
311240,"Zero Escape: Zero Time Dilemma",2,2077960602,1397825737,33
311260,"The Guild 3",0,4801628149,4477480008,7
311340,"METAL GEAR SOLID V: GROUND ZEROES",2,3039012925,3021092127,1
311480,"Vertical Drop Heroes HD",3,49560528,40240476,19
311560,"Assassin’s Creed® Rogue",3,12761090682,10387011488,19
311690,"Enter the Gungeon",3,336720176,243376342,28
311720,"Sproggiwood",3,452275690,127727412,72
311730,"DEAD OR ALIVE 5 Last Round: Core Fighters",1,8463807799,7685564885,10
311770,"LEGO® Pirates of the Caribbean: The Video Game",3,10316809086,7475742582,28
311800,"Black Ice",3,1241175537,363234573,71
311850,"Zombie Solitaire",3,93726163,91906945,2
311870,"Super Trench Attack!",3,217490048,80967851,63
311910,"DIG IT! - A Digger Simulator",2,2712993173,1151178550,58
312060,"FINAL FANTASY XIV Online Free Trial",0,61450174274,57056072864,8
312200,"Chasm",3,911018005,592761147,35
312230,"Spirits of Xanadu",3,730735280,246537100,67
312370,"Warhammer 40,000: Armageddon (Classic)",2,1154777332,1001231418,14
312520,"Rain World",0,4532004034,3471551521,24
312530,"Duck Game",3,275179297,175753340,37
312540,"Ys VI: The Ark of Napishtim",3,3667500667,2234094016,40
312560,"Xanadu Next",3,1111381445,842514964,25
312600,"Rime Berta",3,405152318,399387425,2
312610,"METAL SLUG X",3,104375382,53951403,49
312630,"OTTTD",3,279685370,89954103,68
312650,"Battlezone Gold Edition",3,4211255938,3637792657,14
312660,"Sniper Elite 4",3,69973392405,55040420531,22
312670,"Strange Brigade",0,36128439891,30052488064,17
312720,"Khet 2.0",3,87897838,75505744,15
312750,"Final Fantasy IV (3D Remake)",3,718646676,621765613,14
312780,"Way of the Samurai 4",3,7159902036,4741942171,34
312790,"Agarest: Generations of War 2",3,7068511681,6976082714,2
312840,"Fahrenheit: Indigo Prophecy Remastered",3,10091253278,4278701189,58
312980,"Graviteam Tactics: Mius-Front",3,9106458521,4939882715,46
312990,"The Expendabros",3,667250184,128806771,81
313010,"Cities XXL",1,6971250825,6002557395,14
313020,"Soul Gambler",3,287195460,266665722,8
313120,"Stranded Deep",3,2250822711,1357848472,40
313130,"Metrocide",3,142517945,102162633,29
313160,"Farming Simulator 15",3,2878713064,1606753638,45
313340,"Mountain",3,187244291,114549552,39
313480,"Blitzkrieg Anthology",0,4841231979,3631637506,25
313500,"Blitzkrieg 2 Anthology",3,6123172001,4420717959,28
313630,"The Solus Project",3,10631559552,4505289039,58
313650,"Time Mysteries 2: The Ancient Spectres",3,285818825,249184675,13
313660,"Alea Jacta Est",1,1988000367,1014459322,49
313690,"LEGO® Batman™ 3: Beyond Gotham",3,8022146561,7654929475,5
313730,"Sunrider: Mask of Arcadius",3,1303709771,1193497136,9
313780,"Conarium",3,4795624171,3093892259,36
313870,"A Vampyre Story",3,3138716078,2683362451,15
314010,"Boid",0,642908624,374224494,42
314020,"Morphopolis",3,1205096003,367006301,70
314150,"Double Dragon Trilogy",2,125905343,101530690,20
314160,"Microsoft Flight Simulator X: Steam Edition",3,17176667290,11572265020,33
314180,"Deathsmiles",3,3122955832,2470260836,21
314250,"Jet Gunner",3,36663025,34619392,6
314330,"DROD: Gunthro and the Epic Blunder",3,300772952,288053403,5
314370,"boxlife",3,65544921,16212762,76
314410,"Rampage Knights",2,154039869,134971043,13
314430,"M.A.R.S.",3,12137353266,7701510532,37
314470,"Heroes of a Broken Land",3,91931036,41645850,55
314560,"Kyn",3,8325638890,4752192660,43
314650,"SpaceEngine",3,44016058814,43573321001,2
314660,"Oddworld: New 'n' Tasty",3,8151022793,5121713680,38
314710,"Mighty No. 9",3,1794410399,1518116043,16
314790,"Silence",3,7515867636,4495340036,41
314810,"Randal's Monday",2,9283633365,4672978197,50
314830,"Blackguards 2",3,10929140058,5014449129,55
315060,"Bloop Reloaded",3,321193787,175104603,46
315110,"Woah Dave!",3,26087729,21344256,19
315210,"Suicide Squad: Kill the Justice League",0,93789440838,79994970464,15
315320,"Skilltree Saga",3,598777941,162666293,73
315830,"Daedalus - No Escape",3,219886318,140059512,37
315860,"Celestian Tales: Old North",3,1341349803,648980072,52
315920,"Stonerid",3,501160300,455428697,10
316160,"Broken Sword 4 - the Angel of Death (2006)",3,3697474646,2509686231,33
316260,"Disney Universe",0,6282823187,6121602907,3
316600,"QP Shooting - Dangerous!!",3,306450514,297167569,4
316610,"A Good Snowman Is Hard To Build",2,173070588,156612049,10
316660,"Toast Time",3,66464805,53484181,20
316720,"planetarian ~the reverie of a little planet~",3,491990213,424756460,14
316740,"Biglands: A Game Made By Kids",3,48584659,41379974,15
316790,"Grim Fandango Remastered",2,5638354955,4350736417,23
316840,"The Sacred Tears TRUE",3,50694810,41913013,18
316970,"The Waste Land",3,60924327,38543457,37
317040,"Strife: Veteran Edition",3,482688542,310619600,36
317100,"Republique",1,6380727372,5997581620,7
317250,"Airscape - The Fall of Gravity",3,177234203,141767930,21
317360,"Double Action: Boogaloo",3,5254575379,2749366881,48
317370,"The Keep",3,462180061,306278018,34
317400,"Portal Stories: Mel",3,9191602436,5433424757,41
317410,"Color Symphony",3,52058126,17182808,67
317470,"Cubic Castles",1,129021745,113666816,12
317510,"Beyond Gravity",3,108157438,26535733,76
317620,"Space Hulk: Ascension (Classic)",1,17893375495,10614849607,41
317710,"Velocibox",3,85574735,21554990,75
317790,"Rexaura",2,3525170898,2222031040,37
317820,"Guild of Dungeoneering Ultimate Edition",3,767052864,668428741,13
317970,"Dusk 12",3,5643588579,2870289272,50
318020,"Act of Aggression - Reboot Edition",3,19706137963,13378166955,33
318130,"Doom & Destiny",3,159412113,125072164,22
318230,"Convoy",3,836194603,164190266,81
318310,"Choice of the Deathless",3,234233742,96016138,60
318430,"Squishy the Suicidal Pig",3,57965468,40850084,30
318440,"Cubesis",3,37911905,28688384,25
318530,"Wings of Vi",3,94760364,92976093,2
318570,"Hunters Of The Dead",3,257905185,45098798,83
318600,"The Flame in the Flood",3,2732773944,1685723238,39
318970,"StarCrawlers",1,2045938442,1049789723,49
319140,"Xeodrifter",3,246844915,240880508,3
319170,"G-Force",3,2954017744,1984351056,33
319230,"Gold Rush! Anniversary",3,2419971818,930648380,62
319270,"Great Permutator",3,24176433,19431470,20
319320,"Time Mysteries 3: The Final Enigma",3,511636204,444936799,14
319450,"Chariot",3,807169030,610345647,25
319480,"Odallus: The Dark Call",3,36977167,32491867,13
319510,"Five Nights at Freddy's",3,231442963,230014976,1
319550,"The Collider",3,42459954,17260468,60
319630,"Life is Strange - Episode 1",1,5327094163,5024908790,6
319760,"Oh My Gore!",3,660285272,451121973,32
319830,"AX:EL - Air XenoDawn",3,903961589,754460634,17
319850,"Bridge Constructor Medieval",3,115358102,45845807,61
319870,"Jenny LeClue - Detectivu",0,1317947589,1129006482,15
319910,"Trine 3: The Artifacts of Power",3,4913783774,4208778959,15
320040,"Moon Hunters",3,1843900417,612694506,67
320140,"Absolute Drift",3,368355133,154748325,58
320240,"We Happy Few",0,12106553201,11914549575,2
320300,"Car Mechanic Simulator 2015",3,2239006526,1144400338,49
320310,"World Truck Racing",3,1209919448,506410800,59
320320,"Darkstone",3,722877580,644162554,11
320330,"Earthworms",3,2284609954,575206966,75
320340,"Cosmonautica",3,457855626,293297585,36
320400,"Magnifico",3,1344807048,482788748,65
320410,"Near Impact",3,343987461,149403323,57
320610,"Questerium: Sinister Trinity HD Collector's Edition",3,1956695300,770360826,61
320630,"Season Match",3,152631844,68699927,55
320650,"Season Match 2",3,141247832,73420520,49
320690,"The Treasures of Montezuma 3",3,145378301,134053888,8
321040,"DiRT 3 Complete Edition",3,14675064498,8847379681,40
321060,"Gender Bender DNA Twister Extreme",3,642708774,577994204,11
321110,"Fist of Jesus",2,1627387888,1478346600,10
321270,"UNLOVED",3,2368558082,1289354719,46
321330,"ENYO Arcade",3,84805743,45482152,47
321360,"Primal Carnage: Extinction",1,12432831710,11409421712,9
321400,"Supraball",3,1195265678,823397466,32
321480,"Sigils of Elohim",3,92165202,52533039,44
321600,"The Flying Dutchman",3,13120532,12235010,7
321610,"Demonlisher",3,24029798,11880999,51
321800,"Icewind Dale: Enhanced Edition",3,2978345979,2701841341,10
321830,"Cavern Kings",3,32014336,31879168,1
321840,"Rising Angels: Reborn",3,164023361,118499121,28
321870,"Silence of the Sleep",3,1166578225,1144597129,2
321950,"Yury",3,35493194,18421566,49
321960,"Might & Magic® Heroes® VII",3,18219442848,15612878402,15
322110,"20XX",3,1660920946,715488529,57
322170,"Geometry Dash",3,387722254,323701079,17
322190,"SteamWorld Heist",2,201728834,192640891,5
322290,"Gurumin: A Monstrous Adventure",2,1875220920,1122265319,41
322300,"The Repopulation",3,1930545549,1827126861,6
322330,"Don't Starve Together",1,3569681156,2698672045,25
322450,"FRAMED Collection",2,901076161,860955571,5
322500,"SUPERHOT",3,4343658276,1459021736,67
322520,"DYNASTY WARRIORS 8 Empires",2,9414209151,9206887269,3
322680,"BLACKHOLE",1,1398256415,1153747104,18
322770,"Vanishing Realms™",0,2928915412,1816400693,38
322910,"Warhammer 40,000: Regicide",3,4679628886,3440271470,27
322970,"Subject 13",3,1940159556,1106745133,43
322980,"Gods vs Humans",3,261315481,87437495,67
323040,"Laserlife",3,2358053634,1047230159,56
323060,"Tharsis",3,447957156,191597583,58
323140,"Half-Life 2 Soundtrack",0,426863423,420114508,2
323190,"Frostpunk",0,9681632030,9651615918,1
323220,"Vagante",3,173934796,121376768,31
323320,"Grow Home",3,992341689,607377261,39
323470,"DRAGON BALL XENOVERSE",3,10794063371,10194837504,6
323580,"Jotun: Valhalla Edition",3,4166883190,1512948308,64
323630,"Ubinota",3,501084753,203598687,60
323670,"Super Indie Karts",2,1376467294,344476562,75
323720,"Decay: The Mare",3,1909681734,393385770,80
323850,"Move or Die",3,783547722,600402851,24
323910,"SteamVR Performance Test",1,4920546456,2832199166,43
324080,"Rising World",2,9035202345,7640070588,16
324110,"Moto Racer Collection",3,1922143532,1526150769,21
324120,"Verde Station",3,1090690185,408121609,63
324140,"Kalimba",3,2681857916,1464296924,46
324160,"CLANNAD",2,5442674864,5057102304,8
324310,"Bus Simulator 16",3,4828665716,1931457338,61
324470,"SinaRun",3,177015782,85632123,52
324510,"Boundless",2,3398779188,2636623566,23
324520,"Defense Zone 3 Ultra HD",3,3082815964,1135440546,64
324570,"Halo: Spartan Strike",3,2296110789,1351092144,42
324680,"Impossible Creatures Steam Edition",3,1346114872,1180445468,13
324740,"The Warlock of Firetop Mountain",3,1568648248,659955822,58
324770,"eXperience 112",3,1612389978,1211781784,25
324800,"Shadow Warrior 2",2,14437337195,14316554977,1
324810,"TOXIKK™",3,4878888526,3357388877,32
325090,"Deep Dungeons of Doom",3,75478813,49281422,35
325110,"Save the Furries",3,102583081,95602271,7
325180,"AppGameKit Classic",3,1296643728,490957444,63
325210,"Arctico",2,906639252,286532779,69
325420,"Homebrew - Patent Unknown",2,4859935400,3110754993,36
325470,"1953: NATO vs Warsaw Pact",3,266529329,237781638,11
325520,"Fire: Ungh’s Quest",3,2840722607,659330730,77
325610,"Total War: ATTILA",3,33450969119,18162819497,46
325730,"The Hive",3,3265431323,1521646252,54
326150,"Death Skid Marks",3,1566829567,1118163821,29
326160,"Shroud of the Avatar: Forsaken Virtues",2,14145991726,13107490340,8
326180,"Sinister City",3,382125671,174611630,55
326410,"Windward",3,134486735,71395123,47
326420,"Sam Glyph: Private Eye!",3,2078127942,598992152,72
326460,"ShellShock Live",3,471867033,154237283,68
326470,"Space Warp",3,65948740,64143366,3
326480,"If My Heart Had Wings",1,4277430280,4250401503,1
326720,"Instant Dungeon!",3,59390662,45893025,23
327030,"Worms W.M.D",3,5404312649,1764266508,68
327070,"Gloria Victis: Medieval MMORPG",3,18666839440,14921299012,21
327140,"Tilt Brush",3,618479804,200830735,68
327220,"Anna's Quest",0,3214518657,3110348251,4
327310,"The Marvellous Miss Take",3,201512296,95437344,53
327390,"Sid Meier's Covert Action (Classic)",2,208780162,187339536,11
327400,"Sid Meier's Colonization (Classic)",2,129092000,99042592,24
327410,"A Bird Story",3,352521651,351187932,1
327510,"WASTED",3,1428261406,342587695,77
327560,"Near Death",3,1822019123,1365463349,26
327670,"Ironcast",3,867360826,342886170,61
327860,"Salt",3,738725192,348438824,53
327880,"Sublevel Zero Redux",3,820174994,476793780,42
327890,"I Am Bread",3,2479422522,862678876,66
328080,"Rise to Ruins",0,1051994805,888743657,16
328140,"Emergency 5 - Deluxe Edition",1,14206242445,7700540471,46
328230,"A Bird Story - Original Soundtrack",3,82000318,81922277,1
328440,"Deadlock: Planetary Conquest",3,506370332,482829322,5
328450,"Deadlock II: Shrine Wars",3,508851296,418515448,18
328590,"Don't Knock Twice",3,1955732123,1082078855,45
328680,"Crab Cakes Rescue",3,282267492,55795297,81
328760,"SanctuaryRPG: Black Edition",1,197803354,183396749,8
328940,"The Deer God",3,168347913,84416316,50
329050,"Devil May Cry 4 Special Edition",2,26524905394,26403897654,1
329110,"Gems of War - Puzzle RPG",2,1456547014,1233472428,16
329320,"QbQbQb",3,85634709,48464667,44
329380,"Stealth Inc 2: A Game of Clones",2,426954619,328375423,24
329430,"State of Decay: YOSE",3,3146471776,2923137826,8
329440,"Sonic Lost World",2,7984982817,7522688246,6
329460,"JumpJet Rex",0,388060436,125237544,68
329690,"BasketBelle",3,120838556,103475359,15
329860,"Catlateral Damage",1,1833106969,584332511,69
330020,"Children of Morta",3,1854414366,1522873749,18
330350,"Robotex",3,845173875,257592926,70
330370,"Reload",3,978466262,870015950,12
330390,"GRANDIA II HD Remaster",2,3785032141,2684816232,30
330420,"The Interactive Adventures of Dog Mendonça & Pizzaboy®",3,503568458,404992000,20
330590,"Independence War™ Deluxe Edition",3,2092098148,1853230450,12
330660,"Luna's Wandering Stars",3,553903506,151394085,73
330720,"Flashpoint Campaigns: Red Storm Player's Edition",0,767331835,735038400,5
330820,"2064: Read Only Memories",3,1062067509,583287152,46
330830,"Tales from the Borderlands",3,8197753196,8043744376,2
330990,"Demon Hunter: Chronicles from Beyond",3,1127714715,412127822,64
331190,"Master Spy",3,148966724,113418240,24
331370,"Dauntless",3,15465644784,15019198668,3
331440,"bit Dungeon II",3,74727490,48748147,35
331450,"Finding Nemo",0,573177163,543754773,6
331470,"Everlasting Summer",2,1109780708,997187873,11
331480,"Pinstripe",0,1594528511,652542415,60
331580,"ULTRAWORLD EXODUS",3,1229180135,684491547,45
331600,"One Piece Pirate Warriors 3",3,11988352363,11153637376,7
331670,"The Jackbox Party Pack",3,1392370172,1293142597,8
331750,"Disney•Pixar WALL-E",3,2397697608,2118222477,12
331870,"AER Memories of Old",3,1331922992,649878675,52
331920,"Airline Tycoon Deluxe",3,576641669,438278474,24
331970,"Disney's Treasure Planet: Battle of Procyon",0,785164642,584514720,26
332070,"School of Dragons: How to Train Your Dragon",3,184884482,90745756,51
332200,"Axiom Verge",3,128764876,100646324,22
332250,"The Next Penelope",3,186536320,152387590,19
332310,"LEGO® Worlds",3,3617758723,3299827627,9
332330,"PixelJunk™ Shooter Ultimate",3,495258086,487741807,2
332360,"Spriter Pro",3,868922502,446454842,49
332380,"Asguaard",3,242255580,225943433,7
332390,"Undefeated",3,276717768,264612535,5
332400,"Girlfriend Rescue",3,110700103,101520883,9
332410,"Moonchild",3,285808931,274566096,4
332480,"Phoenix Force",3,125716073,116156608,8
332500,"GRAV",3,4349677776,3582735678,18
332570,"Amazing Frog?",3,3823518316,1433387844,63
332710,"1Quest",3,73518031,46454140,37
332740,"Pinstripe Original Soundtrack",3,120491023,116511659,4
332790,"Darkness Assault",3,729814367,391363461,47
332800,"Five Nights at Freddy's 2",3,217749606,215756800,1
332830,"Prelogate",3,56801564,31001840,46
332950,"Dark Deception",3,8490031745,8262475779,3
333220,"Cherry Tree High I! My! Girls!",0,90937446,88273175,3
333250,"Forward to the Sky",2,459917512,274412767,41
333260,"Marvin's Mittens",1,486782229,447719037,9
333300,"ADOM (Ancient Domains Of Mystery)",3,578116871,544270826,6
333330,"Song of the Myrne: What Lies Beneath",2,207571368,106303412,49
333420,"Cossacks 3",3,8760942616,3052341926,66
333430,"Sinking Island",3,2751678804,2219932692,20
333600,"NEKOPARA Vol. 1",3,3577756471,1855896950,49
333640,"Caves of Qud",2,1135714200,809658863,29
333930,"Dirty Bomb®",3,7167365895,6179813195,14
333980,"AKIBA'S TRIP: Undead ＆ Undressed",3,4579520792,4073374149,12
334100,"Extreme Exorcism",2,117744807,59229020,50
334210,"Fortified",3,4686119887,1789955187,62
334230,"Town of Salem",3,3034700889,2310336983,24
334270,"Star Traders: 4X Empires",3,62289736,53816523,14
334370,"From Earth",3,5581060556,3029229223,46
334420,"Out There: Ω Edition",3,450405163,177198812,61
334540,"Vox Machinae",3,14494394938,10923957747,25
334560,"Square Heroes",3,79228406,71652630,10
334620,"Soccertron",2,85144742,26707738,69
334710,"Ilamentia",3,80854831,73228340,10
334850,"1931: Scheherazade at the Library of Pergamum",3,479281050,451561919,6
334920,"Zero-K",3,7313411011,6711604053,9
334940,"Yoku's Island Express",3,1210474651,1132186936,7
335010,"Steam and Metal",3,75087827,68950687,9
335070,"VRC PRO",3,2011383062,1992100542,1
335090,"Goscurry",3,67116151,32034637,53
335100,"Dwarf Tower",3,73990315,61335934,18
335190,"200% Mixed Juice!",3,162869861,149556762,9
335210,"Rift's Cave",3,1900976162,1176854846,39
335240,"Transformice",3,48763882,22513072,54
335300,"DARK SOULS™ II: Scholar of the First Sin",3,22374412072,17812462782,21
335320,"Bet On Soldier",3,2945325656,2198562786,26
335330,"Brick-Force",3,459313188,144127364,69
335350,"Goat Simulator: Original Soundtrack",0,82151389,82145035,1
335660,"CAFE 0 ~The Drowned Mermaid~",3,147007459,75582616,49
335670,"LISA: The Painful",3,4170259840,2088365496,50
335690,"dUpLicity ~Beyond the Lies~",3,307001560,196051833,37
335820,"Dream Of Mirror Online",0,2888193561,1976298001,32
336140,"Unavowed",2,2339414603,1717498352,27
336240,"Typoman",3,1093328019,321557539,71
336420,"Bloodsports.TV",3,1194702695,1177486424,2
336520,"Might & Magic Heroes Online",3,90623938,38246070,58
336610,"Outcast 1.1",3,1177881062,1117548634,6
336760,"Pilot Brothers",3,467684160,346615275,26
336770,"Pilot Brothers 2",3,368898144,244987661,34
336780,"Pilot Brothers 3: Back Side of the Earth",3,185734633,158642033,15
336940,"Welcome to Basingstoke",2,1866726487,519790007,73
337000,"Deus Ex: Mankind Divided",3,59823579287,36540293181,39
337150,"Sentinels of the Multiverse",3,1407479432,1335206862,6
337320,"Paint the Town Red",2,3052490259,2607283826,15
337340,"Finding Paradise",3,829157536,825430081,1
337360,"Dead Island Retro Revenge",3,793738473,622272193,22
337720,"The Lands of Dream",1,254555312,252476297,1
337730,"Battletank LOBA",3,1253314304,498321281,61
337850,"Avernum 2: Crystal Souls",3,245558949,222778293,10
337980,"Vagrant Hearts",3,102017038,98750447,4
338000,"Echoes+",3,24418432,20061998,18
338140,"Venetica - Gold Edition",3,13718239161,7614283648,45
338170,"Ratz Instagib",3,1245362269,494406703,61
338320,"Pixel Heroes: Byte & Magic",3,82465765,41531794,50
338390,"The Technomancer",3,10119186735,8916499194,12
338550,"Terra Lander Remastered",3,68217276,67379200,2
338820,"Retro Commander",3,360931566,245803904,32
338830,"Star Nomad",3,101101611,66983632,34
338930,"TRANSFORMERS: Devastation",1,8990637908,6926061139,23
338960,"Rescue Team",3,42604645,38382952,10
338980,"MOAI: Build Your Dream",3,107159927,105315190,2
339000,"Ukrainian Ninja",3,1608208259,1358235262,16
339040,"Chicken Little",2,1179971449,959431456,19
339120,"Fork Parker's Holiday Profit Hike",3,224712868,91066023,60
339130,"Morningstar: Descent to Deadrock",3,585859539,542240024,8
339190,"Dead Synchronicity: Tomorrow Comes Today",3,3642172024,2217698278,40
339200,"Oceanhorn: Monster of Uncharted Seas",1,577629027,387711147,33
339230,"ZOMBI",3,22908394871,21506458573,7
339290,"Castle",3,55153051,29740710,47
339340,"Resident Evil 0",1,12307371041,12168676256,2
339400,"Runestone Keeper",3,227581092,91513328,60
339580,"Ember",3,4881053169,4619766774,6
339600,"VEGA Conflict",3,3766420326,2927895122,23
339610,"Freestyle 2: Street Basketball",2,10501419223,8015668249,24
339740,"SuiCats",3,667785033,115744926,83
339790,"rFactor",0,5690808663,3899230580,32
339800,"HuniePop",2,941203511,403654449,58
339830,"The Church in the Darkness ™",3,3808247053,2876392771,25
340030,"Dungeon of gain",3,100343183,81672787,19
340050,"Survivalist",3,293555423,179857224,39
340070,"Battle Ranch: Pigs vs Plants",3,687088936,666011558,4
340150,"Basement",2,944651447,743190607,22
340170,"FINAL FANTASY TYPE-0™ HD",3,26514581629,23377495241,12
340300,"Teddy Floppy Ear - Mountain Adventure",3,1078692626,382976981,65
340310,"Teddy Floppy Ear - Kayaking",3,788286598,251225923,69
340320,"Sinless + OST",3,1648635682,1623703212,2
340330,"Deity Quest",3,91604924,83688192,9
340490,"Subterrain",3,1107985349,701619851,37
340520,"Tallowmere",3,132298356,83053666,38
340550,"Crunch Time!",3,407121399,149657391,64
340600,"The Depths of Tolagal",3,91685934,52310886,43
340800,"Unhack",3,450840168,335754806,26
340830,"Razenroth",3,1485945720,349277771,77
341000,"Mad Games Tycoon",3,547331640,270455912,51
341190,"Hotline Miami 2: Wrong Number Digital Comic",3,142288662,97997595,32
341310,"Greyfox RPG",3,351115885,283562762,20
341550,"Super Cyborg",3,64814347,61813436,5
341800,"Keep Talking and Nobody Explodes",3,898875929,267173732,71
341940,"Hatred",2,4173777044,2266552761,46
341980,"Dispatcher",2,3309546431,1449005196,57
342180,"Arizona Sunshine® VR Legacy",3,28392059519,12861276098,55
342200,"MechWarrior Online™ Legends",3,32007419720,30715157407,5
342260,"Nevermind",1,9033414587,5508140541,40
342280,"Manyland",3,87271319,34730154,61
342310,"RIOT: Civil Unrest",3,2368162516,1066394764,55
342490,"Shipwreck",3,44799240,39971890,11
342560,"Airships: Conquer the Skies",3,1281469790,305431668,77
342610,"HyperRogue",3,142138020,102261918,29
342860,"Dark Quest",3,158112394,56948534,64
342940,"Project: Gorgon",2,14606840649,9173543217,38
342980,"Destination Sol",3,192017867,134213535,31
343000,"The Mystery of the Druids",3,2111845854,1698476511,20
343090,"SimpleRockets",3,33989857,31256726,9
343100,"Overture",3,85773936,85288516,1
343340,"Tiamat X",3,51004319,44257280,14
343360,"Particula",3,487893989,250955567,49
343710,"Kholat",1,3532584191,3479965696,2
343780,"Cat Goes Fishing",3,52300423,30432873,42
343800,"Shadowgate: MacVenture Series",0,54030408,31895552,41
343860,"Tacoma",3,11068879157,2669632662,76
344190,"Immortal Empire",3,638159174,514155925,20
344230,"Pixel Puzzles 2: Birds",3,201979962,172847944,15
344270,"InnerCube",3,98357177,29562677,70
344440,"Sacra Terra: Angelic Night",3,458311503,434048823,6
344480,"Quell",3,107742092,106651648,2
344500,"Three Fourths Home: Extended Edition",3,2418915505,493368541,80
344740,"CRYPTARK",3,558985393,445455952,21
344760,"Reign Of Kings",1,2883800516,1942501865,33
344770,"fault - milestone two side:above",0,1753551779,1662402979,6
344850,"Big Pharma",3,1176951232,339755982,72
344860,"Crystal Story II",3,140988069,114777212,19
344910,"Sun Blast: Star Fighter",3,93805549,86114828,9
345180,"Victor Vran ARPG",1,4764203883,4495516781,6
345220,"Agent Awesome",3,530596020,356607797,33
345240,"SHOGUN: Total War™ - Collection",3,2018537604,1522894514,25
345260,"Medieval: Total War™ - Collection",3,2251394570,1634422575,28
345290,"The Quivering",3,2568629640,1864751149,28
345330,"Eden Rising",3,4698127261,1944818018,59
345350,"LIGHTNING RETURNS™: FINAL FANTASY® XIII",3,22050349978,20149987658,9
345390,"King's Quest",2,17301560681,15815782156,9
345650,"Without Within",3,75165972,47840327,37
345660,"RIDE",0,29402480171,21385038834,28
345700,"Echo Tokyo: An Intro",2,470543437,424301362,10
345750,"Idol Hands",3,628261974,216074072,66
345820,"Shantae and the Pirate's Curse",3,438524181,430846071,2
345890,"NASCAR '15 Victory Edition",0,6937094900,3011145210,57
345990,"ABRACA - Imagic Games",0,2712677799,705562838,74
346010,"Besiege",3,4502179788,1649185439,64
346040,"Joe's Diner",3,1074198931,602526516,44
346110,"ARK: Survival Evolved",3,280538128247,104015465863,63
346120,"Boring Man - Online Tactical Stickman Combat",3,223160053,148025892,34
346180,"David.",3,57404445,45945621,20
346290,"Penumbra: Necrologue",3,13316411364,6331287285,53
346330,"BrainBread 2",3,8038700498,3852407973,53
346340,"Gran Vitreous",3,100721044,83269816,18
346440,"Musclecar Online",3,35646664,27967683,22
346450,"samurai_jazz",3,10675521,5483817,49
346500,"Road Scars: Origins",3,410445518,291360795,30
346560,"Hero of the Kingdom II",3,494154072,281080949,44
346670,"Sky Battles",3,360596901,160339761,56
346680,"Black Mesa Dedicated Server",3,30905199300,16637011744,47
346750,"Merchant",3,41752734,29190618,31
346820,"Crash Drive 3",3,5965006984,2768763553,54
346830,"FINAL FANTASY IV: THE AFTER YEARS",3,900065947,762982241,16
346850,"Chip's Challenge 1",3,97777449,93309018,5
346900,"AdVenture Capitalist",3,498594441,37475766,93
346940,"Shadowrun: Hong Kong - Extended Edition",3,9621496063,3048504565,69
347000,"InnerSpace",3,2390766839,1183649507,51
347040,"Keebles",1,487737053,96086935,81
347170,"Combat Air Patrol 2: Military Flight Simulator",2,6999372954,6059480487,14
347590,"Heroes of Hellas 3: Athens",3,262516225,162603631,39
347620,"Gaokao.Love.100Days",3,7793137547,7601552417,3
347670,"Karate Master 2 Knock Down Blow",3,417463934,415100928,1
347830,"Fairy Fencer F",3,4194997120,2785228240,34
348250,"Google Earth VR",3,2996347031,2148003426,29
348300,"Chip's Challenge 2",3,97828773,93354735,5
348360,"Doodle God",3,224158160,195125372,13
348430,"Quell Reflect",3,111956300,110895104,1
348440,"Quell Memento",2,155177526,154230784,1
348510,"Autobahn Police Simulator",3,4031598324,1283223963,69
348540,"Divine Slice of Life",2,453091459,401068064,12
348550,"GUILTY GEAR XX ACCENT CORE PLUS R",3,2253638642,2007358602,11
348560,"HuniePop Original Soundtrack",3,966888304,957620224,1
348570,"Monster Minis Extreme Off-Road",0,410494794,348863947,16
348620,"Voices from the Sea",3,30329977,24899584,18
348710,"Saint Seiya: Soldiers' Soul",3,9270984950,4197679110,55
348820,"FIM Speedway Grand Prix 15",3,2971168150,1813284027,39
349040,"NARUTO SHIPPUDEN: Ultimate Ninja STORM 4",3,42361105393,39746726609,7
349140,"Corrosion: Cold Winter Waiting [Enhanced Edition]",3,645742133,589602816,9
349220,"The Black Watchmen",1,879310518,516489283,42
349250,"Copy Kitty",3,3267044913,810784632,76
349260,"BlastZone 2",3,554808584,229162094,59
349300,"Littlewitch Romanesque: Editio Regia",2,2688729080,2576028989,5
349460,"Lord of the Dark Castle",3,340179188,238555699,30
349500,"Cubicle Quest",3,211274620,207758724,2
349550,"Mighty Dungeons",3,68625656,62020393,10
349730,"Popup Dungeon",3,2641460461,1608900945,40
349950,"GunWorld",3,72473334,42360950,42
350010,"Time Mysteries: Inheritance - Remastered",3,502624740,462025223,9
350070,"Environmental Station Alpha",2,118808226,87818820,27
350080,"Wolfenstein: The Old Blood",3,39017186209,37400959827,5
350210,"Mighty Switch Force! Academy",3,249946386,210451396,16
350280,"LawBreakers",2,48288557436,28639246522,41
350530,"Airport Firefighters - The Simulation",0,7083865380,3117581109,56
350610,"Combat Cats",3,46355027,37480507,20
350630,"Dodge",3,5601280,5562368,1
350640,"Sherlock Holmes: The Devil's Daughter",3,18976724057,15298924502,20
350770,"Giana Sisters 2D",3,1209349152,223098326,82
350780,"MANOS: The Hands of Fate ~ Director's Cut",3,17583616,16551936,6
350810,"Pixel Puzzles 2: Anime",3,247526118,209271538,16
350910,"Streets of Fury EX",2,1364922850,1335330213,3
351030,"Pixel Puzzles Ultimate Jigsaw Puzzles",2,3256593345,3219692077,2
351080,"The Corporate Machine",3,77317993,59925546,23
351100,"Niffelheim",3,2685474832,1084357395,60
351320,"DROD: The Second Sky",3,436240194,420351806,4
351330,"DROD RPG: Tendry's Tale",3,121108830,113752812,7
351340,"Belladonna",3,397001930,331201010,17
351400,"The Defenders: The Second Wave",3,40718406,38543175,6
351420,"Veteran Combat",3,424082872,273902080,36
351490,"Intergalactic Bubbles",3,174391732,70763495,60
351510,"Quiplash",3,135582077,97661395,28
351640,"Eternal Senia",3,216394893,210458981,3
351710,"Hyperdimension Neptunia Re;Birth2: Sisters Generation",3,8889211996,6670298994,25
351820,"Z.A.R.",3,707086950,653649670,8
351860,"Cultures - Northland",3,342436873,219139626,37
351870,"Cultures - 8th Wonder of the World",3,381923922,247012956,36
351910,"Valhalla Hills",3,1041661442,941032614,10
351920,"Crazy Machines 3",3,6153518238,2635700455,58
351940,"The Descendant",3,8277834168,4714031239,44
351970,"Tales of Zestiria",3,12499088894,11716479484,7
351990,"Riff Racer",3,478244721,458797633,5
352010,"Beach Bounce",2,473725275,415280703,13
352130,"Locoland",3,551650083,225196673,60
352140,"Finders",3,249359377,96593690,62
352210,"Little Cells",3,30005617,28364800,6
352240,"The Westport Independent",3,66792751,53304587,21
352400,"LEGO® Jurassic World",3,15296993444,14442090499,6
352520,"The Silent Age",3,3762327130,315328792,92
352610,"The Way We All Go (2015)",3,389598964,326169078,17
352620,"Porcunipine",3,333579512,65950087,81
352640,"The Indie Mixtape",3,398005213,246451068,39
352700,"Subspace Continuum",3,96861903,64950777,33
352720,"The Universim",3,6616915773,3041096516,55
352890,"Caravan",3,402464478,168458010,59
353090,"Chicken Invaders 5",3,1333997221,314458585,77
353190,"Bombshell",3,9154630674,8077264123,12
353270,"Hyperdimension Neptunia Re;Birth3 V Generation",3,13988703982,10313330476,27
353540,"Stephen's Sausage Roll",2,253929934,86671085,66
353640,"Train Valley",3,450186761,184548670,60
353700,"The Deadly Tower of Monsters",3,1170779003,968301898,18
353790,"Spud!",3,923800693,503501096,46
353980,"Ankh - Anniversary Edition",3,1654950322,892646705,47
354140,"Five Nights at Freddy's 3",3,116634069,115200000,2
354160,"WRC 5 FIA World Rally Championship",0,19445538741,19278774368,1
354240,"Please, Don’t Touch Anything",1,54980750,47997387,13
354290,"LoveBeat",1,9306706560,7204383142,23
354310,"Claws & Feathers",3,179644714,176250827,2
354380,"Assassin’s Creed® Chronicles: China",3,3873166438,3627573394,7
354430,"STAR WARS™ - X-Wing Special Edition",3,321036015,203071894,37
354640,"The Settlers Online",3,91662353,39279746,58
354680,"Adventures of Bertram Fiddle 1: A Dreadly Business",3,1215426898,376246334,70
354920,"Pester",3,40087798,38944547,3
354970,"Shin Samurai Jazz",3,11772065,6111223,49
355000,"GlassWire",3,32553307,32400203,1
355050,"Sky Force Anniversary",3,366919411,194755502,47
355130,"MotoGP™15",0,27242085012,21247698808,23
355170,"Sam & Max Hit the Road",2,255509197,168033694,35
355180,"Codename CURE",3,7946340936,4665253257,42
355240,"NEO AQUARIUM - The King of Crustaceans -",3,286039582,263949558,8
355250,"STAR WARS™: TIE Fighter Special Edition",3,1148637467,695134445,40
355410,"Radium",3,14649368,4292608,71
355650,"Pirates vs Corsairs: Davy Jones's Gold",3,870752568,199424539,78
355790,"Styx: Shards of Darkness",3,11214475384,11075163591,2
355860,"Albino Lullaby: Episode 1",3,3835736021,747366475,81
355920,"Pixel Puzzles 2: Space",3,210249717,181084258,14
355980,"Dungeon Warfare",2,148987700,66465994,56
356040,"Sheltered",3,758914251,322487775,58
356050,"Beyond Eyes",3,1255251453,521893996,59
356110,"Box Out!",3,147766272,147628032,1
356190,"Middle-earth™: Shadow of War™",0,117711336590,117611116348,1
356270,"Cuban Missile Crisis",3,1405258954,1386877715,2
356280,"Desert Law",3,913061601,877131879,4
356290,"Cuban Missile Crisis: Ice Crusade",3,1271771825,1255502578,2
356310,"METAL SLUG DEFENSE",3,103339567,98893535,5
356400,"Thumper",2,929251727,334372643,65
356430,"Chris Sawyer's Locomotion™",3,532161232,464781032,13
356500,"STAR WARS™ Galactic Battlegrounds Saga",2,820399815,658446672,20
356520,"Port of Call",2,346974404,228949516,35
356570,"Party Hard",3,910556749,205403449,78
356650,"Death's Gambit: Afterlife",3,1071715892,647425282,40
356670,"Spooky's Jump Scare Mansion",3,323423319,319127286,2
356820,"Nemo Dungeon",1,217740746,55816797,75
356880,"Eron",3,100412057,18047227,83
356890,"One More Line",2,329964777,88979226,74
356910,"Battle Fantasia -Revised Edition-",3,2637479122,2495830236,6
357070,"UBERMOSH",3,453399093,414481811,9
357190,"ULTIMATE MARVEL VS. CAPCOM 3",2,3783602430,3560814542,6
357290,"Red Lake",3,1425794399,789075874,45
357310,"Oriental Empires",3,2059704943,935561985,55
357330,"Space Beast Terror Fright",3,616533665,360017920,42
357600,"Unium",3,49200862,19138330,62
357780,"Defend Your Life: TD",3,317874342,82994996,74
357890,"Vortex Attack: ボルテックスアタック",3,90730448,71688919,21
358070,"Earthtongue",0,188869535,122154743,36
358090,"D4: Dark Dreams Don’t Die -Season One-",3,7998301498,7023982542,13
358190,"Blake Stone: Aliens of Gold",3,43520741,23277650,47
358200,"Math Rescue",3,30157670,13753055,55
358210,"Monster Bash",3,31288750,16009513,49
358230,"Paganitzu",2,29851456,16864618,44
358260,"Crystal Caves",3,15890596,7071333,56
358270,"Death Rally (Classic)",3,47234154,44326541,7
358280,"Alien Carnage / Halloween Harry",3,857632059,851575155,1
358310,"Blake Stone: Planet Strike",3,35822119,17832554,51
358320,"Realms of Chaos",2,32444095,19658683,40
358340,"Word Rescue",3,30074781,13651474,55
358360,"Raptor: Call of the Shadows (1994 Classic Edition)",3,41547466,18881450,55
358380,"Wacky Wheels",3,38856582,17073174,57
358390,"Stargunner",3,56556951,47025841,17
358410,"Rise of the Triad: Dark War",3,55710344,30071090,47
358920,"Star Control I and II",3,21793722,11237478,49
358930,"Star Control III",3,827972335,706773129,15
358960,"Canabalt",3,79371096,33443082,58
359050,"Shower With Your Dad Simulator 2015: Do You Still Shower With Your Dad",2,71714537,70226271,3
359100,"Q.U.B.E. 2",1,7483144505,3729718717,51
359310,"Evoland 2",3,799193922,391812238,51
359320,"Elite Dangerous",3,55879027496,55068522433,2
359340,"Pixel Puzzles Mosaics",2,250079630,230010978,9
359510,"Tangle Tower",3,633385672,447427840,30
359550,"Tom Clancy's Rainbow Six Siege",3,62431115808,55914533811,11
359600,"Assassin’s Creed® Chronicles: Russia",3,5387349563,5041016658,7
359610,"Assassin’s Creed® Chronicles: India",3,4102588730,3766002780,9
359620,"Call of Cthulhu: Prisoner of Ice",3,309288979,254251949,18
359630,"Independence War® 2: Edge of Chaos",3,1089631068,1036521157,5
359670,"Vagrant Hearts 2",3,102493599,99662860,3
359840,"Shift Happens",3,4697805171,1814906155,62
359870,"FINAL FANTASY X/X-2 HD Remaster",3,38569995720,37592673532,3
359960,"Choice Chamber",0,82362517,64004445,23
360010,"Remnants Of Isolation",3,110695227,107370771,4
360150,"How To Survive: Third Person Standalone",3,4904041236,2608252838,47
360170,"How to Survive 2",3,5545654106,2837555397,49
360380,"Tiny Bridge: Ratventure",3,48937677,39317827,20
360430,"Mafia III: Definitive Edition",3,58150276816,56702074533,3
360530,"WE ARE DOOMED",3,58752289,56535256,4
360550,"Cursed Sight",3,477065130,448026350,7
360620,"Spellsworn",3,936507285,395154191,58
360640,"12 Labours of Hercules II: The Cretan Bull",2,151905816,149216468,2
360650,"12 Labours of Hercules III: Girl Power",3,210715839,207890023,2
360740,"Downwell",3,43098162,31134969,28
360830,"Yooka-Laylee",3,7983636639,4045212931,50
360840,"Lumini",3,2381469366,721309199,70
360870,"Ultimate Tic-Tac-Toe",3,3295628,2707456,18
360940,"The Mean Greens - Plastic Warfare",3,6920637212,6468560587,7
361160,"Steamalot: Epoch's Journey",3,200676996,64157487,69
361190,"Sparkle 3 Genesis",3,322475915,191969108,41
361280,"Turmoil",3,1571943868,181371424,89
361300,"Mother Russia Bleeds",3,3471367861,763079546,79
361320,"Casino Inc.",3,1712784222,867981425,50
361420,"ASTRONEER",0,2990023684,2912407274,3
361670,"STAR WARS™ - X-Wing Alliance™",3,856344680,572053029,34
361690,"STAR WARS™ X-Wing vs TIE Fighter - Balance of Power Campaigns™",3,408629994,334826695,19
361850,"Portal of Evil: Stolen Runes Collector's Edition",3,1100915716,1046730971,5
361890,"Chronostorm: Siberian Border",3,1783883195,976546355,46
361930,"Farm Frenzy: Hurricane Season",3,290663905,280468898,4
361950,"MOAI 2: Path to Another World",3,367394912,364920741,1
361990,"Lakeview Cabin Collection",3,746874034,338398938,55
362130,"Ashes of Immortality",3,83856028,78133990,7
362140,"Ashes of Immortality II",3,99622581,93820353,6
362150,"Ashes of Immortality II - Bad Blood",3,195711331,186599243,5
362300,"Just Survive Test Server",3,14735779775,10539163294,29
362410,"Adam's Venture Chronicles",3,4158554717,3646424163,13
362490,"Exanima",3,6162384176,4065857821,35
362620,"Software Inc.",3,778566735,291359019,63
362680,"Fran Bow",1,3837411095,1470677030,62
362830,"3D MiniGolf",3,1252980825,429340271,66
362870,"RPG Maker 2003",3,33578445,24400995,28
362890,"Black Mesa",3,31136548371,16943408495,46
362930,"Garfield Kart",3,930826204,239752237,75
362960,"Tyranny",3,15759727078,8508764406,47
363330,"Mind Snares: Alice's Journey",3,590133728,521183427,12
363360,"Interstellar Rift",3,4819810389,990273054,80
363440,"Mega Man Legacy Collection",3,257046824,254271494,2
363460,"Spermination",3,357880035,153775201,58
363490,"Escape Machines",3,28608010,22056960,23
363600,"Holy Potatoes! A Weapon Shop?!",3,2637215697,302110594,89
363680,"Battlefleet Gothic: Armada (Classic)",3,13732920364,6512726048,53
363890,"RPG Maker MV",3,3086623418,2487366107,20
363930,"Dead Age",3,1840804501,745769980,60
363940,"Solar Shifter EX",3,4338520884,1531123503,65
363970,"Clicker Heroes",0,73684012,45579099,39
364050,"Face It - A game to fight inner demons",3,1652633421,682273157,59
364230,"Lucius Demake",3,199843941,139810612,31
364360,"Total War: WARHAMMER",3,41107637924,23489751878,43
364370,"The Sheltered",3,319570736,315514140,2
364390,"Downfall",3,2605185862,1481325941,44
364470,"The Elder Scrolls: Legends",2,8334788783,7972963290,5
364690,"SUPER DISTRO",3,261297386,82353250,69
364810,"Star Trek™: Starfleet Academy",3,3331318733,2593956813,23
364820,"Star Trek: Starfleet Command Gold Edition",3,407056813,304260801,26
364840,"N2O",3,578132072,340066737,42
364890,"The Lost Battalion: All Out Warfare",3,710397899,84404314,89
364930,"Koi-Koi Japan [Hanafuda playing cards]",2,496916442,301199261,40
364980,"Bunker Constructor",3,63951179,21133103,67
365150,"Go Home - Rage incoming",3,37823048,12793626,67
365160,"Kona",3,3299431309,2124102997,36
365300,"Transmissions: Element 120",3,3738530610,2092048110,45
365330,"iaidoka_interlude",3,12232420,5116390,59
365360,"Battle Brothers",0,1575989327,1432278590,10
365400,"Spoko and Poko",3,215902876,66437717,70
365450,"Hacknet",0,285884745,236990170,18
365590,"Tom Clancy’s The Division™",0,47875916480,47551787298,1
365660,"OlliOlli2: Welcome to Olliwood",1,929505205,201960115,79
365670,"Blender",3,961447412,401364548,59
365770,"Volume",3,817843216,602344552,27
365960,"rFactor 2",3,22683292136,20981451972,8
366090,"Colony Survival",3,227067198,122588328,47
366220,"Wurm Unlimited",2,2051357036,1234657875,40
366240,"GAROU: MARK OF THE WOLVES",2,242830705,187910763,23
366250,"METAL SLUG",3,68841626,43429072,37
366260,"METAL SLUG 2",3,97347256,53097345,46
366380,"MYTH - Steam Edition",2,878978527,763523951,14
366640,"Shiness: The Lightning Kingdom",2,9569964099,8810359451,8
366870,"Narcosis",3,8494476748,4540226973,47
366910,"The Long Journey Home",2,11491077666,5584354967,52
366970,"Mighty Switch Force! Hyper Drive Edition",3,691134996,682352940,2
367000,"Fine Sweeper",3,103146389,89731343,14
367120,"Seduce Me the Otome",1,1524598247,1422519873,7
367270,"Angels Fall First",3,5414309519,4466242259,18
367300,"Pixel Star",3,13665674,8801732,36
367430,"One Ship Two Ship Redshift Blueshift",3,37276486,26239226,30
367450,"Poly Bridge",3,223471620,123828528,45
367500,"Dragon's Dogma: Dark Arisen",0,21170425826,20905060276,2
367520,"Hollow Knight",3,7129480193,1383143051,81
367540,"Starbound - Unstable",1,1670739783,969373737,42
367570,"oO",3,85658690,26785715,69
367600,"Skyshine's BEDLAM",2,2785672679,2715812611,3
367670,"Controller Companion",3,3186382,1330616,59
368070,"Sniper Ghost Warrior 3",3,60945329489,59329340491,3
368080,"Aurion: Legacy of the Kori-Odan",3,14041573871,4879506501,66
368180,"Polyball",2,8571572428,4752413390,45
368230,"Kingdom: Classic",3,302909442,207012293,32
368250,"Valiant: Resurrection",3,127595569,125706533,2
368260,"Marvel's Midnight Suns",3,61171338466,58075919516,6
368290,"Visibility",3,28879945,28700680,1
368340,"CrossCode",3,1038102933,571940905,45
368360,"60 Seconds!",3,3759916296,1010832568,74
368370,"Her Story",3,1621755325,1519433126,7
368390,"The Darkside Detective",3,1062549662,182743089,83
368430,"Through the Woods",3,10321713507,5468704583,48
368450,"Rememoried",3,1069940386,271488827,75
368500,"Assassin's Creed® Syndicate",0,51315274599,49470075671,4
368610,"The Enchanted Cave 2",2,50365259,37171221,27
368620,"Timespinner",2,375920479,306593679,19
368650,"Dark Echo",2,84889681,40337545,53
368730,"No Time To Explain Remastered",3,1351152603,476284721,65
368740,"Obliteracers",0,6289813935,2447604176,62
368800,"Apocalypse: Party's Over",1,3729312292,1329362984,65
368890,"AR-K: The Great Escape",3,4657565057,2438465332,48
369000,"Pongo",3,790062857,528419051,34
369040,"Yargis - Space Melee",3,493306969,387699888,22
369070,"Slain: Back from Hell",2,541834111,283731942,48
369110,"The Swindle",1,1206475592,564420399,54
369200,"Ghost in the Shell: Stand Alone Complex - First Assault Online",3,5429170835,3342916998,39
369300,"Adventure Time: Finn and Jake Investigations",3,5867707461,5156206771,13
369420,"9 Clues 2: The Ward",3,748843842,650916545,14
369560,"The Story Goes On",1,300550330,274294414,9
369890,"Riddled Corpses",3,41554905,31023004,26
369990,"Gremlins, Inc.",2,3579485514,1283084376,65
370060,"Coffee Shop Tycoon",2,4033266742,1540007478,62
370130,"Lion Quest",1,582439756,262201341,55
370360,"TIS-100",3,50189412,21957089,57
370460,"Arcana Heart 3 LOVE MAX!!!!!",3,7413412340,5769613400,23
370510,"Marble Mayhem: Fragile Ball",3,237430788,162048155,32
370620,"Onyx",3,120215006,111424811,8
370640,"Midnight's Blessing",3,152138211,140995352,8
370660,"Opaline",3,161955053,158139731,3
370670,"The Tale of a Common Man",3,190771694,184042201,4
370690,"Elendia Ceus",3,102766284,96499431,7
370780,"Fated Souls",3,37794437,36098979,5
370870,"Dark Future: Blood Red States (Classic)",1,3459004474,3205788656,8
370900,"CrossCode Demo",3,133091107,98144256,27
370910,"Kathy Rain",3,536672074,364822992,33
371120,"Discouraged Workers",3,215565136,179694260,17
371140,"Aegis Defenders",3,1450223377,212635028,86
371180,"Super 3-D Noah's Ark",3,21700875,17568501,20
371420,"Teddy Floppy Ear - The Race",3,1040526739,419826283,60
371450,"Awe",3,137828269,31405850,78
371460,"Gnumz: Masters of Defense",3,100704057,94888384,6
371520,"Bounty Train",3,2045709597,1061617460,49
371660,"Far Cry® Primal",1,17996506872,16600946562,8
371970,"Barony",0,859095374,629111372,27
372000,"Tree of Savior (English Ver.)",0,35428276779,35096322267,1
372080,"Kramora's Shadow",3,349508946,203645611,42
372210,"Spooky Cats",2,269342651,148038092,46
372330,"Beauty Bounce",2,303905052,255880556,16
372360,"Tales of Symphonia",3,6835065496,6327868217,8
372800,"RPG MO",3,131266942,99726107,25
373180,"Kung Fury: Street Rage - Ultimate Edition",0,176222460,90614710,49
373240,"Black Sails - The Ghost Ship",3,779393535,542879838,31
373420,"Divinity: Original Sin - Enhanced Edition",3,10731305223,10303527158,4
373480,"1993 Space Machine",3,435076882,136171052,69
373600,"Weapon of Choice DX",0,483607416,420843555,13
373610,"Shoot 1UP DX",0,178525998,129349339,28
373770,"LiEat",0,206776930,184696076,11
373930,"Sudden Strike 4",1,7011350030,6497447876,8
373990,"Metrico+",1,789167817,425032515,47
374030,"Virginia",3,4335320757,1971790150,55
374040,"Portal Knights",3,11030953818,3936741367,65
374060,"Stairs",3,3629525527,3074634457,16
374280,"Hired Ops",3,16305242398,13793799033,16
374320,"DARK SOULS™ III",3,25570272985,25346106168,1
374520,"Champions of Anteria™",2,9382274560,9309856942,1
374900,"Agatha Christie - The ABC Murders",3,1583953592,621561440,61
375250,"Pizza Express",3,58359094,51624466,12
375310,"Mighty Switch Force! Hose It Down!",3,167639388,63064563,63
375480,"Chronicon",3,505555603,412163868,19
375520,"Taimumari: Definitive Edition",3,128661583,88236547,32
375820,"Human Resource Machine",3,173409194,166309745,5
375900,"Trackmania® Turbo",3,4222114058,3661191914,14
375910,"Anno 2205™",3,35224120525,20560047316,42
375950,"Viridi",3,190525958,96284272,50
376210,"The Isle",3,10583340432,8468813659,20
376300,"GUILTY GEAR Xrd -SIGN-",2,10924748984,10791263964,2
376520,"Kelvin and the Infamous Machine",3,469134537,373913978,21
376680,"Splendor",3,259390600,108162560,59
376730,"Monument",3,2288741418,837638391,64
376870,"Minecraft: Story Mode - A Telltale Games Series",2,5186586465,4879428732,6
377080,"Hatoful Boyfriend: Holiday Star",3,1653334653,777467398,53
377120,"Chronicle Keepers: The Dreaming Garden",3,1558333687,1036994428,34
377160,"Fallout 4",2,54541217441,51444133799,6
377300,"Thunder Tier One",2,17424685433,16633661571,5
377460,"Chicken Invaders 3",3,1103750004,245017086,78
377480,"N.E.R.O.: Nothing Ever Remains Obscure",3,10004427575,5864032340,42
377600,"Tcheco in the Castle of Lucio",2,21725268,12521895,43
377680,"Sakura Beach",3,171562132,113242450,34
377840,"FINAL FANTASY IX",3,14001000766,7980379838,44
377860,"Mushihimesama",3,975934387,863690760,12
378110,"Hack RUN",3,5022781,3383697,33
378120,"Football Manager 2016",3,5648843215,2311932893,60
378270,"Putrefaction",3,1206188542,571262701,53
378490,"Sunny Hillride",3,101867789,34785815,66
378540,"The Surge",3,23994322494,19557506947,19
378610,"Valley",3,4272653497,2474695530,43
378720,"Thea: The Awakening",0,2284031996,1926419747,16
378750,"Sayonara Umihara Kawase",3,943961011,575256983,40
378760,"Pixel Starships",3,291519706,106303081,64
378860,"Project CARS 2",3,54125642851,53031792312,3
379210,"Wayward",2,512032784,319366424,38
379320,"Clandestinity of Elsie",3,139867588,133814683,5
379430,"Kingdom Come: Deliverance",3,77246726896,74002224539,5
379720,"DOOM",3,72043126703,65678370195,9
380000,"MiniOne Racing",3,61405474,43761944,29
380120,"Celia's Quest",3,372774063,367258374,2
380140,"The Secret of Tremendous Corporation",2,38013408,35759928,6
380600,"Fishing Planet",1,6877318530,4784201320,31
380670,"Final Approach",0,3128370035,1951679023,38
380750,"Anima: Gate of Memories",2,9001849112,5908988153,35
380840,"Teeworlds",2,13686336,10632122,23
380870,"Project Zomboid Dedicated Server",3,5507562648,1112342197,80
381020,"Sky Rogue",2,271387442,144933196,47
381210,"Dead by Daylight",0,43654508599,43298543201,1
381780,"80 Days",3,1120445826,98356983,92
381850,"My Paper Boat",2,2531387490,1334528963,48
381880,"Red Rope: Don't Fall Behind",3,536827992,193552005,64
382000,"Mindshow",3,3253191552,1964060686,40
382090,"Dungeon Nightmares II : The Memory",3,1765876478,856044146,52
382110,"Virtual Desktop Classic",3,743420661,569615921,24
382140,"SKYHILL",3,1547274790,238755696,85
382260,"8Bit Fiesta - The Drinking Game",2,143744607,88663471,39
382310,"Eco",1,5416884230,3800271946,30
382490,"Relic Hunters Zero: Remix",3,116044468,74940548,36
382560,"Hot Lava",3,10918660022,5917954483,46
382890,"FINAL FANTASY V",3,1249444568,1052800930,16
382900,"FINAL FANTASY VI",3,841457691,624347954,26
383100,"Fragile Allegiance",3,533454035,454220294,15
383120,"Empyrion - Galactic Survival",3,16735497240,11449212564,32
383150,"Dead Island Definitive Edition",3,9599621913,6675407918,31
383180,"Dead Island: Riptide Definitive Edition",3,9777839475,7202353791,27
383270,"Hue",2,332355694,130277227,61
383330,"Star Chronicles: Delta Quadrant",3,201180047,47556378,77
383580,"Flesh Eaters",3,17157120,17084416,1
383630,"SEEP Universe",3,115840359,114065408,2
383690,"Mu Complex",3,127739366,95816605,25
383730,"RPG Maker 2000",3,23518308,18917129,20
383840,"Nimbatus - The Space Drone Constructor",2,1835828554,537960726,71
383870,"Firewatch",3,4250716810,2182096152,49
383980,"Rivals of Aether",3,363454820,204670426,44
384110,"Pathologic Classic HD",3,1937716296,1491436917,24
384120,"WonderCat Adventures",3,107571564,75725140,30
384180,"Prominence Poker",1,9279608053,5301898495,43
384190,"ABZU",3,4868369950,1450184687,71
384200,"Raging Justice",2,775450579,733695387,6
384250,"Super Rude Bear Resurrection",1,2974080543,980548661,68
384300,"CPUCores :: Maximize Your FPS",1,20148068,12883628,37
384310,"Dead In Bermuda",0,681818964,257602995,63
384330,"PolyRace",0,165721500,86549177,48
384490,"NECROPOLIS: BRUTAL EDITION",2,3909111176,1676949981,58
384570,"Zanzarah: The Hidden Portal",3,1242987076,838795886,33
384590,"Polychromatic",3,30870632,23782809,23
384680,"MechaNika",3,318680768,224400778,30
384690,"Umihara Kawase",3,125229948,115755470,8
384700,"Umihara Kawase Shun",3,124951783,93490895,26
384740,"CAT Interstellar",3,2439698797,2171695208,11
384890,"Hack Run ZERO",3,15888356,11351319,29
384960,"Vengeance",2,8651457955,4203551347,52
385030,"C. Kane",3,33243152,25235462,25
385070,"Atonement: Scourge of Time",3,451119914,446096935,2
385200,"Absconding Zatwor",3,314940900,124442421,61
385250,"Paint it Back",2,213294810,113645734,47
385270,"Jet Racing Extreme",0,1399012028,817202936,42
385370,"Radiator Forever",3,268389100,143803466,47
385400,"Weapons Genius",3,1340311203,435766715,68
385560,"Shadow Complex Remastered",3,1331853115,1142094882,15
385600,"Heavy Fire: Shattered Spear",3,2753499122,1564613634,44
385770,"Time Clickers",2,128970527,59904785,54
385800,"NEKOPARA Vol. 0",3,1634662818,446123211,73
386050,"Proto Raider",3,51696693,47877621,8
386070,"Planetary Annihilation: TITANS",3,3545141796,2243052882,37
386110,"Raywin",3,410306026,404104087,2
386180,"Crossout",3,13011802406,12620459609,4
386280,"Vendetta - Curse of Raven's Cry",3,17480164485,17127332109,3
386360,"SMITE®",0,35263179084,34641294515,2
386590,"Novus Inceptio",3,5568710208,2639951830,53
386620,"Cook, Serve, Delicious! 2!!",3,1021389889,849361665,17
386650,"Dungeons and Robots",3,2091308976,598376755,72
386710,"C:\raft",2,193694555,140811663,28
386770,"Caladrius Blaze",3,1866210621,1820023571,3
386940,"Ultimate Chicken Horse",3,2193149300,871025612,61
387290,"Ori and the Blind Forest: Definitive Edition",3,11061752961,4723561657,58
387340,"Hyperdimension Neptunia U: Action Unleashed",2,2964706976,1880878003,37
387990,"Scrap Mechanic",2,9947327485,5811766862,42
388060,"The Escapists: The Walking Dead",3,1516204587,959330074,37
388080,"Borderless Gaming",0,53945514,29402510,46
388090,"Five Nights at Freddy's 4",3,1041535691,1035227136,1
388210,"Day of the Tentacle Remastered",3,2736822706,2360733758,14
388260,"Super Slam Dunk Touchdown",1,534002120,133433149,76
388410,"Darksiders II Deathinitive Edition",0,13495737079,13404798293,1
388420,"In Between",2,824161087,467686810,44
388540,"Dr. Bulbaceous",3,47981154,45422332,6
388620,"DungeonUp",3,68001686,52048758,24
388750,"BlazBlue: Chronophantasma Extend",2,11636497010,11103225371,5
388800,"Azure Striker Gunvolt",3,1945079627,908456795,54
388880,"Oxenfree",3,3115047288,2100945176,33
388970,"iZBOT",3,10335744,9891840,5
389140,"Horizon Chase Turbo",3,1313715377,543548583,59
389270,"Through Abandoned: The Underground City",3,762354267,466622390,39
389470,"Call of Cthulhu: Shadow of the Comet",3,155468554,100410460,36
389570,"Mitos.is: The Game",2,108774716,92597297,15
389670,"Pacer",3,16199927742,15122215831,7
389730,"TEKKEN 7",3,80531734981,49514569517,39
389900,"Hogs of War",3,427862162,343723914,20
390030,"DESYNC",3,2132335986,674922026,69
390290,"Bulb Boy",3,2451145315,361547552,86
390340,"Umbrella Corps",3,5474119055,5197749840,6
390560,"Fantasy Strike",3,5380822538,4407264129,19
390710,"Acceleration of SUGURI 2",3,1167920027,1107373365,6
390720,"Anarcute",3,1362400308,293493338,79
390730,"Sora",3,749246362,710465214,6
390880,"Redemption: Eternal Quest",3,68359691,59696912,13
390970,"Russian Horror Story",1,67340976,51508530,24
391000,"Farm Frenzy Collection",3,1895180898,1531345158,20
391040,"F1 2016",3,28558630553,20826823452,28
391070,"Stellar 2D",3,603732007,259848015,57
391120,"The Archetype",3,2014419463,1057472068,48
391170,"Void Invaders",3,93854002,86307130,9
391220,"Rise of the Tomb Raider™",3,28437800960,26092097649,9
391260,"Labyronia RPG",3,308397752,304421392,2
391420,"Gun Rocket",3,160828823,82545390,49
391460,"WARMODE",3,1240171506,989987330,21
391540,"Undertale",3,163095879,131299653,20
391580,"Egyptian Senet",3,74697790,48726427,35
391590,"Dream Chamber",3,3798870606,1059252621,73
391720,"Layers of Fear (2016)",3,4411883096,2073658782,53
391730,"Crashlands",3,114871677,82535631,29
391920,"Ether One Redux",3,2613381673,989486185,63
392070,"Pumped BMX +",3,460203612,245446153,47
392110,"ENDLESS Space™ 2",3,15969001316,12213875379,24
392160,"X4: Foundations",1,26336207687,24471814753,8
392280,"The Franz Kafka Videogame",3,196168790,185593954,6
392870,"Attrition: Nuclear Domination",3,612606395,243218213,61
392930,"A Sirius Game",3,200936195,101515360,50
392950,"Lost Lands: A Hidden Object Adventure",3,284364519,276161172,3
393080,"Call of Duty®: Modern Warfare® Remastered (2017)",3,87841561643,79028514245,11
393100,"Call of Duty: Modern Warfare Remastered - Multiplayer",1,66585538624,62823240045,6
393190,"TSIOQUE",2,1071329652,1051373861,2
393200,"Bad Rats Show",3,1146521767,602204827,48
393380,"Squad",2,78955966375,52014414421,35
393430,"Ice Lakes",2,1734754553,886627367,49
393520,"Iconoclasts",2,174113890,114008541,35
393610,"ROOT",3,1394044292,492324962,65
394160,"ARCADE GAME SERIES: PAC-MAN",3,819876062,49134814,95
394230,"Battleborn",0,46511422667,38783466331,17
394280,"Dark Heritage: Guardians of Hope",3,666226157,574924692,14
394310,"Punch Club",0,325697688,94848820,71
394360,"Hearts of Iron IV",3,8092766155,4476262546,45
394450,"Warhammer 40,000: Deathwatch - Enhanced Edition",3,5945339774,2552907690,58
394510,"HELLDIVERS™ Dive Harder Edition",3,6908794597,6809504442,2
394600,"Mighty Gunvolt",3,228249367,209258102,9
394680,"Mountain Crime: Requital",3,1060810311,923271583,13
394690,"Tower Unite",3,27618225854,25892813512,7
394760,"Dead Effect 2",3,15414260548,8461125813,46
394970,"DEADBOLT",3,207277779,184472791,12
395160,"Toby: The Secret Mine",3,179648637,39581114,78
395170,"DISTRAINT: Deluxe Edition",3,128502217,90271472,30
395200,"Ben and Ed",3,7042526207,1758587217,76
395300,"Voxel Blast",3,1578616768,122643328,93
395400,"Freedom Cry",3,138127823,132508071,5
395520,"Missing Translation",3,83551027,49438726,41
395570,"We Are The Dwarves",3,2593332035,1531061999,41
395620,"Ittle Dew 2+",3,1060914195,648427723,39
395760,"Decent Icons",3,7519816,2998278,61
395850,"Bear Simulator",2,3930397604,2389608108,40
395930,"Farm Frenzy: Heave Ho",3,385820890,318928008,18
396160,"Secret Of Magia",3,542769209,473499796,13
396280,"Anarchy Online",3,3642865886,2887008382,21
396350,"Bleed 2",2,298063898,102714550,66
396650,"ACE Academy",2,1683339692,1610910887,5
396710,"The Adventure Pals",3,1483342423,393734931,74
396750,"EVERSPACE™",3,11124016874,5144588845,54
396850,"Chronicles of the Witches and Warlocks",3,682874822,309833464,55
396860,"Over The Hills And Far Away",1,214170177,173267190,20
396900,"GRIP: Combat Racing",3,12192994664,4945098238,60
397100,"MachineCraft",3,264574718,125522402,53
397270,"A Kiss For The Petals - Remembering How We Met",3,315711777,234725405,26
397310,"Looterkings",0,4238697523,2568960049,40
397330,"Little Big Adventure",3,1803103544,1570311946,13
397340,"SimplePlanes",3,848583632,320839330,63
397350,"Lords of the Realm II",3,542220618,478876086,12
397400,"HueBots",3,608583668,154395936,75
397460,"The Jackbox Party Pack 2",3,730424592,659111964,10
397500,"Labyronia RPG 2",3,332971336,328480880,2
397540,"Borderlands 3",1,123432050965,122716076601,1
397550,"Deus Ex: Revision",3,8082387526,4204251202,48
397680,"FIREFIGHT RELOADED",1,5994954319,3676652327,39
397690,"Hyperspace Invaders II: Pixel Edition",3,147440978,138985472,6
397740,"Hylics",3,174956053,152490805,13
397770,"Age of Invention",3,777740297,249825073,68
397820,"Let's Sing 2016",3,3476107308,3235114242,7
397900,"Business Tour - Board Game with Online Multiplayer(大富翁)",2,329822693,217121532,35
397940,"No Time To Live",3,64668672,64569344,1
397950,"Clustertruck",3,476109069,340261271,29
398000,"Little Big Adventure 2",3,1315677912,1204734146,9
398030,"Old School Musical",3,663057005,419601737,37
398100,"Highschool Romance",3,215966121,166350320,23
398170,"Evochron Legacy SE",0,756773157,702130400,8
398710,"Timberman",3,76060902,16238463,79
398850,"Epistory - Typing Chronicles",3,1498695343,683682323,55
398980,"Without Within 2",1,421974139,394942118,7
399420,"The Prism",3,203881611,202805253,1
399670,"Game Corp DX",2,393114132,167706497,58
399790,"Destiny Warriors RPG",3,548181672,475396067,14
399810,"Call of Cthulhu®",3,13019690107,12882007742,2
399890,"The Secret Order 2: Masked Intent",3,1000697958,886928110,12
400020,"Atari Vault",3,1002705911,349437465,66
400040,"ShareX",3,613031633,226169128,64
400080,"Out of Space",3,751310781,209261270,73
400160,"Concrete Jungle",0,406000951,401239906,2
400170,"The Incredible Adventures of Van Helsing: Final Cut",3,47797293824,25108550305,48
400180,"Okhlos: Omega",3,2214625420,1480313015,34
400250,"Heaven Island - VR MMO",3,1093450921,522637016,53
400360,"Adam's Venture: Origins",3,4601987508,2797211044,40
400370,"Normality",3,488931195,373033645,24
400430,"The Vanishing of Ethan Carter Redux",3,5810048599,3031237346,48
400630,"Wuppo: Definitive Edition",3,1513820919,1427493164,6
400750,"Call to Arms - Gates of Hell: Ostfront",3,85950554333,47453939056,45
400910,"Rabi-Ribi",0,635282937,520225649,19
400940,"Budget Cuts",3,8731248540,2943560739,67
401420,"Match 3 Revolution",3,303385732,252802442,17
401680,"POSTAL Redux",3,1204556663,1030602469,15
401710,"Flinthook",1,162189066,137332269,16
402020,"The Park®",2,2875878083,2824163639,2
402040,"The Guest",3,1257473446,650204996,49
402130,"FlatOut 4: Total Insanity",3,7250838878,6595023183,10
402330,"Press X to Not Die",3,3577624558,3350065997,7
402390,"Hyperdrive Massacre",3,378000409,110670295,71
402430,"Out of the Park Baseball 17",1,1036652324,910685681,13
402560,"Tabletopia",3,1566428099,526502344,67
402620,"Kindred Spirits on the Roof",2,818396960,755433725,8
402630,"The Coma",3,904979790,219414829,76
402710,"Osiris: New Dawn",3,6209014461,3644178131,42
402840,"Crusaders of the Lost Idols",3,226291468,206432654,9
402940,"Dungeons of Betrayal",3,955328363,892421505,7
403120,"THE GAME OF LIFE",2,105696586,94709145,11
403180,"Draw a Stickman: EPIC 2",3,339621595,90866138,74
403190,"Planetbase",2,670693354,421554184,38
403390,"Undercover Missions: Operation Kursk K-141",3,1054173275,1028458456,3
403400,"ARCADE GAME SERIES: DIG DUG",3,800298538,49726746,94
403410,"ARCADE GAME SERIES: Ms. PAC-MAN",3,813310806,51250522,94
403430,"ARCADE GAME SERIES: GALAGA",1,805534662,87546458,90
403510,"Fairy Tale Mysteries 2: The Beanstalk",3,481895430,425145095,12
403640,"Dishonored 2",3,45685585684,42832814929,7
404040,"Lords of Magic: Special Edition",3,575278380,533400248,8
404080,"Murder",3,447101325,421067904,6
404200,"WARTILE",3,6052603220,5920609226,3
404410,"Endless Sky",3,469343729,406544936,14
404540,"Nex Machina",3,941472118,866550997,8
404590,"Vikings - Wolves of Midgard",3,7398442379,4470516885,40
404620,"The Political Machine 2016",3,296314353,175435491,41
404680,"Hob",3,2597683970,2184977167,16
404690,"This Book Is A Dungeon",3,56269921,23966491,58
404700,"Curvatron",3,156213633,98124599,38
404730,"Wasteland 2: Director's Cut",3,15666235370,9907272010,37
404790,"Godot Engine",3,1636535685,1015397982,38
405050,"Fill Up!",3,331031239,93556485,72
405290,"Charlie Murder",3,944060394,775705152,18
405310,"LEGO® MARVEL's Avengers",3,15027857430,14625256792,3
405500,"Dangerous Golf",3,8504760297,8399317884,2
405640,"Pony Island",3,377209956,133554409,65
405710,"Staxel",3,2060215437,1425298836,31
405720,"Perfect Universe - Play with Gravity",2,301199708,148865568,51
405820,"Turok",0,345861391,322678968,7
405830,"Turok 2: Seeds of Evil",2,790669341,746994831,6
405900,"Disgaea PC",3,1738507440,872791574,50
406080,"Ant War: Domination",3,119024402,29079345,76
406150,"Refunct",3,141745440,123699200,13
406160,"Dust Fleet",2,4631034294,2064421337,56
406350,"KartKraft™",2,37935885315,19887810581,48
406550,"Umineko When They Cry - Question Arcs",2,9401085319,9017723304,5
406720,"Alekhine's Gun",3,5805091769,4417173476,24
406850,"Crush Your Enemies",3,1085424873,774029620,29
406860,"Blind",3,3099851037,1335035161,57
406870,"Eventide: Slavic Fable",3,1051712561,969800413,8
406970,"The Uncertain: Last Quiet Day",3,7910540478,3898440723,51
407050,"Mussoumano: Ataque dos Haters",1,1336780379,663308562,51
407130,"Tank Mechanic Simulator",1,12628662592,9196231983,28
407230,"Legend of Mysteria RPG",3,431350047,363409023,16
407250,"Pro Evolution Soccer 2016 myClub",3,7909778173,6530162150,18
407290,"There Was A Caveman",3,21563854,12267520,44
407300,"The Last NightMary - A Lenda do Cabeça de Cuia",3,398243220,104127026,74
407330,"Sakura Dungeon",2,848614449,792751945,7
407530,"ARK: The Survival Of The Fittest",3,67014981534,25153517265,63
407810,"Hard Reset Redux",3,5656970876,5585446159,2
407880,"Mad Nords: Probably an Epic Quest",3,205689967,117841920,43
407900,"Princess Remedy in a World of Hurt",3,22491404,19550208,14
407980,"Sakura Beach 2",3,156271594,111195095,29
408000,"Cinderella Escape! R12",2,270624530,116246280,58
408410,"X-Morph: Defense",3,4493424713,4270268718,5
408520,"FORM",3,3443349018,1608268719,54
408640,"Code of Princess",2,3344499083,1289892977,62
408650,"ChromaGun",3,1135868831,425608032,63
408900,"Unfortunate Spacemen",3,6786612534,6506604036,5
409000,"Mystery Chronicle: One Way Heroics",3,3901737379,3312750143,16
409090,"The Big Secret of a Small Town",3,345292620,338013365,3
409100,"The Purring Quest",3,2869797321,449902211,85
409320,"Syndrome",3,9025506204,4027429951,56
409600,"Contract With The Devil",3,1489019932,1112983711,26
409660,"Angry Video Game Nerd II: ASSimilation",3,157787658,87822483,45
409710,"BioShock™ Remastered",3,22231104601,15372518894,31
409720,"BioShock™ 2 Remastered",3,21445009176,13517764362,37
409850,"Criminal Girls: Invite Only",2,3999826479,2566809596,36
409870,"Phantom Brave PC",3,702664888,489711622,31
409890,"Stranger of Sword City",2,3787017097,1970793650,48
410110,"12 is Better Than 6",3,1170087347,1009360892,14
410130,"AGON - The Lost Sword of Toledo",3,1432532509,938926157,35
410210,"Ampersand",3,60847512,52182094,15
410290,"Acorn Assault: Rodent Revolution",3,1343285415,677727181,50
410320,"EARTH DEFENSE FORCE 4.1 The Shadow of New Despair",3,7481972183,7024389839,7
410430,"Morphine",3,3064975275,1409497396,55
410700,"System Shock: Classic",3,1113492981,931589274,17
410710,"System Shock: Enhanced Edition",3,821408139,808567518,2
410820,"Starward Rogue",2,487190285,425020261,13
410850,"DRAGON QUEST HEROES™ Slime Edition",3,21301212485,21213137875,1
410890,"Higurashi When They Cry Hou - Ch.2 Watanagashi",2,2221907045,2034789575,9
410900,"Forts",3,2457063234,1985808420,20
410970,"Master of Orion 1",3,27206464,17313966,37
410980,"Master of Orion 2",3,393458609,232949054,41
410990,"Master of Orion 3",3,1036447576,958787132,8
411080,"SHOWTIME 2073",3,555895583,259958554,54
411300,"ELEX",3,28410089923,23860993845,17
411330,"Men of Valor",1,3983549188,2889569963,28
411370,"Melty Blood Actress Again Current Code",3,2318142176,975677037,58
411560,"Reveal The Deep",2,412904078,336388970,19
411830,"SENRAN KAGURA SHINOVI VERSUS",3,5278154051,3133428586,41
411870,"Discovering Colors - Animals",3,53944665,21927355,60
411960,"TY the Tasmanian Tiger",3,2839732703,2091745286,27
411970,"TY the Tasmanian Tiger 2",3,2346350284,1442193414,39
411980,"TY the Tasmanian Tiger 3",3,1687040684,990367750,42
412020,"Metro Exodus",2,78769966725,73782189495,7
412220,"DDNet",2,86493860,60858046,30
412270,"Stories of Bethem: Full Moon",3,310885845,279209339,11
412290,"The Dreamlord",3,1124797139,646064120,43
412600,"Lup",1,877481438,414758701,53
412790,"Adventure Time: Magic Man's Head Games",3,1196510194,344287716,72
412830,"STEINS;GATE",0,6455260393,6312369425,3
412880,"Drift Streets Japan",3,751078863,338594374,55
413150,"Stardew Valley",1,673654087,503608770,26
413410,"Danganronpa: Trigger Happy Havoc",2,3196268944,1945279701,40
413420,"Danganronpa 2: Goodbye Despair",3,4904630657,2378217479,52
414160,"Nubarron: The adventure of an unlucky gnome",3,3776230390,872770432,77
414340,"Hellblade: Senua's Sacrifice",1,20187352972,14174245482,30
414660,"Vampire Legends: The True Story of Kisilova",3,671866875,584744758,13
414700,"Outlast 2",3,27102478020,24623048257,10
414740,"RAID: World War II",1,12136184902,11746802236,4
414920,"Corgi Warlock",3,186885855,121589788,35
415010,"The Other 99",3,6680320043,3287538774,51
415150,"Pang Adventures",3,1565448361,1431336198,9
415200,"Motorsport Manager",3,15828273346,8065545129,50
415350,"Shooting Stars!",3,248957265,65930297,74
415420,"Nyan Cat: Lost In Space",3,91866840,89242146,3
415480,"Hyperdevotion Noire: Goddess Black Heart (Neptunia)",2,2549063688,1990151316,22
415610,"Red Comrades Save the Galaxy: Reloaded",3,3446017807,589375013,83
415740,"OmniBus",0,210744431,133545851,37
415830,"Gnomes Garden",3,150743480,69982188,54
415960,"Energy Cycle",3,779311329,587546581,25
416080,"The Odyssey: Winds of Athena",3,161513900,54254366,67
416130,"Written in the Sky",3,123673581,73178195,41
416210,"Block'hood",3,2201299741,413138021,82
416550,"Rubber Ducky and the Rainbow Gun",3,101030461,75938757,25
416600,"Full Metal Furies",3,1004676194,532783568,47
416680,"Zombie Night Terror",2,530040115,466537868,12
416770,"SquareCells",3,62101598,34178842,45
416800,"Cluck Yegger in Escape From The Planet of The Poultroid",0,234319298,154605259,35
417290,"Ghost of a Tale",3,5070197318,2824093821,45
417360,"OnlyCans: Thirst Date",3,2443264945,768869938,69
417430,"Moto Racer  4",0,13028564069,6514827213,50
417860,"Emily is Away",3,61565517,16873524,73
418040,"hocus",3,36569525,20004375,46
418060,"Battle Riders",1,773636528,384833327,51
418070,"Turbo Pug",2,57579022,32098174,45
418180,"Tempest: Pirate Action RPG",2,882680601,542049324,39
418240,"Shadow Tactics: Blades of the Shogun",3,7792491700,3926867578,50
418270,"Draw Slasher",3,528248560,475693499,10
418300,"Wick",2,1040148057,623297214,41
418340,"RWBY: Grimm Eclipse",2,3889336788,1973371436,50
418370,"Resident Evil 7 Biohazard",1,52371228994,50434842536,4
418460,"Rising Storm 2: Vietnam",3,62727641534,22953076053,64
418530,"Spelunky 2",3,599091430,544725382,10
418620,"The TakeOver",2,2446773336,1793269345,27
418650,"Space Pirate Trainer",3,2232537951,752918344,67
418670,"Pankapu",2,1587670519,542005686,66
419080,"Bridge Constructor Stunts",3,154074295,54699997,65
419480,"Starpoint Gemini Warlords",3,17645189874,8126850573,54
420060,"Candle",3,11382446594,6021459154,48
420100,"CLANNAD Side Stories",3,2434873289,2105489316,14
420110,"NEKOPARA Vol. 2",3,3776195949,1584453629,59
420210,"KRUM - Edge Of Darkness",3,835514899,500515011,41
420290,"Blackwake",3,5307338886,3202193432,40
420360,"Spectrum",1,1119059447,324453023,72
420520,"Lost Technology",1,665541313,506834872,24
420530,"OneShot",0,315457713,278135685,12
420560,"Firefighting Simulator - The Squad",3,9051274410,8647558280,5
420740,"The Deed",3,233892427,230723859,2
420790,"StarBreak",0,386898978,287484506,26
420930,"CHKN",3,4553802091,2546922917,45
420970,"RoBoRumble",3,140321210,118350189,16
421020,"DiRT 4",3,38574299216,38427226676,1
421120,"Samorost 3",3,1188660205,987099193,17
421170,"Indivisible",3,5537641730,5534943164,1
421610,"XBlaze Code: Embryo",2,6598561879,4010393812,40
421630,"A Study in Steampunk: Choice by Gaslight",2,238693108,123692810,49
421660,"Harmonia",3,4274892216,3973797716,8
421740,"Goetia",2,7082807488,1331898107,82
421810,"OH! RPG!",3,639279997,539993309,16
421940,"Haunt the House: Terrortown Soundtrack",3,155815620,155688140,1
422250,"ShipLord",3,2030096405,853166673,58
422420,"Godus Wars",1,5914745885,1837985824,69
422510,"DEMON'S TILT",3,799001015,374528637,54
422900,"Particle Fleet: Emergence",2,1256914121,521787162,59
422910,"Creeper World: Anniversary Edition",3,46428390,26604322,43
422920,"Creeper World 2: Anniversary Edition",3,68558305,48750554,29
422970,"Devil Daggers",3,577373436,447850733,23
423230,"Furi",3,2527136380,2289140903,10
423270,"ZHEROS",3,6746706744,2225995662,68
423550,"Day D: Tower Rush",3,213435844,205180430,4
423580,"Project Highrise",3,603359504,105039764,83
423590,"The Little Acre",3,2646572021,674200011,75
423750,"Gardenarium",3,1216538490,158635817,87
423890,"Gods and Idols",2,1005443361,453146121,55
423950,"Deadlight: Director's Cut",3,5025526889,4526465887,10
424030,"War of Rights",0,16770114688,15443221155,8
424250,"Balrum",3,273567852,179596544,35
424280,"Iron Snout",3,26756668,19357944,28
424370,"Wolcen: Lords of Mayhem",3,38886014771,28127049736,28
424840,"Little Nightmares",3,9651141943,3210630095,67
425220,"One Piece Burning Blood",3,14459481889,12513521815,14
425240,"Pressure Overdrive",3,1255646519,774019720,39
425410,"Road to Ballhalla",1,485477761,257022974,48
425580,"The Room Two",3,1392010746,811567700,42
425650,"Halloween Forever",3,36056304,26992680,26
425670,"Seraph",0,2354208332,694459482,71
426000,"HunieCam Studio",3,794544983,115276101,86
426310,"Perception",3,6807154028,3870656435,44
426790,"Grow Up",1,970296707,572686063,41
426930,"Moonshot",1,304232118,117904032,62
427030,"Xuan-Yuan Sword: The Gate of Firmament",3,25939447659,18764096726,28
427100,"Fernbus Simulator",3,36844270375,27554312325,26
427190,"DEAD RISING®",3,8385047232,8208521506,3
427240,"Cosmic Trip",3,1284221948,357354386,73
427270,"Orcs Must Die! Unchained",3,10950725959,8607153541,22
427290,"Vampyr",3,15287117916,15047244413,2
427410,"Abiotic Factor",3,6311866047,2334117956,64
427490,"Shadowhand: RPG Card Game",2,283253200,269328765,5
427510,"Way of the Samurai 3",3,1720343247,1714290876,1
427520,"Factorio",1,2631639963,2230292880,16
427680,"Zwei: The Arges Adventure",3,2528581942,1687601630,34
427700,"Zwei: The Ilvard Insurrection",3,4976064911,3309201242,34
427730,"Who's Your Daddy?!",2,6363203686,3499481271,46
427820,"Hitman GO: Definitive Edition",3,1137214334,432410298,62
427920,"FNaF World",3,346150987,344616960,1
427940,"Industries of Titan",0,4697129349,4378689158,7
427980,"Aozora Meikyuu",2,431146459,371466227,14
428370,"Windlands",1,3204337829,1354450706,58
428430,"Endorlight",3,60682108,54484993,11
428510,"Solitaire Christmas. Match 2 Cards",3,59109136,52911773,11
428550,"Momodora: Reverie Under The Moonlight",3,78959032,55414295,30
428630,"White Mirror",3,1224781211,539801066,56
428660,"Deliver Us The Moon",3,8571328590,8397436982,3
428690,"Youtubers Life",2,2307404794,934391382,60
428750,"Neon Chrome",3,157439662,62985629,60
428830,"Save the Dodos",3,326435912,228950016,30
429050,"Feed and Grow: Fish",3,1494426617,892842157,41
429180,"Project CARS - Pagani Edition",3,3295633089,3150222125,5
429330,"Stikbold! A Dodgeball Adventure",3,940703041,459193626,52
429470,"Space Pilgrim Episode I: Alpha Centauri",3,255135152,250908806,2
429530,"Falcon 4.0",3,686812919,509910878,26
429570,"The Walking Dead: Michonne - A Telltale Miniseries",2,5433541013,5415984730,1
429580,"A Wild Catgirl Appears!",2,212562739,165615650,23
429600,"Fairy Tale Mysteries: The Puppet Thief",3,532716760,467557766,13
429610,"The Emerald Maiden: Symphony of Dreams",3,991284570,884784701,11
429620,"Dungeon Rushers",3,402165388,189490682,53
429660,"Tales of Berseria™",3,14325998730,13721925784,5
429790,"AdventureQuest 3D",1,177035674,93222696,48
430070,"Never Again",3,974479141,917595651,6
430210,"Megaton Rainfall",3,904331860,885479643,3
431180,"WolfQuest: Classic",3,1581192050,687323431,57
431240,"Golf With Your Friends",2,4846851601,4263725407,13
431280,"tiny & Tall: Gleipnir",3,1676973777,1624077009,4
431520,"Age of Fear: Total",2,13041400648,12363266996,6
431600,"Automobilista",2,36691242886,29216516460,21
431640,"Doodle Kingdom",3,98336468,84237280,15
431650,"Phoning Home",3,6165733308,3489074970,44
431710,"Space Pilgrim Episode II: Epsilon Indi",3,269514355,265039996,2
431730,"Aseprite",3,27820406,10639077,62
431750,"Iron Sea Defenders",3,127288949,119435072,7
431810,"Rencounter",3,560975169,335701786,41
431930,"Kabounce",1,2997306460,1584524427,48
431940,"Wildfire",3,336787881,253203168,25
431960,"Wallpaper Engine",3,1345872741,764144097,44
432100,"Negligee",2,511953519,465516137,10
432180,"Discouraged Workers TEEN",3,282182883,200433609,29
432260,"Tiltagon",3,103672563,31012634,71
432350,"Epic Battle Fantasy 5",3,387552723,352579415,10
432620,"Mimic Arena",1,540131436,326976234,40
432940,"Breakneck",0,588145651,305992827,48
432980,"INVERSUS Deluxe",1,56125576,54464928,3
433100,"The Town of Light",3,7610579560,4387024948,43
433170,"Die Young",3,21318433875,13408228393,38
433340,"Slime Rancher",3,1376009646,691537448,50
433400,"Kim",2,831362678,248176490,71
433430,"Oxenfree - OST",3,805413374,739758080,9
433550,"DARQ: Complete Edition",2,2925532302,1655052297,44
433670,"Professional Farmer 2017",3,4789648986,1978987083,59
433950,"Bit Blaster XL",3,130393973,89872281,32
434010,"Wishmaster",3,57939968,57671680,1
434050,"Duke Nukem 3D: 20th Anniversary World Tour",3,1137329048,1027960009,10
434090,"Bridge! 2",2,1592692983,778666834,52
434130,"Witch and Hero(魔女と勇者)",3,21243020,18685952,13
434170,"The Jackbox Party Pack 3",3,1843083772,1716148000,7
434260,"My Name is Mayo",1,27716185,22306913,20
434290,"Typefighters (Steam Edition)",1,64999155,27280153,59
434420,"The Chosen RPG",3,450933578,383011300,16
434460,"Rock of Ages 2: Bigger & Boulder™",3,4629738429,4462130865,4
434520,"Simutrans",3,1573487187,397123335,75
434570,"Blood and Bacon",3,388645767,368555069,6
434650,"Lost Castle / 失落城堡",3,2354596493,376990930,84
434730,"Half Dead",3,1215454376,322244880,74
434820,"Brushwood Buddies",3,160046572,84994521,47
434890,"Eight Mini Racers",3,108785451,21282810,81
435030,"Lost Lands: Mahjong",3,274901597,266693815,3
435100,"2Dark",3,613531652,591522500,4
435120,"Rusty Lake Hotel",3,58646115,43347416,27
435150,"Divinity: Original Sin 2 - Definitive Edition",3,62616816063,50057655461,21
435400,"Hidden Folks",2,266630239,100436332,63
435420,"Operation: Matriarchy",3,3012255099,1462437954,52
435530,"The Final Station",3,2382131575,278907349,89
435790,"10 Second Ninja X",3,322231680,226921206,30
435840,"The Preposterous Awesomeness of Everything",1,187469532,170679029,9
436150,"Governor of Poker 3",0,266136624,190693928,29
436230,"Detached",3,8357198522,4674876860,45
436290,"Children of Zodiarcs",3,2865680284,1134923777,61
436320,"Raw Data",3,9483268758,8673657214,9
436390,"Prison Run and Gun",3,108120542,51452723,53
436470,"Gamma Bros",3,45529855,32121518,30
436500,"Diaries of a Spaceport Janitor",0,339581905,120893786,65
436670,"The Legend of Heroes: Trails in the Sky the 3rd",2,4132630764,3739667340,10
436780,"Tavern Keeper 🍻",3,8043344443,3752577414,54
437060,"MOAI 3: Trade Mission Collector's Edition",3,556598346,553821920,1
437420,"The Secret Order 3: Ancient Times",3,1646575048,888336086,47
437570,"GoNNER",3,622208182,237946669,62
437630,"State of Mind",2,20398761848,9361772106,55
437920,"Tricky Towers",3,291677208,93595442,68
438000,"PIXELMAN",3,33477003,21287009,37
438020,"AI: Rampage",3,81975666,50549229,39
438040,"Shakes and Fidget",3,2266394104,2037404396,11
438100,"VRChat",3,1173527215,500924962,58
438130,"Root Double -Before Crime * After Days- Xtend Edition",2,8502566608,7887208448,8
438270,"Learn Japanese To Survive! Hiragana Battle",3,784674616,714934779,9
438420,"Zenith",0,6577329298,3829736057,42
438480,"Rock 'N' Roll Defense",3,442586058,328613915,26
438490,"GOD EATER 2 Rage Burst",3,14940194876,13932806480,7
438640,"LEGO® STAR WARS™: The Force Awakens",3,17262331068,16807358467,3
438680,"One Troll Army",3,375963332,163604970,57
438740,"Friday the 13th: The Game",0,18899364632,14358787605,25
438940,"XBlaze Lost: Memories",2,11223983710,6616658587,42
439190,"Stories: The Path of Destinies",3,1810398074,1725287900,5
439250,"Space Pilgrim Episode III: Delta Pavonis",3,294708831,290044205,2
439310,"Until I Have You",3,2068707688,1407426916,32
439490,"BLUE REVOLVER",3,1248259249,1199558108,4
439550,"'n Verlore Verstand",3,2736828640,1284884632,54
439700,"Z1 Battle Royale: Test Server",3,18266900566,16350918804,11
439800,"Clouds & Sheep 2",3,274414797,178307256,36
439930,"Control Craft 2",3,49920983,45487898,9
440000,"Portal 2: Community Edition",3,9194646680,7273445314,21
440310,"Afterbeat (Project Arrhythmia)",1,672640068,440977254,35
440520,"VirtualHere For Steam Link",1,5870160,5735080,3
440540,"Ara Fell: Enhanced Edition",3,1037861703,797046587,24
440630,"The Brookhaven Experiment",3,7223033652,3541386589,51
440650,"Niche - a genetics survival game",3,2140401632,549707700,75
440900,"Conan Exiles Enhanced",3,101211409755,77712221819,24
441350,"Assault Suit Leynos",2,4712387627,2933387315,38
441380,"PAC-MAN™ CHAMPIONSHIP EDITION 2",3,2214736118,1395023735,38
441550,"STAR WARS™ Rebellion",3,536028167,481289170,11
442070,"Drawful 2",3,247895022,208453233,16
442120,"Pinball FX Classic",1,7928146703,7924478662,1
442780,"STRAFE: Gold Edition",3,3047067429,1089018671,65
443110,"Armored Warfare",1,102574487,83985365,19
443360,"Red Comrades 2: For the Great Justice. Reloaded",3,3668350109,467099836,88
443370,"The Treasures of Montezuma 5",3,150208126,62956337,59
443580,"Antenna",3,153762134,96521628,38
443860,"Riptide GP: Renegade",3,380932811,306348032,20
443910,"TGV Voyages Train Simulator",3,2726392232,1517414303,45
444090,"Paladins®",3,32494154855,27671886224,15
444170,"Unhack 2",3,915988244,868588759,6
444200,"World of Tanks Blitz",0,11208359026,10982378336,3
444280,"Alice's Patchwork",3,327228877,271752806,17
444490,"POLYWAR",3,1187939835,128656173,90
444590,"Skautfold: Shrouded in Sanity",3,604239922,493280165,19
444640,"Bloons TD Battles",2,115720621,98979740,15
444940,"UBERMOSH:BLACK",3,373704891,336252928,11
445190,"Expeditions: Viking",3,11451026406,6831549454,41
445220,"Avorion",3,923018985,719966994,22
445230,"Lost girl`s [diary]",2,1152892070,273195175,77
445420,"Aselia the Eternal -The Spirit of Eternity Sword-",3,1785307933,1713569766,5
445980,"Wizard of Legend",3,834479986,342480698,59
446020,"Jalopy",3,917441893,315005375,66
446100,"Mantis Burn Racing®",1,9043081095,9035595762,1
446120,"Bunker Punks",3,266734972,140066228,48
446150,"GUNS UP!",1,1641698246,607575236,63
446390,"Onechanbara Z2: Chaos",3,9789756260,4139438205,58
446560,"Just Dance 2017",3,1964173578,1447092097,27
446610,"Bunny Bounce",2,259190441,211206379,19
446620,"Zombie Training Simulator",3,988788532,304087068,70
446640,"Space Pilgrim Episode IV: Sol",3,328238333,323497998,2
446750,"Portal Stories: VR",2,4455761053,1569931413,65
446790,"Diluvion: Resubmerged",3,5133223573,2892242954,44
446800,"Transport Fever",2,10127393755,6930578872,32
446810,"Blossom Tales: The Sleeping King",3,612175872,296570880,52
446840,"Splasher",3,628365246,353623897,44
446990,"The Huntsman: Winter's Curse",3,1453987161,537452405,64
447020,"Farming Simulator 17",3,7045661190,4327851773,39
447040,"Watch_Dogs® 2",1,26933271971,25341668082,6
447120,"Where the Water Tastes Like Wine",1,6826217013,3002533842,57
447150,"APE OUT",2,1043866930,816028770,22
447270,"IKEA VR Experience",2,3327994925,1305301082,61
447530,"VA-11 Hall-A: Cyberpunk Bartender Action",3,239176707,217314321,10
447700,"Crystal Crisis",1,1573308228,1414200817,11
447780,"LostWinds",3,424829116,265899078,38
447800,"LostWinds 2: Winter of the Melodias",3,502629382,280284567,45
447820,"Day of Infamy",3,13524345925,7989525524,41
447890,"Cat on a Diet",3,72217435,59606100,18
448070,"Red Risk",3,708666886,387282714,46
448080,"Fibbage XL",3,132615920,95333347,29
448170,"Last Dream: World Unknown",3,1469134126,1275578776,14
448280,"Job Simulator",3,2103737890,843880601,60
448320,"GIBZ",3,307308271,294450473,5
448370,"IS Defense",1,3831658107,1902456871,51
448510,"Overcooked",3,742472602,313601729,58
448540,"Terror Lab",3,429317785,211742152,51
448580,"Dead End Road",0,168269460,110190595,35
448610,"Draw Rider",3,60578230,48042807,21
448630,"Rabiez: Epidemic",3,92861497,51814455,45
448850,"Overload",1,7588969784,5020973898,34
449170,"Gnomes Garden 2",3,138116699,54446060,61
449300,"Planar Conquest",3,1871571001,1091831030,42
449540,"There's Poop In My Soup",2,171427958,83549298,52
449550,"Chicken Invaders 2",3,765323797,191463816,75
449640,"Bloody Zombies",3,7198888075,2178247565,70
449800,"Attack on Titan / A.O.T. Wings of Freedom",3,21237192753,13277467888,38
449960,"Book of Demons",3,922688316,769855764,17
450110,"Amigdala",3,1948520653,1653490427,16
450390,"The Lab",3,16625780192,7936827873,53
450500,"Ace of Seafood",2,323560935,197287532,40
450540,"Hot Dogs, Horseshoes & Hand Grenades",3,22758422557,16239112618,29
450670,"Table Top Racing: World Tour",2,5230706305,3078245518,42
450700,"The Spatials: Galactology",3,257752227,235748574,9
451020,"Battle Chasers: Nightwar",2,4246770237,3888369334,9
451340,"Gold Mining Simulator",0,19811360569,17581309647,12
451380,"The Darkside Detective Demo",2,764945362,135747141,83
451520,"theBlu: Season 1",0,4043808706,2374980398,42
451570,"Demetrios - The BIG Cynical Adventure",3,627735785,587987776,7
451600,"CounterAttack: Uprising",3,2477095064,1207460485,52
451650,"Whirligig Media Player",2,1648187381,712133227,57
451760,"Highway Blossoms",0,1649400336,1418541171,14
451780,"Trillion: God of Destruction",3,10020703282,7555539839,25
451880,"Catch a Falling Star",3,500844715,67905306,87
451920,"Thorne - Death Merchants",3,148306742,143669130,4
451990,"Cranks and Goggles",0,756633202,263590564,66
452060,"Caveblazers",2,69161463,45655603,34
452510,"UNDER NIGHT IN-BIRTH Exe:Late",3,6344772080,6074103151,5
452570,"Battle Chef Brigade Deluxe",1,1312768850,616031942,54
452780,"RuneScape: Idle Adventures",3,235195151,66008889,72
453090,"Parkitect",2,1232065343,801803846,35
453690,"Dark Quest 2",3,1586084416,356214581,78
453910,"Love is Dead",0,1723136241,612240468,65
454060,"Blueprint Tycoon",3,432099793,159825168,64
454120,"Starbase",3,24187093594,24008998721,1
454140,"First Person Tennis - The Real Tennis Simulator",3,947335950,708799146,26
454200,"Neon Hardcorps",1,40024447,36940675,8
454410,"GIGA WRECKER",3,5036718718,1703747263,67
454650,"DRAGON BALL XENOVERSE 2",0,31872008358,30799639357,4
454950,"Mainlining",3,369932803,297825203,20
455310,"Bloody Chronicles - New Cycle of Death Visual Novel",2,3638944031,3395111008,7
455340,"Warhammer 40,000: Armageddon - Da Orks",2,1173454044,1029935662,13
455400,"PAC-MAN 256",3,101599704,30064904,71
455690,"Pixel Puzzles Junior Jigsaw",2,431740719,424445919,2
455700,"Big Buck Hunter Arcade",3,7246299446,3400971551,54
455820,"Omensight: Definitive Edition",3,5519392214,5426194118,2
455910,"STAR WARS™: Rogue Squadron 3D",3,74022509,48746444,35
455980,"Judgment: Apocalypse Survival Simulation",3,2709154047,1793975401,34
456180,"The American Dream",1,3043166052,1674266781,45
456540,"STAR WARS™: Rebel Assault I + II",3,1413712442,907136565,36
456670,"Hand of Fate 2",2,4441952899,4125806960,8
456750,"The Room Three",3,3876462877,2374962739,39
457140,"Oxygen Not Included",3,3123319199,1154558242,64
457210,"SEUM: Speedrunners from Hell",3,1964039948,686087912,66
457420,"Surgeon Simulator VR: Meet The Medic",3,828257520,332541770,60
457550,"Bigscreen Beta",3,4321428025,1979686231,55
457760,"The Signal From Tölva",3,2315947749,976975940,58
458430,"Steel Seed",3,40678586979,31213954630,24
458470,"Grim Legends 3: The Dark City",3,1250303786,1086320396,14
458480,"Mythic Wonders: The Philosopher's Stone",3,1144803979,966609804,16
458710,"Kingdom Rush Frontiers - Tower Defense",2,460274084,457428992,1
458730,"Conception II: Children of the Seven Stars",2,4941281065,2827775576,43
458770,"WRC 6 FIA World Rally Championship",1,16049748089,15798809798,2
459220,"Halo Wars: Definitive Edition",3,10089170980,9873493013,3
459370,"Riverbond",3,600538743,278056337,54
459550,"Catch Canvas",2,150605277,102667787,32
459640,"You... and who else?",3,116622070,112822721,4
459820,"Crush Crush",3,824728118,740938479,11
459830,"Final Days",3,73979281,59471610,20
460060,"Varenje",3,2466616237,1353117728,46
460120,"Megadimension Neptunia VII",3,18047465210,13441409469,26
460250,"🔴 Circles",3,94084643,74480120,21
460430,"The Letter - Horror Visual Novel",3,1888076249,1586905933,16
460640,"Breached",3,3945223421,1806485225,55
460780,"Avadon 3: The Warborn",3,211752017,199987782,6
460790,"Bayonetta",3,14118713020,12387986755,13
460810,"Vanquish",3,19796862923,17838203159,10
460870,"GOD EATER RESURRECTION",3,15066041552,13923521667,8
460920,"Steep™",2,32127960143,31802109825,2
460930,"Tom Clancy's Ghost Recon® Wildlands",1,78450193240,73014124166,7
460950,"Katana ZERO",2,227260031,171824137,25
460960,"The Deed: Dynasty",3,340990040,337192738,2
461040,"PICO PARK:Classic Edition",3,61767459,8283728,87
461340,"A Timely Intervention",3,227149676,224044977,2
461350,"The King's Heroes",3,142370916,130867217,9
461360,"Thorne - Son of Slaves (Ep.2)",3,178875227,174089702,3
461390,"Bulby - Diamond Course",3,720786980,216706367,70
461640,"Sins Of The Demon RPG",3,460540652,455879597,2
461700,"Seduce Me 2: The Demon War",1,1473668848,1420574449,4
461730,"Blaite",3,210150572,127717376,40
461820,"Legionwood 1: Tale of the Two Swords",3,77682490,70967969,9
461840,"Zenge",3,130364653,67362592,49
461950,"Beat Cop",3,276151273,134311197,52
462030,"BitRay",3,42161720,17304437,59
462240,"Post Human W.A.R",3,776640693,755856917,3
462620,"Pocket Kingdom",3,135516955,121399645,11
462680,"BalanCity",3,190162074,105527825,45
462770,"Pyre",3,8251312742,7334941368,12
462780,"Darksiders Warmastered Edition",3,23760974642,23280989875,3
462930,"AdVenture Communist",3,65917106,18229048,73
463060,"Clover Tale",3,171411748,165359127,4
463150,"BARRIER X",3,66485211,30962474,54
463350,"Storm Of Spears RPG",3,206614095,197968174,5
463530,"Empires of the Undergrowth",0,4641272347,4529129954,3
463700,"Super Cloudbuilt ",2,2964011262,2837533090,5
464060,"RUINER",3,10905310742,10270358053,6
464170,"VRMark",3,2109054378,1919836970,9
464340,"Syberia 3",3,40111600595,22939613786,43
464360,"3030 Deathwar Redux - A Space Odyssey",3,552939176,480489673,14
464450,"DoDonPachi Resurrection",3,2088868335,1791397894,15
464650,"Runbow",2,1403722349,396636421,72
464900,"Pitfall Planet",3,324443173,184462586,44
464920,"Surviving Mars",3,7152321038,6514728522,9
465000,"Event Horizon",2,117775639,71215318,40
465020,"Sector Six",2,186141644,157601977,16
465150,"Mars Odyssey",3,5148726150,1632691885,69
465200,"Fury Unleashed",3,1299948519,1003131586,23
465240,"Serious Sam VR: The Last Hope",3,5048162870,4988231304,2
465280,"Yesterday Origins",3,4965736744,3281384282,34
465780,"New Retro Arcade: Neon",2,2735541683,1297965259,53
465840,"THE LAST BLADE",2,203951373,140279925,32
466110,"Shaolin vs Wutang",3,9888400265,4470040042,55
466130,"White Day: A Labyrinth Named School",3,4572543451,3863741570,16
466170,"Idling to Rule the Gods",3,253615535,171445413,33
466240,"Deceit",3,15210581793,14925690514,2
466270,"Half-Life: A Place in the West",2,627726281,551765871,13
466300,"Planescape: Torment: Enhanced Edition",3,1768225786,1481561511,17
466350,"Fossil Echo",2,1409999259,1397535683,1
466500,"35MM",3,2695878666,1556463412,43
466560,"Northgard: Definitive Edition",2,3765963693,2139280985,44
466630,"The Pedestrian",3,2073225731,839711212,60
466840,"Super Space Pug",3,28970391,26026750,11
466910,"Worm.is: The Game",2,108240111,92216123,15
466980,"Can't Drive This",3,1491965025,593325699,61
467380,"Khimera: Destroy All Monster Girls",2,61516012,50529194,18
467430,"Farming 6-in-1 bundle",3,486212655,294746075,40
467810,"Splody",1,147369340,109708220,26
467820,"Zero G Arena",1,6100400066,2312669838,63
467930,"SMASHING THE BATTLE",1,723892855,249998586,66
468100,"Aqua Moto Racing Utopia",3,6326210158,4213732548,34
468490,"Neon Space",2,250092942,107613429,57
468530,"A Date in the Park",1,55832134,48067280,14
468920,"Ultimate Fishing Simulator®",2,16217429602,8972670071,45
468930,"Phantaruk",1,5847762065,3167918134,46
469600,"Legion TD 2 - Multiplayer Tower Defense",2,2436727048,1780941349,27
469610,"Rick and Morty: Virtual Rick-ality",3,2045654607,519945397,75
469720,"Monsters' Den: Godfall",2,148061206,125114414,16
469820,"Genital Jousting",3,1403988141,574142967,60
469980,"Legend of Miro",3,93515124,84771403,10
469990,"NEKOPALIVE",3,377989769,290461140,24
470210,"Rocketbirds 2 Evolution",1,11960903000,5724612789,53
470220,"UNO",2,6331782377,5030246109,21
470260,"Event[0]",3,6860074095,2513181699,64
470270,"Tribal Pass",3,375309776,209494150,45
470310,"TROUBLESHOOTER: Abandoned Children",3,9267624408,9081576192,3
470740,"Demolish & Build 2017",3,3245228510,2132535343,35
471010,"Seven: Enhanced Edition",2,4054148459,3890045320,5
471170,"Romopolis",3,188632396,116926711,39
471550,"Nine Parchments",3,6202562015,5684915756,9
471710,"Rec Room",1,7106404402,4099611957,43
471730,"Rocket Ski Racing",0,106307688,45915512,57
471810,"Death Squared",3,327888419,128641242,61
472680,"Elisa: The Innkeeper - Prequel",2,675023939,605904963,11
472870,"Higurashi When They Cry Hou - Ch.3 Tatarigoroshi",2,2204671043,2030622042,8
473520,"Autumn",2,45933696,40929524,11
473530,"Slime-san: Superslime Edition",2,1614094103,610374734,63
473690,"Absolver",3,24790940435,13196404823,47
473740,"Crystal City",2,289768260,236565935,19
473770,"BallisticNG",3,3963744011,2737452877,31
473950,"Manifold Garden",3,5707767783,1445359743,75
474010,"The NADI Project",3,1093214982,616941351,44
474030,"The Abbey of Crime Extensum",3,244218625,148424031,40
474040,"Karl's Kooky Warehouse",3,60671283,59576320,2
474210,"BUTCHER",3,166032595,103269246,38
474750,"Reigns",3,242997000,162965219,33
474960,"Quantum Break",3,73979438170,44881324225,40
475090,"Project Remedium",3,6840439126,3978973379,42
475150,"Titan Quest Anniversary Edition",0,13908114886,13830578300,1
475190,"Scanner Sombre",3,4450603636,2187550523,51
475240,"ORCS",3,151198469,62095506,59
475550,"Beholder",3,1809416112,743479818,59
475620,"MOAI 4: Terra Incognita Collector’s Edition",3,517615915,511755844,2
475960,"Bombslinger",3,279569102,106141675,63
476240,"KNIGHTS",3,135583809,29239209,79
476460,"Picross Touch",3,242890739,22559279,91
476530,"Children of a Dead Earth",3,157126400,117197114,26
476600,"Call of Duty®: WWII",1,49947066968,47338117887,6
476650,"The Silver Case",2,6751109609,4556375249,33
477130,"Surge",3,657515718,239603167,64
477160,"Human Fall Flat",3,5595037679,2297137519,59
477310,"Space Hole 2016",3,575316580,163264980,72
477740,"Zero Escape: The Nonary Games",3,7482563616,6195744768,18
477870,"Yomawari: Night Alone",2,1024032443,716215782,31
478010,"ABC Coloring Town",0,155210559,37041966,77
478980,"Mansions of Madness",3,705723310,457505952,36
479990,"Dungeons & Darkness",1,1629995958,921368352,44
480430,"Hide and Shriek",3,3243174568,1097844630,67
480490,"Prey",1,24530269462,24477992963,1
480640,"Pathfinder Adventures",1,3768388961,1825032774,52
481110,"The Bunker",3,5537865396,5323664940,4
481510,"Night in the Woods",3,6124160278,1523718407,76
482300,"Investigator",2,5507626486,5202728141,6
482400,"System Shock",3,8824604230,3847956794,57
482450,"Nitroplus Blasterz: Heroines Infinite Duel",3,3869834705,2928457698,25
483960,"Purino Party",0,1019216664,1015478141,1
483980,"Mad Father",3,150301213,139361285,8
484900,"Aven Colony",3,14406444918,13125711088,9
484950,"恶魔迷宫 | Evil Maze",2,249527852,240513836,4
485030,"PLANET ALPHA",2,4495921316,2601094138,43
485120,"Frog Climbers",3,1045284366,190120783,82
485330,"Star Drifter",3,39964425,31657016,21
485350,"Winter Novel",3,2931184,856064,71
485380,"Welcome to the Game",2,2352343214,816047877,66
485460,"The Banner Saga 3",3,5017976943,4875359990,3
485500,"Smithy",3,264951699,38967066,86
485510,"Nioh: Complete Edition",3,79469909376,47682492659,40
485610,"Soccer Online: Ball 3D",3,385935804,141605612,64
485650,"Campaign Clicker",3,24935606,21899985,13
485970,"Cyber Sentinel",3,537246112,59826426,89
485980,"Syrian Warfare",3,4511351192,3803633013,16
486310,"Meadow - A Shelter Game",3,1586109334,875855560,45
486780,"Fruit Ninja VR",3,924110113,469710541,50
486850,"Card of spirits",3,57535622,54224070,6
486860,"MMORPG Tycoon 2",2,364098168,190369793,48
487000,"Quest Hunter",3,1958284786,580903968,71
487390,"System Shock Demo",3,5418824489,2396419864,56
487510,"fault - SILENCE THE PEDANT Demo",0,1563466376,1508564148,4
487700,"Conan the mighty pig",3,81032725,38970436,52
488310,"Eleven Table Tennis",3,4020164326,1146387650,72
488550,"Dream Car Builder",3,882661608,577476957,35
488730,"God's Trigger",3,8904382650,4573677576,49
488790,"South Park™: The Fractured But Whole™",3,30618816532,27999575931,9
488860,"MADNESS: Project Nexus",3,5701020928,2588609173,55
488910,"Astral Heroes",3,101808780,72156915,30
489070,"Edge of Twilight – Return To Glory",3,3041979989,2555269968,16
489360,"CASE: Animatronics",3,1403128378,479603049,66
489370,"Quarantine",3,1024997623,812994847,21
489520,"Minion Masters",3,3783213514,3369215257,11
489560,"Astroflux",3,28863449,13021745,55
489630,"Warhammer 40,000: Gladius - Relics of War",2,3728514932,2565439122,32
489720,"Conga Master",2,380233102,95159392,75
489830,"The Elder Scrolls V: Skyrim Special Edition",3,23839581617,18874829435,21
489900,"Bayla Bunny",0,159248642,84582273,47
489930,"Adventures of Bertram Fiddle 2: A Bleaker Predicklement",3,1686608974,598439337,65
490110,"The Precinct",3,8413750368,4606436976,46
490220,"Prismata",3,660589360,593856500,11
490230,"SWARMRIDERS",3,125300648,112007266,11
490370,"Imperium Galactica II",3,670407851,649283026,4
490490,"Blasters of the Universe",3,4882800165,2192937291,56
490510,"Pixel Puzzles 2: Christmas",3,223724368,188461574,16
490870,"Weird Hero",3,200417783,184562893,8
490910,"Control Craft 3",3,50811451,46013190,10
490920,"Wolfpack",3,5599157539,2316531856,59
490980,"Daily Chthonicle: Editor's Edition",3,58796160,54692089,7
491040,"Bot Vice",3,64276649,51097791,21
491130,"Red Trigger",0,1046472410,620643321,41
491280,"Drift Horizon Online",3,2016975824,747684187,63
491540,"The Bus",2,61575955588,34822377724,44
491950,"Orwell: Keeping an Eye On You",2,568223384,371357829,35
492180,"Haimrik",3,1399130046,397788745,72
492270,"The Cat! Porfirio's Adventure",3,382161874,355338160,8
492600,"Ridge",3,5765711268,1301073375,78
492630,"Bear With Me - Episode One",0,1201672292,480772440,60
492720,"Tropico 6",2,24463848895,13444855698,46
493200,"RiME",2,7794095527,7659840937,2
493340,"Planet Coaster",3,12318237971,12141148370,2
493450,"Wild Romance",0,704968983,583938363,18
493490,"City Car Driving",3,8948295706,3296492208,64
493520,"GTFO",3,15030017692,8384037023,45
493540,"Figment",3,790242636,690722647,13
493650,"Deep Space Dash",3,2603432677,744028589,72
493710,"Laraan",1,198355618,78370606,61
493840,"Marvel vs. Capcom: Infinite",3,62506136275,62445109546,1
493900,"Dungeons 3",3,6776214602,3334660473,51
494150,"The Thrill of the Fight - VR Boxing",3,1507751382,552370355,64
494430,"Praey for the Gods",3,4035809790,2228899001,45
494720,"Morphblade",1,11280714,7013558,38
494730,"Galacticare",3,30264204522,8264541525,73
494840,"UBOAT",1,46292680526,24040418723,49
495050,"Mega Man Legacy Collection 2",3,3875996857,3774701568,3
495110,"Enigmatis 3: The Shadow of Karkhala",3,3090064462,1301072206,58
495140,"NARUTO: Ultimate Ninja STORM",3,8296554436,6952262872,17
495280,"Disgaea 2 PC",3,1418450857,979546066,31
495420,"State of Decay 2: Juggernaut Edition",3,21755097769,19503433405,11
495560,"Farm Manager 2018",3,5418159369,2493431395,54
495570,"ConflictCraft",3,69571294,58222476,17
495780,"Hexoscope",3,68474897,30868810,55
495890,"Montaro",3,149210786,64417792,57
495910,"Dungeon Fighter Online",1,38416632182,36324098243,6
495990,"True Love ～Confide to the Maple～",0,2264099739,2245932518,1
496240,"Onward",1,27070754510,25177469962,7
496300,"Kingdom: New Lands",2,413362091,322432282,22
496390,"Shiny",3,8506563756,3783941158,56
496400,"Renoir",3,1490074079,1403372414,6
496450,"J.A.C.K.",2,45591328,29245024,36
496620,"Monster Slayers",3,233068029,198137014,15
496640,"Strange Night",3,783230057,338955434,57
496810,"MegaTagmension Blanc + Neptune VS Zombies (Neptunia)",2,2864016749,1931013678,33
496890,"Replica",3,127658094,74490639,42
497640,"Trick & Treat",3,222371655,212135519,5
497720,"Funfair Ride Simulator 3",3,470648475,136144373,72
497800,"Golden Krone Hotel",2,483317021,312519722,36
498030,"Barnyard Mahjong 3",0,154918005,64611109,59
498240,"Batman - The Telltale Series",3,13790788537,13747513531,1
498330,"Cats are Liquid - A Light in the Shadows",3,224484488,116317072,49
498660,"Mind Spheres",3,324669002,117188378,64
499180,"Braid, Anniversary Edition",3,3070711959,3067958748,1
499400,"The Path of Greatest Resistance",3,1156426136,634992569,46
499520,"The Turing Test",3,10026984872,4695833612,54
499890,"Aaero",3,1938420973,1019095823,48
500260,"Ben and Ed - Blood Party",3,2981421477,1067252561,65
500500,"Simple VR Video Player",2,253747256,92772122,64
500670,"Tormentor❌Punisher",3,218393395,187480395,15
500810,"Arcanum: Of Steamworks and Magick Obscura",3,1199659762,1168075719,3
501120,"Clock Simulator",1,62832458,25952570,59
501300,"What Remains of Edith Finch",3,2540778487,2449551360,4
501320,"The Shrouded Isle",3,1486363930,422361511,72
501590,"Bulletstorm: Full Clip Edition",3,11453229841,10222153871,11
501790,"Unforeseen Incidents",3,1058195938,922158516,13
501990,"Phantasmagoria",3,2305255949,1920607600,17
502280,"BERSERK and the Band of the Hawk",3,18186461598,17601292288,4
502370,"Warhammer 40,000: Sanctus Reach (Classic)",2,3196335363,2069201216,36
502500,"ACE COMBAT™ 7: SKIES UNKNOWN",3,65655335083,52396822497,21
502520,"Ultimate General: Civil War",1,2302736370,1436675368,38
502750,"Quest for Glory 1-5",3,1622861970,1231389260,25
502800,"SENRAN KAGURA ESTIVAL VERSUS",3,19096881257,11198287559,42
502820,"Batman™: Arkham VR",3,8441713820,8378945731,1
502940,"Calm Down, Stalin",3,348342907,153449914,56
503280,"Marble Land",3,8479545894,3519055788,59
503300,"Super Star",3,349641285,120528436,66
503350,"White Noise 2",3,2416343029,2031796202,16
503400,"Four Last Things",1,162210822,144086582,12
503450,"Space Rangers: Quest",3,392969150,246290249,38
503560,"911 Operator",1,953220582,724206565,25
503580,"Duck Season",1,5688808781,2710393872,53
503620,"Fictorum",3,12644735773,6392822685,50
503750,"SPLASH BLAST PANIC",1,170764171,127183055,26
503770,"Elven Assassin",3,4792159613,4333157168,10
503900,"Candy Smash VR",3,155193966,44707863,72
503940,"Railway Empire",3,12956167960,12589857300,3
504000,"Endless Fables: The Minotaur's Curse",3,1153510562,956792612,18
504010,"Chernobyl VR Project",3,26343032845,20796695569,22
504050,"Planet Nomads",3,3235832830,1718970946,47
504130,"Manual Samuel - Last Tuesday Edition",3,490913357,388270039,21
504210,"SHENZHEN I/O",3,404906730,266839279,35
504230,"Celeste",1,1164522510,945892937,19
504370,"Battlerite",3,2812281975,2228567542,21
504390,"Along the Edge",3,866841591,679220503,22
504460,"Team Racing League",1,1544748285,375819274,76
504690,"Woven",2,1180502478,1067656777,10
504880,"Pixel Puzzles 2: RADical ROACH",2,184680041,148268405,20
505170,"Carmageddon: Max Damage",3,12471761058,10408792148,17
505230,"Pathologic 2",3,20822068158,11729349448,44
505330,"Apocalipsis",3,4314422849,1661572346,62
505460,"Foxhole",3,20025845687,11070980302,45
505730,"Holy Potatoes! We’re in Space?!",2,5378445676,1015945107,82
505740,"Eximius: Seize the Frontline",3,36243333360,18611979748,49
506500,"Party Panic",3,1322433558,496170030,63
506590,"Sky Valley",3,183843616,44435232,76
506610,"Five Nights at Freddy's: Sister Location",3,950556728,945913856,1
506900,"Downward: Enhanced Edition",3,11111901039,6450802351,42
507010,"Mr.President!",3,3366425256,1330860353,61
507320,"The Bus - Dedicated Server",1,2609529806,1994889504,24
507490,"Ashes of the Singularity: Escalation",1,27090985400,19384125816,29
508190,"Dragon Knight",2,2819378556,812647565,72
508380,"Amnesia: Final Revelations",3,697258897,253389926,64
508440,"Totally Accurate Battle Simulator",3,4828958557,1748838259,64
508530,"HackyZack",3,40267776,40181760,1
508550,"Sneak Thief",2,32908626793,19847231730,40
508710,"Project Lounge",3,154198793,77533652,50
508740,"Wheels of Aurelia",3,437632310,239849990,46
508980,"Crashday Redline Edition",3,553636706,467168057,16
509250,"TO THE TOP",0,6801702012,3405949442,50
509390,"GalaxIverse",3,84995505,79872015,7
509580,"The Lord of the Rings: Adventure Card Game - Definitive Edition",3,6471174886,5233563888,20
509980,"BIGFOOT",2,6183530710,4251325616,32
510050,"You Have 10 Seconds",2,34849800,29667425,15
510420,"The Hex",3,1278748442,310218704,76
510490,"The Fall Part 2: Unbound",3,680433153,347774519,49
510510,"WWE 2K17",3,55722318414,53279349202,5
510620,"THOTH",3,641117906,602288793,7
510650,"Eventide 2: The Sorcerers Mirror",3,1488768307,1300046741,13
511360,"UNCORPOREAL - Holographic Photography Demo",2,1764119059,724888179,59
511470,"Glass Masquerade",2,1042523483,362586125,66
511680,"Fate/EXTELLA",3,4926317146,4731056275,4
511740,"Gal*Gun: Double Peace",3,2697897090,2297286324,15
512160,"Volleying",3,20604690,17330176,16
512250,"Oh...Sir!! The Insult Simulator",3,422485250,170441412,60
512270,"Home - A VR Spacewalk",3,899800478,752353788,17
512300,"Unbox: Newbie's Adventure",2,6984572628,4803036841,32
512790,"Quern - Undying Thoughts",3,8817190578,3242306042,64
512890,"Elsinore",3,1125044916,600943350,47
512900,"Streets of Rogue",2,419696476,175297980,59
513290,"Lucius III",1,28159832429,17388960725,39
513320,"ALICE VR",3,9607638777,9507324045,2
513340,"Through Abandoned: The Forest",3,1123021204,824395248,27
513450,"Drop Alive",2,804174884,391644683,52
513490,"1943 Berlin Blitz",2,2759228178,1585877202,43
513510,"Intralism",1,476541414,209823625,56
513570,"Wooden House",3,798708131,440491246,45
513710,"SCUM",3,87772027908,44600875714,50
514090,"Beautiful Japanese Scenery - Animated Jigsaws",3,305972803,140032822,55
514310,"SENRAN KAGURA Bon Appétit! - Full Course",3,3113941566,2285549287,27
514900,">observer_",3,8798412711,8343469270,6
515180,"Bus Simulator 18",3,4699697873,4076320873,14
515220,"F1 2017",1,33976897280,30214843493,12
515570,"UBERMOSH Vol.3",3,384574734,346034274,11
515910,"Hooligan Vasja",3,40285214,39075840,4
515960,"Martha Is Dead",2,22180549404,21966875839,1
516110,"ToeJam & Earl: Back in the Groove!",3,2433121247,750070542,70
516750,"My Summer Car",1,921347172,486822632,48
517360,"The Secret Order 4: Beyond Time",3,1096717075,967058230,12
517630,"Just Cause 4 Reloaded",2,70806141716,68743706563,3
517710,"Redout: Enhanced Edition",1,4895267465,4695260222,5
517790,"Caesar™ 3",3,563491258,423734748,25
517810,"Caesar™ IV",3,1319389747,1045891547,21
518030,"Aim Hero",2,576588468,161401818,73
518060,"Chess Ultra",2,13523446913,8444493549,38
518150,"Intruder",3,7044653545,2394398339,67
518650,"illumine",3,193706125,127881360,34
518720,"Overkill VR",2,1301175466,583764965,56
518790,"theHunter: Call of the Wild™",0,91097649486,65549840217,29
518920,"Surgeon Simulator: Experience Reality",3,1943005313,577461468,71
519190,"Next Day: Survival",2,14065145332,7970135803,44
519860,"DUSK",3,10174610438,6230708734,39
520440,"GUILTY GEAR Xrd REV 2",3,12243640361,12087550162,2
520720,"Dear Esther: Landmark Edition",3,1469115810,1019078597,31
520940,"MX vs ATV All Out",0,23019705528,22950345629,1
520950,"DRIFT CE",2,9118090196,5445863659,41
521150,"Another Brick in The Mall",3,216268595,190144013,13
521200,"Epic Battle Fantasy 3",1,122475899,102543235,17
521430,"Super Switch",3,120555071,50099994,59
521570,"You Have 10 Seconds 2",2,156382981,136474721,13
521590,"Subterra",3,195278636,186037559,5
521620,"Alchemist Adventure",3,5219792611,2248728535,57
521750,"Romance of the Three Kingdoms V with Power Up Kit",1,725370398,687082375,6
521880,"RPG Maker VX",3,53547690,45128905,16
521890,"Hello Neighbor",1,5141130307,2650626238,49
522020,"Blue Effect VR",3,2369682698,1100482989,54
522090,"Medieval Defenders",3,138104287,122560059,12
522130,"LandTraveller",2,48192769,29559666,39
522200,"Loading Human: Chapter 1",3,19910684692,7711626172,62
522210,"Serial Cleaner",3,2616617972,534243139,80
522240,"Pool Panic",2,2559123488,635155315,76
522470,"The House of Da Vinci",3,2597030216,1595114312,39
522490,"Carrie's Order Up!",0,49102373,43957747,11
522570,"The Last Hope",3,4739625191,1736534212,64
522610,"Lord of the Seal",3,130300878,124215053,5
522690,"In Fear I Trust",3,3488982924,2992644744,15
522880,"PSYCHO-PASS: Mandatory Happiness",2,2731413095,2227857225,19
523000,"Princess Maker 2 Refine",3,1127248741,946570003,17
523150,"Mahjong World Contest (麻将)",3,39735087,35496766,11
523210,"A Normal Lost Phone",3,173223729,58127167,67
523650,"Lust for Darkness",3,15334010390,7734906173,50
523660,"HYPERCHARGE: Unboxed",3,14262377058,7231578124,50
523780,"Emily is Away Too",3,177915775,46259842,74
523900,"Fated Souls 2",3,23641867,22897957,4
523960,"TENET",3,1768980783,660641050,63
524220,"NieR:Automata™",3,44674375016,32562918898,28
524440,"Tom Clancy's The Division PTS",3,54506903320,52117884737,5
524580,"Fairy Fencer F Advent Dark Force",3,10488020153,10248966144,3
524640,"Asura: Vengeance Edition",1,1091446602,632071962,43
524970,"Helmet Heroes",3,46966382,21430530,55
525040,"The Disney Afternoon Collection",2,336176236,324599908,4
525480,".hack//G.U. Last Recode",2,41797610852,37952793395,10
525510,"Guns, Gore and Cannoli 2",0,2898991682,1687176303,42
525620,"Octogeddon",3,705215186,627490816,12
526160,"The Wild Eight",3,2307121338,776215744,67
526180,"Deus Ex: Mankind Divided™ - VR Experience",3,8729198397,5708065904,35
526490,"Higurashi When They Cry Hou - Ch.4 Himatsubushi",2,1668758583,1481148264,12
526790,"Monsti",3,49000450,18446373,63
526870,"Satisfactory",3,27331757945,13145307836,52
527100,"Star Trek: Bridge Crew",3,13679981171,8559041920,38
527190,"WORLD END ECONOMiCA episode.03",3,4538725659,2642115540,42
527230,"For The King",3,2604681135,1488277590,43
527270,"Atelier Sophie: The Alchemist of the Mysterious Book",3,7125470406,5441987286,24
527280,"Nights of Azure",2,7417159301,6101720944,18
527420,"Demon Hunter 3: Revelation",3,1194768424,1052533408,12
527430,"Warhammer 40,000: Inquisitor - Martyr",3,81592742167,42081320697,49
527440,"Rustangelo",2,7044673,5491327,23
527450,"Cockroach Simulator",2,607936642,323815169,47
527700,"Containment Initiative",3,7686683656,2998765362,61
527710,"Crown Champion: Legends of the Arena",3,675058574,589271703,13
527790,"Cranium Conundrum",3,432715104,138458430,69
527990,"Gladiator Trainer",3,464467449,396957606,15
528070,"Solitaire Beach Season",3,29731616,23311576,22
528230,"SYNTHETIK: Legion Rising",3,628506573,503053548,20
528720,"Shu",3,3105801929,1403670714,55
529150,"Lazerbait",0,434420149,318794942,27
529180,"Dark and Light",2,53032969307,21816121009,59
529340,"Victoria 3",2,12831966279,8083752239,38
529440,"Behold the Kickmen",3,1192914500,280305052,77
529490,"Rogue Trooper Redux",3,20405878429,14886190301,28
529590,"Please, Don't Touch Anything 3D",3,932560838,463651602,51
529660,"Mages of Mystralia",3,6874628637,4558988230,34
529890,"Maniac Mansion",3,94817381,51118141,47
529900,"Polygon Attack",3,244077306,177837074,28
530020,"World to the West",3,2523670845,1273530274,50
530130,"Akuto: Showdown",3,782219349,162983248,80
530320,"Wandersong",3,1985641934,1538750731,23
530390,"Slayaway Camp",3,107273707,66370734,39
530620,"Resident Evil 7 Teaser: Beginning Hour",3,3713581251,3363053604,10
530630,"Empires Apart",3,3003891719,811207595,73
530860,"The Wanderer",3,3949990553,751626282,81
530890,"Haydee",3,695541637,195518541,72
530930,"Soulblight",3,2325309015,688203342,71
530950,"Tower 57",3,430433289,230394415,47
531220,"Splasher Demo",2,748476703,201459504,74
531510,"Just Shapes & Beats",3,898128765,744925451,18
531640,"Eternal Card Game",2,2764964898,2530875552,9
531730,"Corona Blossom Vol.2 The Truth From Beyond",2,4230641162,3189350133,25
531740,"Rubek",3,88584449,17094442,81
531920,"Carton",3,398100712,163251525,59
531930,"Dungeon Rats",3,1540783312,876402775,44
531960,"Bloody Walls",3,125556952,56523864,55
532110,"Rusty Lake: Roots",3,97921034,83004594,16
532190,"Super Blood Hockey",3,235295951,170490447,28
532210,"Life is Strange 2",0,11402414967,11172433211,3
532320,"de Blob",2,10022619478,4754015365,53
532790,"Vampire: The Masquerade® - Bloodlines™ 2",3,25681598302,21788893522,16
532840,"CAYNE",3,4156530037,2211587366,47
533540,"MONMUSU",3,332109706,287675612,14
533850,"EggK47",3,1616340681,1535619471,5
533860,"Multimirror",2,217374069,106126944,52
534360,"Colt Express",0,1314352876,317904983,76
534370,"Pure Farming 2018",3,5000262925,2447319580,52
534380,"Dying Light 2 Stay Human: Reloaded Edition",2,64664182496,52438894640,19
534550,"Guacamelee! 2",3,2036532795,2015442130,2
534680,"Dolphin Up",3,54970559,49622861,10
534720,"Tornuffalo",3,642658235,349609608,46
535190,"Chunky Orbits",3,438140374,282981171,36
535230,"Domina",3,361989277,308728226,15
535480,"Sundered®: Eldritch Edition",3,2436310127,1443047544,41
535520,"Nidhogg 2",2,646427093,542573229,17
535930,"Two Point Hospital",3,8961115188,4314229359,52
536220,"The Walking Dead: A New Frontier",3,16989292776,16904039751,1
536270,"Ancestors: The Humankind Odyssey",3,9373929711,8629061993,8
536280,"Disintegration",3,10150659360,9904004357,3
536560,"CHAOS CODE -NEW SIGN OF CATASTROPHE-",3,2927052914,1785962613,39
537130,"Red Spider: Vengeance",3,232618229,212787798,9
537340,"Guts and Glory",3,5848571551,2428910911,59
537450,"ReCore: Definitive Edition",3,17804334408,15704387365,12
537520,"SYMMETRY",2,99436032,99033088,1
537800,"Bomber Crew",2,698732858,460287774,35
538030,"Xenonauts 2",2,7063209011,5906797480,17
538060,"Doodle God: 8-bit Mania - Collector's Item",3,60401189,46211625,24
538070,"Bad Dream: Coma",3,343588349,259706963,25
538100,"Feel The Snow",2,304160952,255251746,17
538680,"The Legend of Heroes: Trails of Cold Steel",3,20295243534,13210002660,35
538810,"Train Mechanic Simulator 2017",3,2075764736,840285132,60
538840,"City Climber",3,375643806,150981422,60
539270,"Mahjong",3,469091252,92487831,81
539340,"Future Unfolding",2,170534941,154907070,10
539450,"Crab Dub",2,54212951,52024736,5
539470,"Police Stories",2,656150591,537113002,19
539720,"Razortron 2000",3,788192261,665800772,16
539750,"Kombine",3,15440890,7651878,51
540840,"Lara Croft GO",3,1161050597,525947589,55
541200,"GTTOD",2,1630727303,760973447,54
541210,"Cold Waters",3,2120294236,1247030059,42
541300,"Survive the Nights",3,8776822221,6670601640,24
541350,"Calm Waters: A Point and Click Adventure",3,811347099,351894293,57
541450,"Operation Abyss: New Tokyo Legacy",3,4201939268,1879789126,56
541570,"Sally Face - Episode One",3,3631398496,1064739716,71
541640,"Disney Infinity 1.0: Gold Edition",1,11426366980,11258438140,2
541670,"Disney Infinity 3.0: Gold Edition",3,14473795118,14325703893,2
541930,"Panoptic",3,2180204677,1133455608,49
542290,"Da Capo 3 R",2,4745190960,4446736084,7
542400,"Pixel Gladiator",3,55560191,48374556,13
542740,"Balloon Blowout",0,83516755,25483054,70
542930,"Painted Memories",3,439895705,369483231,17
543240,"√Letter - Root Letter -",3,3615682062,1813373483,50
543260,"Wonder Boy: The Dragon's Trap",3,1080394728,1008447349,7
543460,"Dead Rising 4",3,70785353165,64090018567,10
543870,"NARUTO SHIPPUDEN: Ultimate Ninja STORM 2",3,7701271557,7137744316,8
543900,"METAL GEAR SURVIVE",2,22938102004,22458069028,3
544330,"Snake Pass",2,3635122326,1823121369,50
544390,"NITE Team 4 - Military Hacking Division",1,2667230528,1024420346,62
544550,"Stationeers",2,5090221774,3444086403,33
544610,"Battlestar Galactica Deadlock",3,6775840552,4776740959,30
544730,"Catan Universe",3,1055016580,512541608,52
544750,"SOULCALIBUR VI",3,19975261584,19833477964,1
544810,"KARDS - The WW2 Card Game",3,6545556695,3198632693,52
545030,"NSFW ~ Not a Simulator For Working: Highly Distracted",3,134183554,44163839,68
545540,"The Infectious Madness of Doctor Dekker",1,16031962973,15917704612,1
545570,"PHAT PHROG",3,18414080,18345984,1
545690,"VOI",3,31502545,14933299,53
545960,"Wild Animals - Animated Jigsaws",3,175030688,90613578,49
545980,"Voodoo Vince: Remastered",3,3215455610,2285301137,29
546050,"Puyo Puyo™Tetris®",3,6484952551,2927670167,55
546070,"Flower Design",3,80574194,23525890,71
546090,"Trip to Vinelands",3,233569613,221261922,6
546200,"Gnomes Garden 3: The thief of castles",3,282734862,91648819,68
546220,"Red Comrades 3: Return of Alaska. Reloaded",3,1108710513,394928449,65
546230,"Xenus 2. White gold.",3,7409695970,6671514021,10
546340,"Dynamic Very, Very, Hard game!!",3,44246508,6552338,86
546430,"Pathway",3,1018253682,591387584,42
546560,"Half-Life: Alyx",3,73307717107,58825081728,20
546930,"Machine Hunt",3,1781755929,905228718,50
547340,"LoveKami -Divinity Stage-",1,1587730117,1537102416,4
547360,"BREAK ARTS II",3,7508330841,3700237000,51
547590,"Pinball FX Classic VR",2,1227426988,1221544076,1
547680,"Guild Quest",3,177170486,40098835,78
547710,"Darkness Ahead",3,1416455838,1370665158,4
548050,"Runes",3,99679776,71190315,29
548090,"Alone in the Dark 1",3,390408032,306950429,22
548240,"Demon Pit",3,296931564,94726194,69
548430,"Deep Rock Galactic",0,3398522354,3192039879,7
548570,"RAGE 2",3,47553053165,43747239577,9
548720,"Through the Mirror",3,139929171,60766968,57
548840,"A Rose in the Twilight",1,955087423,778729639,19
548890,"Alone in the Dark 2",3,578087194,413424869,29
548900,"Alone in the Dark 3",3,152301207,144251516,6
549090,"Counter Agents",3,167227641,59972690,65
549260,"Alwa's Awakening",2,285970902,84696634,71
550010,"Happy Room",3,368946988,154153122,59
550080,"VALKYRIE DRIVE -BHIKKHUNI-",3,7605843575,3050089231,60
550180,"Fiber Twig: Midnight Puzzle",3,37969823,33279793,13
550220,"Charm Tale Quest",3,51125874,47005197,9
550320,"art of rally",3,7259200459,2672536280,64
550370,"The Last Sin",3,925648560,737006082,21
550650,"Black Squad",2,10772903058,9509624373,12
550810,"Abduction Bit",3,15945297,14577664,9
550840,"Fresh Body",3,1343405039,1306785643,3
551110,"Wayout",3,79318308,21289171,74
551170,"Onmyoji",3,9118610139,8892538296,3
551370,"Gravity Sketch",3,818875094,327843756,60
551450,"Furious Angels",3,87193043,35556362,60
551770,"ECHO",3,10226274120,7609331001,26
551860,"Abandon Ship",3,10421913498,5467795414,48
552100,"Brick Rigs",2,1656207952,807634132,52
552440,"The Talos Principle VR",2,6656775091,6598013704,1
552500,"Warhammer: Vermintide 2",3,74023356651,65953576090,11
552520,"Far Cry® 5",3,70952615378,59448268834,17
552590,"The Sexy Brutale",3,3260083562,1564933331,52
552620,"ATOM RPG: Post-apocalyptic indie game",3,5986689960,5584882311,7
552700,"WORLD OF FINAL FANTASY®",3,12217606737,11710955656,5
552880,"STARDROP",3,24768271409,9830134619,61
552990,"World of Warships",2,71075245530,67752229968,5
553210,"Warhammer 40,000: Space Wolf",3,4463850990,2123530608,53
553310,"Lethal League Blaze",3,3878203292,663392058,83
553420,"TUNIC",3,1731737760,1473518920,15
553520,"Trainz Railroad Simulator 2019",3,16672861901,10097189825,40
553540,"Phantom Brigade",2,8020346147,5262861221,35
553640,"ICEY",3,5860605250,1436898351,76
553760,"Einlanzer",3,583712159,525853848,10
553790,"Once in Yaissor",3,47324669,23215676,51
553850,"HELLDIVERS™ 2",3,111517397139,73466918020,35
553880,"Archangel™: Hellfire",3,8267608375,8082852775,3
554600,"Learn Japanese To Survive! Katakana War",3,679861347,586083310,14
554620,"Life is Strange: Before the Storm",3,21145779316,17892056474,16
554810,"The Wild Eternal",3,1817752734,919324525,50
554850,"Eon Altar Demo",2,1864723880,1065888243,43
555000,"GOAT OF DUTY",3,3503926255,3266641135,7
555060,"Final Soccer VR",3,1352692148,387934639,72
555150,"The First Tree",3,2396903211,1089729273,55
555160,"Pavlov",3,70011985366,38062696497,46
555210,"Trick and Treat - Visual Novel",2,80604842,62605831,23
555220,"Detention",3,2244136608,737663335,68
555450,"Deus Ex: Breach",3,11049584222,8260253562,26
555610,"Gunmetal Arcadia Zero",0,38490384,10764652,73
555660,"Red Forest",3,1352669643,599934338,56
555880,"Sairento VR",3,23386997194,7795286372,67
555930,"Madness",3,58136533,48541793,17
555950,"Danganronpa Another Episode: Ultra Despair Girls",3,17178084850,16541573146,4
556130,"Drones, The Human Condition",3,190210968,179052499,6
556240,"Disoriented",3,96667559,49616558,49
556740,"LEGRAND LEGACY: Tale of the Fatebounds",3,15143100803,7102562172,54
557030,"Avenger Bird",3,147566446,48777006,67
557040,"99Vidas",2,423574259,347583485,18
557180,"League of Maidens®",3,10509592509,9680214514,8
557260,"iREC",3,989685488,498415955,50
557340,"My Friend Pedro",3,3824301448,1779520457,54
557520,"Torn",3,10430804069,4725794544,55
557600,"Gorogoa",3,659685677,544902370,18
557800,"Hello Charlotte EP1",2,305699126,298611417,3
557810,"Clicker Guild",3,1201049487,126534768,90
558260,"Gravel",3,16966511516,16707913586,2
558420,"Stories Untold",3,1989977425,799891829,60
558870,"Club Naughty",3,1958936144,643919328,68
558990,"Opus Magnum",3,506824046,331891574,35
559010,"Cosmic Sugar VR",3,92600803,47659118,49
559100,"Phantom Doctrine",3,27312172334,15260952845,45
559210,"Rakuen",2,178585627,177490688,1
559280,"Snailiens",1,21654649445,9232790829,58
559330,"A Fisherman's Tale",1,2910577446,2877965887,2
559650,"Witch It",1,6282616374,6091718875,4
559680,"Vampire: The Masquerade - Redemption",3,1273522802,936914450,27
560130,"Pillars of Eternity II: Deadfire",3,55259790510,28880971548,48
560170,"STAR WARS™ SHADOWS OF THE EMPIRE™",3,411194915,300740604,27
560260,"Super Blue Boy Planet",3,80008704,79904768,1
560370,"SWAT 3: Tactical Game of the Year Edition",3,1156005917,1060146141,9
560380,"MapleStory 2",0,14085535451,12460298048,12
560430,"Indiana Jones® and the Emperor's Tomb™",3,1346952998,784754076,42
560720,"Dark Angels: Masquerade of Shadows",3,930465281,884370258,5
560730,"The Esoterica: Hollow Earth",3,1046253869,997783052,5
560760,"Sacra Terra: Kiss of Death Collector’s Edition",3,570563046,537260327,6
560790,"Red Spider2: Exiled",3,280491442,259493331,8
561770,"Just Ignore Them",3,339969122,156795651,54
562220,"Zup! 2",3,16003625,13864966,14
562350,"Maid Mansion",3,416322256,359203226,14
562360,"Planes, Bullets and Vodka",3,400283672,286650395,29
562410,"Panty Party",3,1151614486,505206148,57
562470,"天使帝國四《Empire of Angels IV》",3,5529157170,2437965272,56
562480,"Corona Blossom Vol.3 Journey to the Stars",2,4487914639,3425198057,24
562500,"Warstone TD",3,1393610012,956680605,32
562640,"Introvert Quest",3,785803006,624168974,21
562730,"MechDefender - Tower Defense",3,45848564,38663689,16
562810,"Monopoly Plus",3,1612173527,1321237178,19
562860,"Ion Fury",3,176004947,132982482,25
563180,"Dispersio",3,31617058,27716134,13
563190,"de Blob 2",3,13692023435,7966189169,42
563560,"Alien Swarm: Reactive Drop",1,5490057478,3335500192,40
563760,"VR GirlFriend",2,886095268,394754216,56
564050,"Bud Spencer & Terence Hill - Slaps And Beans",2,2277358882,838866921,64
564150,"Rosenkreuzstilette",3,338409959,308666509,9
564230,"Fire Pro Wrestling World",2,4514718889,2524449308,45
564310,"Serious Sam Fusion 2017 (beta)",0,6355834522,6305433724,1
564530,"Pharaoh + Cleopatra",3,814602364,536384738,35
564710,"Soda Dungeon",3,76638118,56126257,27
564960,"Return to Krondor",3,888076342,658924498,26
565080,"Negligee: Spring Clean Prelude",2,400695168,350341566,13
565110,"Mobile Astro",2,36603041,35614720,3
565170,"Blade Strangers",0,2002292954,1950362781,3
565720,"Pretty Girls Panic!",3,582933077,187162579,68
566050,"Zeus + Poseidon",3,801202893,501943640,38
566440,"Necromunda: Underhive Wars",3,42196700159,22789847043,46
566540,"Labyrinth of Refrain: Coven of Dusk",3,18432920221,3920366578,79
566860,"VR Dungeon Knight",1,2704874708,1604930354,41
566940,"Claws & Feathers 2",3,203435363,198022039,3
567010,"Game Royale 2 - The Secret of Jannis Island",3,134069222,76481158,43
567060,"Putrefaction 2: Void Walker",3,5643057154,2566720711,55
567090,"8-Bit Bayonetta",3,57183341,17372986,70
567140,"Mahjong Magic Journey",3,59044768,54569058,8
567160,"Katy and Bob: Safari Cafe",3,895401439,340843884,62
567250,"Cat Goes Platform",3,278603690,277577728,1
567380,"Heartbound",1,364257746,324816112,11
567640,"Danganronpa V3: Killing Harmony",3,23370521530,20373073922,13
567670,"Serious Sam 3 VR: BFE",3,3706949755,3653944868,2
567980,"Santa Rockstar",3,510625491,253082798,51
568220,"Lobotomy Corporation | Monster Management Simulation",3,5648289566,1986952430,65
568320,"Pictopix",2,98684060,50083725,50
568570,"Force of Nature",3,171401321,133706546,22
568770,"Cinderella Phenomenon - Otome/Visual Novel",3,1295306768,1084785033,17
568800,"Summer times Afternoon",1,4033802267,2348882112,42
568930,"The Land of Pain",3,4767592940,4627076400,3
569480,"Kingdoms and Castles",3,899473555,506194863,44
569610,"Distant Space",3,28685824,28557312,1
569630,"Out of Ammo: Death Drive",3,2006485712,762969342,62
569800,"LEAVES - The Journey",3,371184591,239354122,36
569810,"LEAVES - The Return",3,342711196,216471503,37
569860,"Thimbleweed Park™",3,970544702,963498186,1
569970,"Chosen 2",3,315149607,310276307,2
570460,"Laser League: World Arena",1,2744230461,2690179191,2
570770,"古剑奇谭二(GuJian2)",3,6611532366,6577233070,1
570780,"古剑奇谭(GuJian)",3,9683675884,9624011350,1
570840,"家有大貓 Nekojishi",3,684837076,569714076,17
570900,"Art Plunge",0,1083687733,452959753,59
570940,"DARK SOULS™: REMASTERED",1,7367631434,7297120866,1
570950,"Devilated",3,9994104869,4446440779,56
571060,"Zork Nemesis: The Forbidden Lands",3,1730507169,1513994522,13
571260,"THE KING OF FIGHTERS XIV STEAM EDITION",2,18665928154,16102175704,14
571310,"SteamWorld Dig 2",2,227640274,217632938,5
571350,"DED",2,133527528,66992455,50
571430,"Drone Hero",3,323935918,142899020,56
571520,"Kalaban",1,606646374,527470705,14
571530,"Superdimension Neptune VS Sega Hard Girls",3,11717604355,5561114743,53
571720,"One Piece: Unlimited World Red - Deluxe Edition",3,12550494606,11142627334,12
571740,"Golf It!",3,15743856913,6212118840,61
571880,"Angels with Scaly Wings™ / 鱗羽の天使",1,2377743832,2305118680,4
572410,"Steel Division: Normandy 44",3,40946044303,33809287215,18
572430,"Party Hard 2",3,7732516852,2993921049,62
572890,"Pikuniku",2,304757619,154289404,50
573080,"Peregrin",3,289389471,283258712,3
573090,"Stormworks: Build and Rescue",3,1907204301,470913259,76
573100,"Battlefleet Gothic: Armada 2",3,46172881724,10105392344,79
573120,"Dead In Vinland",0,2039382656,894068296,57
573130,"Aporia: Beyond The Valley",2,12415378263,11681227203,6
573320,"Underhero",1,2199093383,441713738,80
573370,"Tyler: Model 005",3,4245813823,1915676175,55
573410,"AI War 2",1,3730043747,2204907373,41
573550,"GoalkeepVr",3,127601569,47845301,63
573790,"Imperium Galactica",3,1140916027,1005242583,12
574050,"DRAGON QUEST HEROES™ II",3,25381253985,24854380546,3
574090,"MOTHERGUNSHIP",3,5545463450,5426847970,3
574200,"EARTH DEFENSE FORCE 4.1 WINGDIVER THE SHOOTER",3,2728347157,1072842558,61
574260,"The Secret Order 5: The Buried Kingdom",3,1445262021,1245381309,14
574590,"Koloro",3,1518198991,801548120,48
574630,"Word Killer: Revolution",3,21411204,14799894,31
574720,"Little Big Workshop",1,3871655370,1686417099,57
574980,"Them's Fightin' Herds",2,6601791816,3899641062,41
575010,"Celestial Crossing",2,281015122,224654140,21
575330,"Oh...Sir! The Hollywood Roast",3,2415254973,1626701252,33
575550,"Hell Girls",3,1539593274,496052014,68
575580,"Queen of Seas",3,431660083,49738291,89
575590,"Balloon Popping Pigs: Deluxe",3,8353792,8306688,1
575890,"Katy and Bob Way Back Home",3,135252451,130975569,4
575900,"Mosaics Galore 2",3,271062594,268029849,2
575950,"Blood Feed",3,3367883927,1761832972,48
575970,"Golem Gates",3,14779352912,8350137693,44
576030,"MHRD",3,115876957,47750609,59
576130,"State of Anarchy: Master of Mayhem",3,429298226,132187973,70
576470,"ANIMALITY",3,9653248,9523200,2
576670,"Sky Is Arrows",1,3757093625,643868299,83
576770,"Low Magic Age",3,271874280,245247379,10
576960,"🧠 OUT OF THE BOX",3,1901592345,347114297,82
576980,"Western 1849 Reloaded",3,683101097,230728331,67
577080,"A Dump in the Dark",3,4623354881,3123030595,33
577320,"Quantic Pinball",2,247427388,223498406,10
577480,"Higurashi When They Cry Hou - Ch.5 Meakashi",2,2002878415,1829517243,9
577580,"Gladiator: Sword of Vengeance",2,1351451671,1104901562,19
577670,"Demolish & Build 2018",3,4338007780,2557866153,42
577690,"Spooky's Jump Scare Mansion: HD Renovation",3,558612811,445914530,21
577730,"Idle Evolution",3,364886092,277812737,24
577740,"Winexy",3,2095948564,1049274301,50
577940,"Killer Instinct",1,47251271525,34818304420,27
578080,"PUBG: BATTLEGROUNDS",2,41743546530,41140434518,2
578210,"A-Tech Cybernetic VR",3,6502501704,3102367289,53
578330,"LEGO® City Undercover",3,20229420372,19901089294,2
578350,"Element TD",1,163001366,83738973,49
578420,"Mars Underground",2,316143821,206216796,35
578620,"GORN",3,5801948690,1699331370,71
578650,"The Outer Worlds",3,59428964340,58732329340,2
578720,"A Mortician's Tale",1,176177534,53610725,70
579110,"Interkosmos",2,774983733,720693936,8
579120,"Unlucky Seven",3,711676279,487640815,32
579180,"Ys VIII: Lacrimosa of DANA",3,26234060358,22272960267,16
579490,"RUSH: A Disney • PIXAR Adventure",0,24011609807,21779084675,10
579720,"Neverout",3,1342079070,674902801,50
579820,"Robinson: The Journey",3,7457373327,7272759788,3
579840,"Bloody Trapland 2: Curiosity",2,1887005277,794556469,58
579920,"Swatcher",3,115937626,49742594,58
579950,"Marvel's Guardians of the Galaxy: The Telltale Series",3,19098632259,19027492521,1
580720,"Carrier Deck",2,224252117,91666657,60
581120,"Griptape Backbone",3,1185519762,535834429,55
581130,"Metal Waltz: Anime tank girls",0,1483906616,1351873402,9
581270,"Old Man's Journey",3,583822127,504505027,14
581320,"Insurgency: Sandstorm",2,39429484866,28975957782,27
581360,"FoxTail",0,163668804,155303130,6
581460,"QuiVr Vanguard",3,2703034025,1141321958,58
581660,"Super Meat Boy Forever",3,5821768892,2598701535,56
582010,"Monster Hunter: World",0,68466504254,68386918766,1
582160,"Assassin's Creed® Origins",1,63959217940,61120281418,5
582270,"Everything",3,1703952992,1308757268,24
582330,"Warriors: Rise to Glory",3,4539028526,1892190160,59
582500,"We Were Here",2,1311230713,714508633,46
582550,"Passpartout: The Starving Artist",3,1393367697,473957386,66
582660,"Black Desert",0,61303853924,60589857269,2
582890,"Estranged: The Departure",3,8501272850,4666098594,46
582920,"From Shadows",3,1702925483,305340521,83
583090,"SeaBed",2,2015969484,1926988595,5
583470,"The End Is Nigh",2,304787086,257691982,16
583760,"Slash It 2",3,369962954,98868373,74
583930,"Faerie Solitaire Remastered",2,151493039,139796648,8
583950,"Artifact",3,4387120888,2285038708,48
584100,"Mad Digger",3,100557456,48547355,52
584400,"Sonic Mania",3,212163635,207043390,3
584640,"SUPER CHICKEN JUMPER",1,33248486,24021854,28
584930,"Conductor",3,500067261,173720209,66
584940,"Amber's Magic Shop",2,171132153,119558753,31
584980,"Late Shift",3,7019112138,6815918374,3
584990,"The Long Reach",2,513165849,248554412,52
585090,"Black River",3,254665706,249507176,3
585420,"Trailmakers",3,7075817627,6092541319,14
585450,"Shadows: Awakening",3,13405131308,8479769270,37
585550,"FEMINAZI: The Triggering",2,31756008,24981053,22
585630,"Switchblade",1,4232418437,4085297152,4
585690,"Minimalism",3,9419264,9314304,2
586140,"BlazBlue Centralfiction",2,16654732013,16463989874,2
586200,"Street Fighter 30th Anniversary Collection",3,5309376830,5052037225,5
586350,"UBERMOSH:WRAITH",3,410891460,368987990,11
587100,"Ys SEVEN",3,1516437422,1360122814,11
587180,"Wulverblade",2,4357177848,2478498718,44
587220,"Jet Island",3,978305016,422197087,57
587260,"Tokyo Xanadu eX+",3,6225931373,6178844416,1
587430,"I Expect You To Die",3,2302396241,715069779,69
587520,"Dungeons of Sundaria",3,8425133520,8082432000,5
587580,"Nature Treks VR",2,5350406101,3409084715,37
587620,"Okami HD",3,25526812556,23546578183,8
587650,"Half-Life 2: DownFall",3,2681828240,1582951582,41
588030,"Derail Valley",3,5109183219,2668477696,48
588160,"Pizza Connection 3",3,4487511889,1843657536,59
588430,"Fallout Shelter",2,513567024,399878600,23
588440,"False Front",2,3839230650,1580339796,59
588650,"Dead Cells",2,2059406156,1941503257,6
588730,"Majotori",2,166996158,116704828,31
588950,"Kingsway",3,60322784,49758214,18
589290,"Holdfast: Nations At War",3,32408342270,14647997880,55
589360,"Ni no Kuni™ II: Revenant Kingdom",3,30951978421,26274298363,16
589420,"Grass Cutter - Mutated Lawns",3,384285834,105392132,73
589530,"Hakuoki: Kyoto Winds",0,10837176896,9118903609,16
589590,"Kindergarten",3,122418652,46089761,63
589760,"Revhead",2,2501599322,1309003315,48
589780,"The Red Strings Club",2,274581801,230026677,17
589870,"Learn to Fly 3",3,47162706,31933549,33
589940,"Eye of the Temple",3,823900437,338609057,59
590370,"Tiny Troopers 2",3,391716013,119764418,70
590380,"Into the Breach",3,549037443,460502873,17
590590,"Remnants of Naezith",0,146206491,131694990,10
590690,"Sprint Vector",3,5684887576,5488057401,4
590720,"Cobalt WASD",3,1669016359,336214731,80
590830,"s&box",1,9635389070,8750363015,10
591370,"Production Line : Car factory simulation",3,1245175672,280701924,78
591460,"Parkasaurus",3,2744168129,444114729,84
591680,"Taphouse VR",3,3777124540,1172721669,69
591740,"Sniper Fury",3,5419805324,5008343318,8
592260,"Dungeon Painter Studio",1,296377404,278374520,7
593280,"Cat Quest",3,335810003,116063106,66
593600,"PixARK",3,20097043712,5127689228,75
593960,"Lorelai",3,10582765936,2421440273,78
594000,"Shadows and Lies",3,215300877,211971274,2
594050,"Red Alliance",3,7132949566,3299218152,54
594330,"Visage",3,8391342838,8252629550,2
594570,"Total War: WARHAMMER II",3,76585927679,55025622820,29
594650,"Hunt: Showdown 1896",2,60179874884,59796652081,1
594770,"Legends of Aria",0,11989228994,7548217664,38
595130,"My Vet Practice",3,200838577,192119026,5
595150,"My Vet Practice – Marine Patrol",3,145842631,128543605,12
595160,"My Boyfriend – He loves me, he loves me not",3,503725827,488648662,3
595440,"CPU Invaders",3,96144697,51537719,47
595500,"Freedom Planet 2",3,2951412394,913301732,70
595520,"FINAL FANTASY XII THE ZODIAC AGE",1,31246606698,31135818723,1
595730,"Ascendant Hearts",2,385006055,202698320,48
596650,"Tap Adventure: Time Travel",3,87084396,72580213,17
596810,"Save Their Souls",3,65343781,17105216,74
596870,"Drop Hunt",3,196099372,74396642,63
596970,"Sunless Skies: Sovereign Edition",2,3379413691,1333347116,61
597150,"Hyper Knights",3,533895628,104286365,81
597170,"Clone Drone in the Danger Zone",3,1626325176,1106959853,32
597180,"Old World",3,7632396946,4446870730,42
597220,"West of Loathing",3,321019488,259179990,20
597230,"Shotgun Legend",3,87365340,73035874,17
597700,"OVIVO",3,732023477,568208564,23
597760,"Yuppie Psycho: Executive Edition",3,1525716981,1380456096,10
597820,"BIOMUTANT",3,27106069441,17687155086,35
598330,"SimAirport",2,1840026076,1137219578,39
598450,"Slice, Dice & Rice",3,1509809455,586270532,62
598530,"Naev",3,533467617,389565891,27
598550,"HUNTDOWN",2,728101673,411607547,44
598640,"Wonder Wickets",0,608039304,540358013,12
598700,"The Vagrant",2,1069042370,1010107902,6
598730,"Shakedown: Hawaii",2,125038241,110620729,12
598810,"Carcassonne - Tiles & Tactics",3,184568268,60386897,68
598960,"Mashinky",2,2422897132,1752817213,28
598980,"The Coin Game",2,4544567630,1907589052,59
598990,"Pizza Connection",3,15389459,9276503,40
599000,"Pizza Connection 2",3,454875715,339887642,26
599070,"Umpire Simulator",3,76453305,21511746,72
599140,"Graveyard Keeper",3,1760216312,513291817,71
599390,"Battle for Wesnoth",3,677090914,501317538,26
599460,"Weapon Shop Fantasy",2,151120610,54487873,64
599510,"SpaceDweller",3,332142951,302768362,9
599610,"Lost Words: Beyond the Page",3,5001919160,1851702320,63
599750,"Crisis in the Kremlin",2,1108122092,493694690,56
600090,"The Coma: Recut",2,1293837937,347157667,74
600130,"Valfaris",3,840023636,523478145,38
600210,"RoboMatch",3,170234500,105119755,39
600340,"Turret Terminator",3,496450159,183424821,64
600480,"Megaquarium",3,526448330,299841634,44
600610,"The Hand of Merlin",3,5364949343,5222873868,3
601050,"Attack on Titan 2 - A.O.T.2",3,43157462588,39331442753,9
601130,"Spark",3,48900055,39407490,20
601150,"Devil May Cry 5",0,37541692382,37373158044,1
601320,"Schlocks",1,150538078,61470330,60
601360,"Portal: Revolution",3,12395270068,7362034711,41
601430,"The Evil Within 2",3,36885542959,35343234388,5
601510,"Yu-Gi-Oh! Duel Links",1,4651708807,4384174705,6
601810,"Spark the Electric Jester",2,160722847,157819934,2
601840,"Griftlands",3,5508168500,5417697315,2
602080,"Solaroids",3,195048821,159628803,19
602140,"The Uncertain: VR Experience",3,1641615891,713935461,57
602170,"Planet of Mubu",3,45306620,43634907,4
602320,"Train Valley 2",3,1008619912,380103109,63
602430,"Yono and the Celestial Elephants",3,990690429,499574062,50
602490,"Blood Bowl: Death Zone",3,2316191734,1091807527,53
602520,"NEKOPARA Vol. 3",3,2327994008,2290214270,2
602700,"Chippy",3,692486233,305367155,56
602790,"Fated Souls 3",3,26722072,25951180,3
602910,"One Wish",3,940749050,375908957,61
602960,"Barotrauma",3,1236718151,1096026861,12
603030,"Lamp Head",3,185759939,29818672,84
603090,"Dream Stone",3,505527480,434646495,15
603120,"Happy Campers",2,362647863,289082186,21
603140,"Connected Hearts - Visual novel",3,323937792,212645012,35
603260,"The Cat Games",3,35778000,20150425,44
603530,"A Robot Named Fight!",2,205949765,46532006,78
603800,"ReThink",2,2850791914,2718482565,5
603850,"Age of History II",2,477730247,365618685,24
603960,"Star of Providence",3,151515596,83142070,46
604240,"Shotgun Farmers",3,5780377631,3037763058,48
604330,"The Crown of Leaves",3,2205289237,1682559754,24
604540,"Empire of Sin",3,10128576796,5580413040,45
604740,"Danger Zone",2,4486306567,4450774772,1
605190,"Getaway Island",3,284364626,229542898,20
605230,"Grey Hack",2,676217475,108281101,84
605450,"In Death",3,11654596514,6057039294,49
605610,"Dawn",3,1033398463,950207376,9
605740,"Flashing Lights - Police, Firefighting, Emergency Services (EMS) Simulator",3,3534227148,2066299693,42
606150,"Moonlighter",3,1278990327,584478361,55
606160,"ROUTINE",3,10723497669,10485596648,3
606230,"Thea 2: The Shattering",3,6699850339,2980713077,56
606280,"Darksiders III",2,24078046243,23825433699,2
606370,"Romancing SaGa 2™",3,1553435708,1459205939,7
606510,"Grisaia Phantom Trigger Vol.1",2,2616342574,2427923329,8
606520,"Grisaia Phantom Trigger Vol.2",2,2667227851,2457832321,8
606680,"Silver",3,1889540215,1831201948,4
606710,"Sphinx and the Cursed Mummy",3,1355629199,1056932103,23
606730,"Sine Mora EX",3,801801628,750249987,7
606800,"Startup Company",2,419400810,318226599,25
606870,"MetaMorph: Dungeon Creatures",1,975968828,540945442,45
606880,"GreedFall",2,21441487807,20662991095,4
606890,"Masters of Anima",3,1662007992,850174620,49
606960,"CRIMSON METAL Classic 1999",3,3205532502,1991065876,38
607050,"Wargroove",3,364426333,336503416,8
607080,"Psychonauts 2",2,32461710806,29349995699,10
607260,"McOsu",2,53304009,21546855,60
607380,"Fences 3",3,12962182,12116718,7
607890,"Sword Art Online: Hollow Realization Deluxe Edition",3,43816750621,34759653429,21
608000,"Buzz Aldrin: Cycling Pathways to Mars",2,6793347688,5895726186,14
608120,"AFTERBURN",3,48210701,16777666,66
608760,"Doodle Devil",3,194175120,179923027,8
609100,"Gold Rush! 2",3,1794759488,640407669,65
609110,"Blazing Chrome",3,114681626,75988992,34
609150,"STAR OCEAN™ - THE LAST HOPE -™ 4K & Full HD Remaster",3,54777947624,44396015616,19
609320,"FAR: Lone Sails",3,2700114108,1016365190,63
609420,"Never Give Up",0,2467237180,1662909887,33
609850,"Slinger VR",3,2301528542,993282945,57
609920,"Hotshot Racing",3,4372247439,2469613272,44
610080,"Realm Grinder",3,48348892,32438295,33
610180,"The Jackbox Party Pack 4",3,1065554509,999305167,7
610190,"WARRIORS ALL-STARS",3,18860720537,18587784756,2
610370,"Desperados III",3,23533675667,12682794942,47
610380,"Ratty Catty",3,1323816416,1267095267,5
610460,"Rise of Balloons",3,292208899,90869185,69
610570,"Paradox Soul",3,37157392,24773960,34
610750,"Games&Girls",3,472615930,360767803,24
611160,"Karnage Chronicles",3,3241193955,1728912903,47
611360,"Video Horror Society",1,22499949014,10446747254,54
611500,"Quake Champions",3,34808131869,31994670995,9
611660,"Fallout 4 VR",1,27216910127,26543436257,3
611670,"The Elder Scrolls V: Skyrim VR",2,16214725466,13451563575,18
611750,"Welcome to Hanwell",3,16525799573,8613097430,48
611760,"Don't Escape: 4 Days to Survive",3,576621417,130644232,78
611790,"House Party",2,6577769034,4665242330,30
611860,"Aborigenus",3,58428670,46825569,20
612110,"Sweet fantasy",3,376025869,281426884,26
612470,"Bio Inc. Redemption",3,1194967368,536335530,56
612590,"Mouse Playhouse",3,2252201906,564307843,75
612620,"Detective Butler: Maiden Voyage Murder",2,268276907,249449708,8
612720,"SAELIG",3,15127609535,7376362962,52
612880,"Wolfenstein II: The New Colossus",0,52070866905,51374423214,2
613100,"House Flipper",3,15482221191,8073962450,48
613220,"Steam 360 Video Player",3,50095570,16854779,67
613390,"DUNGEONS OF CHAOS",3,251543611,95972391,62
613730,"Need For Drink",3,4308126016,1874339292,57
613830,"CHRONO TRIGGER®",3,864134161,851996686,2
613900,"Museum of Other Realities",3,4354494132,3018237877,31
614570,"Dishonored®: Death of the Outsider™",3,26024143776,24504786901,6
614630,"Tiny Rails",2,485817018,121157091,76
614890,"Cuit",3,68104528,44144236,36
614950,"Shootout on Cash Island",3,144440486,55951287,62
614960,"NEONomicon",3,85129864,29903566,65
615120,"COMPOUND",3,382801871,195302192,49
615610,"Orbt XL",3,108252835,63893862,41
615680,"Vagrant Hearts Zero",3,94919091,89267139,6
615690,"Inferno",3,231823799,226192957,3
615700,"A Plunge into Darkness",3,274561878,267936122,3
615960,"COMPOUND Demo",3,245465139,103393776,58
616560,"Ultimate Epic Battle Simulator",3,6717930599,3446877501,49
616620,"Forest Fortress",2,1815547135,374706098,80
617290,"Remnant: From the Ashes",3,37643518345,37284678389,1
617480,"Tower of Time",1,11554895101,6965276908,40
617610,"Japanese Women - Animated Jigsaws",3,334312303,149203754,56
617670,"Zup! S",3,18291529,15765951,14
617700,"Weed Shop 2",3,1673415630,688080318,59
617710,"Cannons-Defenders: Steam Edition",3,145028377,29601146,80
617830,"SUPERHOT VR",3,2113363041,765778173,64
617980,"Summer In Trigue",2,313441783,221612657,30
618710,"Elminage ORIGINAL - Priestess of Darkness and The Ring of the Gods",3,1498267576,384549016,75
618720,"1bitHeart",2,140853000,131590312,7
618740,"Beat Hazard 2",1,583550506,433676207,26
618970,"Outcast - Second Contact",3,8929091997,6171496697,31
619150,"while True: learn()",3,876940441,150709134,83
619340,"EGOS - Tales of Fallen Souls",3,3592133942,1856110587,49
619390,"Oddworld: Soulstorm Enhanced Edition",3,21873998173,13164537580,40
619500,"cyubeVR",2,15876994861,9025976433,44
619540,"Darkwater",2,6599241120,3512714712,47
619550,"Vision",2,622997596,293471018,53
619700,"Steel Rats™",2,5513827392,5455920811,2
619740,"The Inevitability",3,1049996757,757686067,28
619780,"The Swords of Ditto: Mormo's Curse",0,1227589907,840007833,32
619820,"Heroes of Hammerwatch II",0,296432166,259913585,13
619910,"Just Cause™ 3: Multiplayer Mod",3,182298049,70523355,62
620080,"A Clockwork Ley-Line: The Borderline of Dusk",2,2075572631,1520209202,27
620210,"Fatal Twelve",2,5305944158,2749672316,49
620590,"Ancestors Legacy",1,23220153456,16498555529,29
620980,"Beat Saber",1,2071677665,1736255253,17
621000,"异常 | Exception",3,87357868,61507589,30
621020,"Antigraviator",0,7171687182,4140988639,43
621060,"PC Building Simulator",3,26656748321,9308206077,66
621810,"Strain Tactics",2,286376899,105064158,64
621830,"WRC 7 FIA World Rally Championship",3,20359957094,18944921057,7
621930,"Attack of the Earthlings",3,3000013223,1328030198,56
621970,"Trailblazers",0,1141145089,619376870,46
622050,"Slime Rancher Demo",3,1214046660,609249212,50
622170,"Offensive Combat: Redux!",1,2971453240,1835251976,39
622220,"Fate/EXTELLA LINK",3,13479340241,13050839206,4
622440,"Pandemic: The Board Game",3,193624834,140514324,28
622590,"PUBG: Test Server",2,36136627348,35608361326,2
622630,"Bendy: Secrets of the Machine",0,1034524946,567073348,46
622650,"Bendy and the Ink Machine",3,3346501406,1224130727,64
622890,"NecroWorm",3,143099242,43699255,70
622980,"TrainClicker Idle Evolution",1,338132700,145408358,57
623070,"Delicious - Emily's Miracle of Life",3,238275052,196693886,18
623080,"planetarian HD",3,665133183,604129717,10
623090,"BAJA: Edge of Control HD",2,4418423899,4294153500,3
623340,"Stars End",2,8836816724,5318723962,40
623550,"Timen runner",3,203167623,48116913,77
623640,"Mulaka",3,2785058004,908423982,68
623940,"HIVESWAP: ACT 1",3,5529593316,2058184633,63
623990,"Tom Clancy's Rainbow Six Siege - Test Server",0,59169069393,56249070882,5
624270,"The Painscreek Killings",2,8335651120,4080299503,52
624690,"NEXT JUMP: Shmup Tactics",3,150598202,137019809,10
624890,"Adventure Craft",2,1299959875,403053720,69
624970,"Battlezone: Combat Commander",3,7871923349,3783866558,52
625340,"XERA: Survival",0,44698975335,29666096820,34
625960,"Stoneshard",2,455953813,315975724,31
625980,"Yomawari: Midnight Shadows",1,2376053524,1571396508,34
626510,"LoveKami -Useless Goddess-",0,1321680409,1304886204,2
626600,"Lost Dimension",2,1112565609,1085956096,3
626610,"TT Isle of Man: Ride on the Edge",3,19317612719,16865587139,13
626680,"Kreedz Climbing",3,7742949074,3298035427,58
626690,"Sword Art Online: Fatal Bullet",2,32698862100,32437476800,1
627270,"Injustice™ 2",1,45422326464,44942310020,2
627410,"BlackEye",3,182206841,108814241,41
627570,"VentureVerse: Legend of Ulora",2,1041528195,519211290,51
627620,"Intelligent Design: An Evolutionary Sandbox",3,189879662,97548059,49
627690,"Idle Champions of the Forgotten Realms",3,1830007975,1617925666,12
627910,"Bubsy: The Woolies Strike Back",3,2274544207,1239951437,46
628110,"NOBUNAGA'S AMBITION: Reppuden with Power Up Kit",2,689973658,556318849,20
628200,"The Invisible Hand",3,3545998016,1049960422,71
628570,"Trivia Night",3,288470388,39511481,87
628670,"Hellpoint",1,9242881815,6333866712,32
628720,"GODS Remastered",3,802400080,615380847,24
628730,"Adolescent Santa Claus",3,53071906,35854010,33
628760,"The Adventurer - Episode 1: Beginning of the End",3,136085897,108461194,21
628800,"Super Hydorah",2,193660223,182263051,6
628950,"Nephise Begins",3,2811637445,1747891051,38
629090,"Horace",2,15413412669,12292952971,21
629430,"The Last Birdling",3,1110973475,1072290175,4
629520,"Soundpad",0,14252592,8025213,44
629540,"Alien Arena: Warriors Of Mars",3,2221019719,1123674065,50
629690,"Vaporum",3,3298137746,2052433126,38
629730,"Blade and Sorcery",0,12706692812,12294335634,4
629760,"MORDHAU",3,40254711828,23344242022,43
629770,"Tiny Echo",1,2606887695,800301045,70
629800,"MORDHAU Dedicated Server",2,15761155826,13547407175,15
629820,"Maneater",3,18817849585,18326598610,3
629840,"Caligo",3,6744043268,2952638589,57
629910,"Clicker Heroes 2",3,1769881577,1317625380,26
630030,"War Tech Fighters",1,3193864865,2022949717,37
630060,"寇莎梅特：困世迷情 Consummate:Missing World",3,584648463,467816691,20
630100,"SoulWorker",0,8784162266,8625556445,2
630310,"The Mummy Demastered",3,434746252,178309803,59
630550,"Faulty Apprentice",2,5954255113,1761187217,71
630610,"Disneyland Adventures",3,25299996279,16250979685,36
630640,"SEQUENCE STORM",1,1251990496,1143554100,9
631510,"Devil May Cry HD Collection",3,12131844457,12070703474,1
631570,"Whispers of a Machine",3,767553633,656666946,15
631770,"Pixplode",3,102947939,52406160,50
631900,"Airtone",1,2236281238,789921926,65
632000,"CrossCells",3,58237862,33089822,44
632050,"The Village",3,8386747317,6614048349,22
632300,"Hobo: Tough Life",3,10196346681,9021096606,12
632350,"Cyberdimension Neptunia: 4 Goddesses Online",3,11180127269,6277419219,44
632360,"Risk of Rain 2",2,2506509743,2221929558,12
632470,"Disco Elysium - The Final Cut",3,10347434055,9499245340,9
632730,"Base Defense",3,344578243,189253175,46
632810,"Soundpad Demo",2,17109372,8581177,50
633060,"Orwell: Ignorance is Strength",3,727023874,557074121,24
633080,"Relic Hunters Legend",2,13433540785,11511084507,15
633110,"FAST BEAT LOOP RACER GT | 環狀賽車GT",3,6245766533,3064082447,51
633230,"NARUTO TO BORUTO: SHINOBI STRIKER",0,32070341388,22134250995,31
633360,"Remothered: Tormented Fathers",3,11051908532,7726329307,31
633440,"Unit 4",1,411007847,208412224,50
633460,"Tannenberg",2,9190005466,5890547493,36
633950,"Fall of Light: Darkest Edition",3,3318993279,1663201717,50
634160,"Cattails | Become a Cat!",3,73964326,59488667,20
634230,"Project First Contact",3,5138875034,1780449923,66
635200,"Distrust: Polar Survival",3,1362416422,686219289,50
635260,"CarX Drift Racing Online",2,8150183690,5878755981,28
635320,"Last Day of June",3,3105246783,1641963928,48
635390,"Thief of Thieves",1,12810920208,6831561018,47
635730,"Dragonia",3,776965377,305287459,61
635850,"Sentience: The Android's Tale",3,484614788,391758339,20
636040,"Pixel Worlds: MMO Sandbox",1,474136588,179258464,63
636070,"Corridor Z",3,500951262,235045795,54
636100,"Tesla vs Lovecraft",3,373783176,301054946,20
636150,"Cyberhunt",3,444626498,326639686,27
636320,"Depth of Extinction",3,463470125,150687289,68
636450,"Rez Infinite",0,698312360,632128262,10
636480,"Ravenfield",3,1963196797,866671918,56
636570,"Nights of Azure 2: Bride of the New Moon",2,20310215695,15047091333,26
636970,"Tales Of Glory",1,25303576833,15152743815,41
637090,"BATTLETECH",3,36385035201,15080365418,59
637100,"Sonic Forces",2,18361589291,17728258362,4
637650,"FINAL FANTASY XV WINDOWS EDITION",0,120766606369,117082387885,4
637670,"Secret of Mana",3,8743546666,3375088043,62
637960,"ProjectM : Dream",2,952680027,901688533,6
638000,"When Ski Lifts Go Wrong",3,691921930,421327608,40
638160,"Moero Chronicle",3,7979316389,6299191384,22
638200,"Capitalism 2",3,150319040,63813953,58
638230,"Journey",3,3636184182,1755796703,52
638490,"Soldat",3,139565944,118438064,16
638510,"dotAGE",2,569550127,369816325,36
638650,"Sword Art Online Re: Hollow Fragment",3,29430815467,14936160547,50
638850,"Animallica",3,50131714621,28228102413,44
638970,"Yakuza 0",3,26535767228,23657009970,11
638990,"UNDYING - ""KINGDOM""",2,2178579580,1930357232,12
639130,"Ultrawings",0,2948300318,1379429977,54
639170,"Minecraft: Story Mode - Season Two",3,8335431002,8291940673,1
639460,"Zombie Riot",1,4730413983,1981085740,59
639650,"1982",3,16120314,12393417,24
639780,"DEEP SPACE WAIFU: FLAT JUSTICE",3,1902977280,426205372,78
639790,"DEEP SPACE WAIFU",3,2223435349,587881755,74
640020,"Chuusotsu! 1st Graduation: Time After Time Demo",0,934592976,906048282,4
640120,"Youropa",3,1123523844,661557938,42
640150,"Tale of Toast",0,3926780310,2005699575,49
640340,"Serious Sam: Tormental",2,2273718980,752479242,67
640380,"UBERMOSH Vol.5",3,413110926,361558114,13
640590,"The LEGO® NINJAGO® Movie Video Game",3,18089234392,17556240681,3
640820,"Pathfinder: Kingmaker — Enhanced Plus Edition",3,40707479023,29641720391,28
641320,"Cooking Simulator",1,9007078093,8084082305,11
641780,"The Drone Racing League Simulator",2,9587657768,5733920927,41
641960,"BOXVR",1,3106523567,1863785613,41
641990,"The Escapists 2",3,2510210785,1620014627,36
642390,"Blocksworld",0,1816553611,497453741,73
642610,"Shape of the World",1,1004484436,931616494,8
643270,"OLDTV",2,411714366,85028235,80
643700,"Super Sports Surgery",3,76113306,61033197,20
643810,"Fugl",3,4009194412,1501716424,63
643820,"ShadowSide",2,7862137962,7338669281,7
643940,"Jim is Moving Out!",3,383346810,319554785,17
643960,"Cursed Treasure 2",3,142368152,123261945,14
644290,"Memories of Mars",3,4313263238,4189751461,3
644540,"Dies irae ~Amantes amentes~",2,3533074960,3523639992,1
644560,"Mirror",2,2833093890,1283418034,55
644570,"Material Girl",3,1343218239,1277700429,5
644830,"The Surge 2",3,17768410201,14374035732,20
644870,"Fortress of Hell",3,374160398,359724346,4
644930,"They Are Billions",3,5512797311,2417982127,57
645630,"Car Mechanic Simulator 2018",3,11348895985,7536234703,34
645710,"Crazy Catman",3,307299642,222138368,28
645730,"RESONANCE OF FATE™/END OF ETERNITY™ 4K/HD EDITION",3,88408589168,77345382400,13
646200,"Dead Effect 2 VR",3,16056275812,8842865623,45
646270,"60 Parsecs!",3,1822283294,753719566,59
646290,"Tales Of Glory Demo",3,8250911905,4271243595,49
646570,"Slay the Spire",3,542087554,433847260,20
646910,"The Crew™ 2",3,58862013015,56337264768,5
647280,"Pixel Shooter",3,103231484,70862713,32
647830,"LEGO® Marvel Super Heroes 2",3,24282871107,23716698115,3
647960,"Rusted Warfare - RTS",3,473587886,221698395,54
648350,"Jurassic World Evolution",3,7896812462,7656235767,4
648390,"Marie's Room",3,1738028186,798149978,55
648410,"Colony Ship: A Post-Earth Role Playing Game",2,18365441033,10228966306,45
648580,"428: Shibuya Scramble",3,14529590090,10264842240,30
648800,"Raft",3,7375148832,2741084430,63
649950,"Ashen",3,8956460451,8799600460,2
650000,"DOOM VFR",3,17033439020,15492788897,10
650510,"ZONE OF THE ENDERS THE 2nd RUNNER : M∀RS / アヌビス ゾーン・オブ・エンダーズ : マーズ",3,11607301453,10773070101,8
650670,"Grimoire : Heralds of the Winged Exemplar (V2)",3,83463238,53026816,37
650700,"Yume Nikki",3,98230377,81255432,18
651090,"Aces High III",0,2469149695,2371477108,4
651150,"Quantum League",2,23784759945,10336455388,57
651660,"Halcyon 6: Starbase Commander (LIGHTSPEED EDITION)",3,1571966670,382505366,76
651670,"Star Renegades",3,2368431393,1947339037,18
652980,"Loading Screen Simulator",3,140935697,124381448,12
653530,"Return of the Obra Dinn",3,2161699603,889978763,59
654050,"JYDGE",3,297684748,236150939,21
654300,"Darkest Hunters",3,203566862,32584349,84
654310,"For Honor - Public Test",3,42218544928,38752796790,9
654440,"Isotiles - Isometric Puzzle Game",3,19827523,8257463,59
654880,"Dream Daddy: A Dad Dating Simulator",3,2907598655,501761448,83
655120,"Space Hero Line",3,196139531,55946324,72
655380,"Dig Dog",3,109857454,98587508,11
655460,"Hooligan Vasja: Halloween",3,49675464,48463872,3
655500,"MX Bikes",1,2095427364,2089896136,1
656350,"UnderMine",3,666147260,174710360,74
656510,"Epic Car Factory",2,56970859,37856932,34
656970,"MagiCat",2,125155448,91775240,27
657200,"Hand Simulator",3,11130554446,4714107027,58
657240,"Tracks - The Train Set Game",0,1932680710,994080275,49
657480,"Dark Skies: The Nemansk Incident",2,25506703856,13448818373,48
657590,"Grav Blazer",3,356589060,144784884,60
658140,"Sakura Sakura",0,4876427453,4415830193,10
658150,"Skeleton Boomerang",3,190138669,158180515,17
658260,"BLUE REFLECTION",3,25468338766,17533722682,32
658430,"Professor Watts Word Search: Into The Ocean",3,47831829,18637629,62
658500,"Ultra Space Battle Brawl",3,740702675,339293616,55
658620,"Wonderful Everyday Down the Rabbit-Hole",2,3916227432,3695534195,6
658700,"V-Rally 4",3,21879783611,20327137702,8
658790,"Samurai Riot Definitive Edition",3,1352376773,1120852862,18
658850,"Do Not Feed the Monkeys",3,997245686,339892023,66
658920,"Half-Life 2: VR Mod",0,4578398670,3027413183,34
659110,"Vicious Attack Llama Apocalypse",1,3095707883,1995435756,36
659190,"Sorry, James",3,277756567,162616729,42
660160,"Field of Glory II",1,4409680615,2809853815,37
660880,"b",1,383583102,298366517,23
660920,"The Warhorn",3,7696500354,7623951823,1
661130,"ChilloutVR",1,862450066,387811148,56
661430,"LineWay",3,38969396,14653222,63
661830,"Lunarsea",3,97859563,44833947,55
661920,"Claybook",2,2390031042,1025036125,58
661940,"Regular Human Basketball",3,1248284035,89987954,93
661990,"Arcana Heart 3 LOVEMAX SIXSTARS!!!!!! XTEND",2,8709088772,7204337496,18
662190,"The Secret Order 6: Bloodline",3,1504229455,1295057077,14
662960,"Mysteria ~Occult Shadows~",1,18761231494,15411662896,18
663240,"All You Can Eat",3,361519232,238018129,35
663250,"Professional Farmer: American Dream",3,4353073561,1791207434,59
663380,"Tales from Candlekeep: Tomb of Annihilation",2,1486865801,1450841326,3
663670,"Killer Queen Black",3,860541436,246601877,72
664090,"Eternity Warriors VR",3,5206282817,2845543240,46
664320,"Holy Potatoes! What the Hell?!",3,1970400316,419949572,79
664460,"Ultimate Summer",3,3748431287,1918011427,49
664630,"Tupã",3,149077134,72404992,52
664750,"Wrongworld",3,629222777,252918206,60
664850,"8-bit Adventure Anthology: Volume I",2,218268569,35979902,84
665180,"Dark Elf",2,1638885016,1634421487,1
665200,"imos VR LOFT",2,5726682640,3214304075,44
665360,"Comedy Night",3,934768990,412434219,56
665490,"The Monster Inside",2,130273378,55049888,58
666140,"My Time at Portia",3,10322615364,5579405094,46
666150,"Prehistoric Kingdom",1,12957272340,9057508493,31
666220,"CS2D",3,57422026,29722067,49
666310,"Space of Darkness",3,173821703,61377394,65
666330,"Inertia",3,1109534188,420458234,63
666570,"Infectonator 3: Apocalypse",1,264587763,135881168,49
666610,"Endless ATC",3,11295722,8329144,27
666860,"Bit Heroes Quest",3,350983730,96446698,73
667360,"Hooligan Vasja: Christmas",3,56958586,55767040,3
667530,"Drunken Wrestlers 2",1,1513514113,601242113,61
667600,"Sky Force Reloaded",3,545138131,271546300,51
667720,"Red Faction Guerrilla Re-Mars-tered",3,32524972996,31129259199,5
667810,"Next Up Hero",0,3288505053,1959676340,41
667890,"Dead Maze",3,264057989,98574781,63
667970,"VTOL VR",3,3416263131,1147279614,67
668210,"Super Fancy Pants Adventure",1,128032443,114744122,11
668350,"Higurashi When They Cry Hou - Ch.6 Tsumihoroboshi",2,2426241959,2250023543,8
668550,"8Doors: Arum's Afterlife Adventure",3,1818991938,1413751144,23
668580,"Atomic Heart",2,121001323606,75710859198,38
668590,"Omen Exitio: Plague",3,689966477,379319107,46
668630,"Tricolour Lovestory",0,6305868020,6211345242,2
668980,"Forsaken Remastered",3,407526008,398274141,3
669290,"Espire 1: VR Operative",1,12571679758,12462691404,1
669330,"Mechabellum",2,6664442676,3063226697,55
669350,"Outracer",0,751449062,405813846,46
669950,"BDSM: Big Drunk Satanic Massacre",2,6139511695,2979895853,52
670160,"D'LIRIUM",3,507458830,229241134,55
670260,"Solace Crafting",0,8889985467,5260594263,41
670290,"Real Pool 3D - Poolians",3,47371536,26639961,44
670400,"Malatzshia",3,60545058,50684142,17
670750,"0°N 0°W",3,8009540558,5552291514,31
670900,"NASCAR Heat 2",2,13203686146,12037125053,9
671160,"Slime Rancher: Original Soundtrack",3,210490579,205717504,3
671210,"FINAL FANTASY XV WINDOWS EDITION PLAYABLE DEMO",3,21060396331,20345009177,4
671390,"Metropolis: Lux Obscura",3,565275712,180466872,69
671440,"Rise of Industry",3,1959055311,878590490,56
671510,"DESOLATE",3,17835993028,10229214110,43
671610,"Warfork",3,1233154947,1000489912,19
671860,"BattleBit Remastered",3,2744546077,825083021,70
672230,"I fell from Grace",3,769024011,248009001,68
672680,"Supremacy: Call of War 1942",3,216780133,95599515,56
672870,"ScreenPlay",2,558117389,299856821,47
673000,"High Hell",3,719236168,266886601,63
673130,"AMID EVIL",0,5078817413,4938491070,3
673190,"All-Star Fruit Racing",0,3532833367,3358161538,5
673210,"Frontier Pilot Simulator",3,3652853536,2661745259,28
673260,"Starblast",2,117896989,59830351,50
673450,"Time Lock VR 1",3,1945762913,755395499,62
673610,"Airport CEO",3,4259720288,1030325308,76
673750,"Super Bunny Man",2,972692304,221138100,78
673880,"Warhammer 40,000: Mechanicus",3,11122169474,5133243697,54
673950,"Farm Together",0,1176109644,898997457,24
674020,"World War 3",3,83243199078,43147780106,49
674130,"Bare Metal",3,64405907,24360237,63
674140,"Bugsnax",3,9516470069,4944387136,49
674500,"Total Tank Simulator",2,5063573565,2880693524,44
674520,"Fight'N Rage",3,265966353,255568408,4
674750,"Yet Another Zombie Defense HD",3,345304649,199079188,43
674930,"Boyfriend Dungeon",3,2140083841,1960928850,9
674940,"Stick Fight: The Game",3,395584849,109160672,73
675010,"MudRunner",3,1480819661,1448018381,3
675260,"Batman: The Enemy Within - The Telltale Series",3,24825194191,24776262753,1
675620,"Alter Cosmos",3,3993621127,902541482,78
675650,"Tales of Blood and Sand",3,833107970,676808530,19
675730,"Katharsis",3,1966420622,833991327,58
675890,"Within a Rose",2,301148404,247931883,18
676130,"Without Within 3 (初衷)",3,730109861,671547856,9
676820,"Subsurface Circular",3,485907472,119545923,76
676840,"Contagion VR: Outbreak",2,23543112481,14013566323,41
677020,"Eventide 3: Legacy of Legends",3,1395836961,1259381567,10
677120,"Heroes of Hammerwatch",3,310654585,274176771,12
677160,"We Were Here Too",3,4233286274,1733603328,60
677280,"Sigi - A Fart for Melusina",2,116087337,42800768,64
677340,"The Colonists",2,889245079,433743028,52
677610,"Penn & Teller VR: Frankly Unfair, Unkind, Unnecessary, & Underhanded",3,4885372730,2156838415,56
677620,"Splitgate",2,16447350295,16292524120,1
678520,"Gal*Gun VR",3,2113118089,891983962,58
678800,"SAS: Zombie Assault 4",3,232747994,220594975,6
678850,"Uurnog Uurnlimited",3,133159448,76752692,43
678900,"Farmer's Dynasty - Final Harvest Edition",3,9507329835,7600828902,21
678950,"DRAGON BALL FighterZ",3,6906448264,6508075333,6
678960,"CODE VEIN",3,37451426431,36718523368,2
678970,"Modern Tales: Age of Invention",3,1897386498,1688528990,12
679110,"Werewolf: The Apocalypse - Earthblood",2,10680571900,10547998728,2
679530,"Professor Watts Memory Match: Shapes And Colors",3,44985364,17056576,63
679820,"Solitaire Mystery: Stolen Power",3,302753276,266704578,12
679900,"Swords & Souls: Neverseen",3,1254626844,147030403,89
679990,"Half-Life: C.A.G.E.D.",3,353120610,205541882,42
680360,"Regions Of Ruin",2,729260557,173798288,77
680380,"Night Call",3,1373866797,682833837,51
680420,"OUTRIDERS",3,66124503444,65436931870,2
681110,"Eagle Island Twist",2,997869033,388888838,62
681240,"Dujanah",3,1025595984,941325960,9
681280,"Descenders",3,15151970800,7228845849,53
681330,"Helium Rain",3,4197299558,1396709701,67
681740,"Liberator TD",3,1313852383,513363129,61
681980,"Lycah",3,53635080,53321440,1
682080,"Pato Box",0,1078441739,578016129,47
682570,"SG/ZH: School Girl/Zombie Hunter",3,2877087138,1467011568,50
682590,"Dungeon Marathon",3,111401650,63821058,43
682990,"Drug Dealer Simulator",2,11016705868,10945801231,1
683320,"GRIS",3,3490694903,1212754857,66
683830,"Weable",3,110149314,68734976,38
683880,"VR Robotics Simulator",3,7932721204,2473737504,69
683900,"RollerCoaster Tycoon® Classic",3,371207121,263330726,30
684210,"7",3,29181467,22323765,24
684270,"Silicon Zeroes",3,122950850,106254632,14
684380,"MermaidVR Video Player",2,384603662,182017315,53
684410,"Bridge Constructor Portal",3,221734241,98894213,56
684450,"Surviving the Aftermath",1,3356739471,2221557546,34
684620,"JetX VR",3,1685257612,1505368204,11
684680,"Polygoneer",3,305634900,222901640,28
684690,"Grid Cartographer",3,96732110,41682355,57
684700,"Celestian Tales: Realms Beyond",2,4255734648,1483882379,66
684870,"Spiral Splatter",2,107476528,39885182,63
685240,"Paradiddle",2,3124391851,2937025569,6
685750,"The soldier in the mine",3,33200183,14294734,57
686010,"The Hunt - Rebuilt",3,1096646374,970571878,12
686060,"Mewgenics",3,4993551715,4508334763,10
686180,"Cat Girl",2,380540271,345612288,10
686190,"Killing Time",1,1405511621,1403140243,1
686200,"Door Kickers: Action Squad",3,65895259,49765319,25
686260,"Forged Battalion",3,1570290022,1046630264,34
686550,"Trivia Vault: Mixed Trivia",3,136817444,34065026,76
686680,"Computer Tycoon",2,675772018,544830907,20
686720,"SaGa SCARLET GRACE: AMBITIONS™",2,3068233468,2868329999,7
686760,"Carpe Diem: Reboot",2,398076234,314536567,21
686810,"Hell Let Loose",2,44603269391,27352891616,39
687260,"Tokyo Dark",2,800089671,697906508,13
687480,"Trivia Vault: Science & History Trivia",3,132951388,31827657,77
687490,"Trivia Vault: Super Heroes Trivia",3,135535407,33643145,76
687760,"Occultus - Mediterranean Cabal",3,3999607830,1154933152,72
687830,"Transparent Black",3,47874345,34304949,29
687870,"CINEVR",3,543143520,181832140,67
687920,"Tropical Liquor",3,3164960336,2889190117,9
688130,"Pogostuck: Rage With Your Friends",3,1016680395,916404723,10
688420,"Bad North: Jotunn Edition",3,229444423,177909138,23
689090,"Microtransaction Simulator",3,73998481,24421460,67
689180,"Trivia Vault: 1980's Trivia",3,135393436,33692290,76
689900,"Darkestville Castle",3,1850705745,595148977,68
689910,"Another Lost Phone: Laura's Story",3,317635904,259777024,19
690040,"SUPERHOT: MIND CONTROL DELETE",3,2675453910,1355998373,50
690140,"Sword Legacy: Omen",0,2014789291,877254743,57
690240,"Trivia Vault: Classic Rock Trivia",3,135275699,33626761,76
690620,"Downward Spiral: Horus Station",3,9599673775,5480937763,43
690640,"Trine 4: The Nightmare Prince",3,17403161833,17001210299,3
690790,"DiRT Rally 2.0",1,110873479981,110853287515,1
690810,"Killing Floor: Incursion",3,11438082747,6102302949,47
690830,"Foundation",2,4819891471,2953751838,39
691260,"POPULATION: ONE",3,14987832109,6920514915,54
691280,"SINNER: Sacrifice for Redemption",3,14028995580,7191289805,49
691450,"Misao - 2024 HD Remaster",3,67509610,53733402,21
691690,"Ash of Gods: Redemption",3,3506608791,2892055719,18
691730,"FPV Drone Simulator",3,763870625,198743934,74
691830,"Avernum 3: Ruined World",1,284871993,255892786,11
692690,"Dance Collider",2,2480102976,984193356,61
692840,"Underworld Ascendant",3,15471364844,8381924807,46
692850,"Bloodstained: Ritual of the Night",2,11567249684,9820535769,16
692890,"Roboquest",2,4321209675,4115419199,5
693880,"Trivia Vault: 1980's Trivia 2",3,132953999,31827652,77
693890,"Trivia Vault: Classic Rock Trivia 2",3,135557157,33647243,76
694060,"Ignis Universia: Eternal Sisters Saga DX",3,109271145,43034803,61
694070,"BadLands RoadTrip",0,707295169,450012320,37
694280,"Zombie Army 4: Dead War",2,72894064840,59605923461,19
694370,"Space Pilgrim Academy: Year 1",3,802976728,679840167,16
694500,"Army Men RTS",3,307362869,208664889,33
695970,"Treadnauts",0,1013153207,362608385,65
696150,"Electro Ride: The Neon Racing",0,2144599146,1897273458,12
696170,"SENRAN KAGURA Peach Beach Splash",3,23131397644,10025782368,57
696180,"Bullet Witch",3,4265441724,3668394928,14
696360,"Chinese Paladin：Sword and Fairy 6",3,21908597464,15763405336,29
696370,"BROKE PROTOCOL",3,779451086,235860474,70
696560,"Bouncing Duck Simulator",2,122241636,36009211,71
696710,"The Surprising Adventures of Munchausen",3,463738013,436335293,6
697650,"The 25th Ward: The Silver Case",0,6791189254,3079361257,55
697900,"Bounty Below",3,239430927,60531617,75
698500,"Guppy",3,21164547,21095252,1
698640,"Deep Sky Derelicts",2,1486234178,1333850603,11
698670,"Scorn",2,30974071618,20284073360,35
698770,"Watch Me Jump",3,54375329,45136356,17
698780,"Doki Doki Literature Club!",2,300322679,248588915,18
699130,"World War Z",2,67410804118,54734023439,19
699170,"Fell Seal: Arbiter's Mark",0,1578455804,1394868630,12
699180,"Human-powered spacecraft",3,224329236,123621376,45
699330,"The Iron Oath",1,1754531126,629169671,65
699590,"Trivia Vault: Science & History Trivia 2",3,135316234,33630864,76
699600,"PEG",3,170894661,31018102,82
699670,"Feudal Alloy",3,343123455,234816616,32
699920,"Despotism 3k",3,272902925,120864943,56
699950,"Crap Attack",2,242186502,183749371,25
700330,"SCP: Secret Laboratory",3,7025549523,3167279133,55
700480,"Microsoft Allegiance",3,1908715771,581303889,70
700580,"Rust - Staging Branch",0,25105207650,18350239167,27
700600,"Evil Genius 2: World Domination",3,20603876123,11407509035,45
701080,"Supersonic Tank Cats",3,2254830809,385570258,83
701160,"Kingdom Two Crowns",3,2417171256,1554896957,36
701470,"TTV2",3,210503523,197185634,7
701910,"Dawn of a Soul",2,124905497,48445240,62
702050,"The Song of Saya",3,628881214,622576908,2
702110,"THE LAST BLADE 2",2,203449550,162811540,20
702120,"THE KING OF FIGHTERS '97 GLOBAL MATCH",3,271423993,234562840,14
702150,"Project Mercury",3,21180423,19935232,6
702210,"Princess Serena ~Raid of Demon Legion~",1,1268191202,1246048136,2
702670,"Donut County",3,325371554,173769243,47
702680,"Wattam",2,4203971217,3297002206,22
702700,"Super Bomberman R",3,6359084207,6120927469,4
702810,"Shooty Skies",3,301197784,89638985,71
702890,"BlazBlue: Cross Tag Battle",3,25976939487,20220971784,23
703080,"Planet Zoo",0,17937352802,17769361976,1
703180,"Ben 10",1,2642384462,1435240116,46
703310,"Hidden & Dangerous: Action Pack",3,1321982569,926441665,30
703510,"Wooden Battles",2,357831943,154865449,57
703530,"Grav Blazer Squared",3,465423016,150486524,68
703600,"ASTRAL",3,254350757,177657406,31
703700,"Our End of the World",2,1107757877,1053788860,5
703860,"GRID (2019)",3,82849606039,67226759857,19
703880,"Swords and Soldiers 2 Shawarmageddon",2,1237769552,688578265,45
704200,"The Chronicles of Nyanya",3,491452178,387476213,22
704270,"Generation Zero®",3,65950032464,45845085832,31
704360,"SACRALITH : The Archer`s Tale",3,11357603769,7022820882,39
704450,"Neverwinter Nights: Enhanced Edition",3,10501121204,6681025367,37
704470,"VR Furballs - Demolition",3,1048430662,387745497,64
704510,"Mercury Fallen",2,685705831,299996832,57
704850,"Thief Simulator",3,12025245424,5588965449,54
704920,"Magic Rampage",3,193786894,140806360,28
705020,"Bottom of the 9th",2,277456005,229714476,18
705040,"HAWKEN REBORN",3,13639938360,13459393322,2
705090,"Trivia Vault: Super Heroes Trivia 2",3,135574925,33647243,76
705210,"Cube Racer",3,934215224,231347424,76
705280,"Hakoniwa Explorer Plus",3,209684226,195786930,7
705740,"Car Demolition Clicker",3,2634723559,1208750162,55
705750,"American Patriots: Boston Tea Party",3,251954311,60432266,77
706020,"Fade to Silence",3,11878849771,11342003186,5
706320,"Trivia Vault: Mini Mixed Trivia",3,135877473,33655431,76
706330,"Trivia Vault: Mini Mixed Trivia 2",3,135951903,33659529,76
706990,"BLOCKPOST LEGACY",3,69336509,25393676,64
707010,"Will To Live Online",3,31679354867,31396879975,1
707030,"POSTAL 4: No Regerts",1,16779244066,15890317826,6
707060,"Beast Quest",3,5227547521,2979709060,43
707300,"Hatsune Miku VR",0,2662847725,1636784883,39
708150,"Lost Artifacts - Ancient Tribe Survival",3,280240443,97150364,66
709440,"Override",1,8374146010,6785738232,19
709820,"Wasted Pizza",1,316408894,174276755,45
709920,"Tametsi",0,212261659,134709598,37
710030,"Cinderella Escape 2 Revenge",2,2463858204,1244126902,50
710110,"Trivia Vault: Mini Mixed Trivia 3",3,136020803,33684105,76
710120,"Trivia Vault: Mini Mixed Trivia 4",3,135961323,33620745,76
710470,"Little Witch Academia: Chamber of Time",3,11546753762,8597762696,26
710780,"Sky Jump",3,46651971,17152454,64
710920,"Darksiders Genesis",3,10795814353,10506497613,3
711010,"Corrupt",3,77908027,17856773,78
711130,"God of Light: Remastered",2,609614447,340264832,45
711540,"Lonely Mountains: Downhill",3,868265515,695085727,20
711660,"CHUCHEL",3,743744609,694680920,7
711810,"Never Split the Party",3,653207886,190956244,71
711930,"Square Head Zombies - FPS Game",3,906941129,200583721,78
712050,"Otaku's Fantasy",2,553751474,243097379,57
712100,"A Total War Saga: THRONES OF BRITANNIA",3,13373574156,7440115562,45
712180,"Mugsters",3,562915927,208075698,64
712190,"Genesis Alpha One Deluxe Edition",3,9213150931,6058469331,35
712240,"Sneaky Bears",3,3336241274,1341048108,60
712730,"SIMULACRA",3,568355938,523148700,8
713320,"Google Spotlight Stories: Sonaria",2,398816946,193582521,52
713530,"ARMORED KITTEN",3,146522480,100378745,32
713650,"Sevgilim Olur musun ?",3,80692695,57868541,29
713680,"Ablepsia",3,114205620,51073024,56
714010,"Aimlabs",2,14131415209,8336534580,42
714030,"StudyX - Save Game Codes & Study Any Subject",3,207654432,98570634,53
714070,"Entropy : Zero",3,9087165958,5213142627,43
714120,"Little Misfortune",3,6510214930,2183855968,67
714210,"Zula Türkiye",1,10208689165,9762309384,5
714240,"SWARMRIDER OMEGA",3,133076729,122626146,8
714800,"Maitetsu",0,3532374728,3214466965,9
715010,"Diamo XL",3,98814593,54545385,45
715240,"Claws & Feathers 3",3,352010920,114620352,68
715380,"Those Who Remain",2,12673275348,7365701496,42
715400,"Frozen Flame",2,12217899806,11953938451,3
715510,"Run Zeus Run",3,83235555,45881574,45
715560,"Eastshade",3,2028401951,1166309841,43
715670,"DashPanel",3,274544347,59428598,79
715690,"Putrefaction 2: Rumble in the hometown",3,2055934313,963381163,54
715840,"PooSky",3,77562864,65640116,16
716340,"Blackberry Honey",2,910550531,767233518,16
716490,"EXAPUNKS",3,665755663,537535834,20
716500,"Eliza",3,1848131050,938764553,50
716640,"Sigma Theory: Global Cold War",3,3151355358,1257328386,61
716770,"Exorder",3,1788345734,740903457,59
717330,"Halloween Pumpkin Story",3,91869179,65859419,29
717610,"A Case of Distrust",3,1402150574,175462199,88
717640,"Reigns: Her Majesty",3,184251899,135116640,27
718020,"GRAL",0,17383969742,7752387073,56
718330,"Cubic",3,93800358,53083347,44
718560,"Scythe: Digital Edition",3,688008799,360714364,48
718590,"Dark Devotion",3,1032246552,876095915,16
718650,"Driftland: The Magic Revival",3,2637313488,2527572077,5
718670,"Cultist Simulator",3,724896816,315685931,57
718740,"Chop Chop Princess!",3,483584963,98172741,80
718850,"Age of Wonders: Planetfall",3,17159565757,7614856466,56
719040,"Wasteland 3",1,22121681482,16635376551,25
719080,"Fart Simulator 2018",2,287732948,193841969,33
719750,"PUSS!",0,666717188,430301136,36
719800,"Last Encounter",1,1221230205,622524214,50
719890,"Beasts of Bermuda",1,21554437910,21269216774,2
719950,"Windows Mixed Reality for SteamVR",2,9287014,5153406,45
720250,"Welcome to the Game II",2,2900202581,1464536756,50
720280,"Fox Hime",0,1691863093,1395292655,18
720560,"Vigil: The Longest Night",3,3115728536,2783539294,11
720620,"TaleSpire",0,3189563736,3067767206,4
720660,"Overloop",2,923691316,272599916,71
720670,"Cats Make You Smarter!",3,93383304,75360795,20
720940,"Horns of Fear",3,487762566,358232560,27
721090,"SKYBOX VR Video Player",3,1108882481,615824341,45
722010,"B A S E M E N T",3,3524612317,1848499479,48
722060,"Dominions 5 - Warriors of the Faith",0,621277616,395844267,37
722230,"L.A. Noire: The VR Case Files",3,17158884762,15149116159,12
722560,"RAD",1,6416694860,6362067321,1
722730,"Cogmind",3,71819131,60972699,16
722870,"The Mind of Marlo",2,184126875,122578746,34
722960,"CASE 2: Animatronics Survival",2,6841756147,6709807609,2
723090,"Meltys Quest",2,1393177883,1287216788,8
723100,"Orbital Racer",3,9347266046,3040786341,68
723390,"Hunt Down The Freeman",2,37857998186,27847766191,27
723760,"Steamburg",3,2619746085,615439704,77
723890,"Don't Make Love",3,496837208,329085242,34
724300,"Roof Rage",2,206688136,178231052,14
725270,"Necrobarista",2,4395091824,3873648652,12
725480,"Slap City",1,2367791123,1287000895,46
725780,"Play With Me: Escape Room",3,792376151,647500392,19
726070,"Hidden Object - Sweet Home",3,80812398,39151490,52
726720,"Marble Run",3,306150105,80075514,74
726830,"Vacation Simulator",3,3244136434,1555942417,53
727130,"Between the Stars",3,3453544424,1916288560,45
727510,"Void Memory",2,225160214,164900962,27
727640,"ШП - ShP",3,378880,184320,52
727830,"Reformers",3,1201509877,1182021613,2
727850,"ELDERBORN",3,5436461640,2934615147,47
728240,"Adventure Time: Pirates of the Enchiridion",3,1844270234,767111266,59
728530,"SD GUNDAM G GENERATION CROSS RAYS",2,50951090255,47107877238,8
728730,"Holyday City: Reloaded",0,88134561,53659868,40
728740,"Sniper Elite V2 Remastered",3,13851310737,11522345289,17
728880,"Overcooked! 2",3,8507033466,7082470101,17
729000,"Wytchwood",3,3040007752,990187646,68
729040,"Borderlands Game of the Year Enhanced",3,20013825290,17194969003,15
729460,"Distant Space 2",3,139756544,139681792,1
729660,"Blackout Z: Slaughterhouse Edition",3,16916933,12443745,27
729720,"Zomborg",3,2359588568,729602626,70
730220,"Trivia Vault: Video Game Trivia Deluxe",3,136497186,33907464,76
730310,"DYNASTY WARRIORS 9",3,57312533420,51892984318,10
730390,"Raji: An Ancient Epic",3,6443078041,6295924950,3
730620,"Hammer 2",3,167537677,42286891,75
730820,"The Curse of Monkey Island",3,1100443982,907395297,18
730830,"Escape from Monkey Island™",3,1193943737,1158995615,3
731040,"The Invincible",3,41656949752,19955363009,53
731490,"Crash Bandicoot™ N. Sane Trilogy",3,31201527727,30297218480,3
731720,"DOOMED",3,1574950989,887344863,44
732230,"LuxVR",3,84648658,25872179,70
732240,"SpaceBourne",3,14453261249,6019900260,59
732370,"Juicy Realm",3,279524015,216721092,23
732430,"Superflight",3,136293177,38586132,72
732690,"FIVE NIGHTS AT FREDDY'S: HELP WANTED",2,19844865602,10285242574,49
732730,"War Trigger 2",3,795562103,606749066,24
732810,"Slipstream",3,188401909,165795995,12
733050,"Lines Infinite",3,191855774,61656403,68
733070,"Sudoku Universe / 数独宇宙",3,233184330,96968328,59
733210,"Neversong",3,3321195458,989793820,71
733340,"Hakuoki: Edo Blossoms",0,19356007202,16592427562,15
733740,"Sakura Cupid",0,354602446,286236059,20
733790,"Not Tonight",3,4179029199,927230468,78
733990,"I Can't Believe It's Not Gambling",3,267477969,68662676,75
734750,"PickCrafter",3,283508120,86321994,70
734910,"Eternal Hour: Golden Hour",3,702141064,632172810,10
735280,"EMERGENCY 20",3,16559675464,9547729516,43
735570,"Project Rhombus",3,125626656,125489152,1
735580,"11-11 Memories Retold",3,7141952362,4483075305,38
736190,"Chinese Parents",2,548818737,406985365,26
736220,"Squad 44",3,77668889601,37868506342,52
736260,"Baba Is You",3,111226033,92372040,17
736590,"Operation: Harsh Doorstop",1,33408290056,19728845632,41
736820,"Knights of Honor II: Sovereign",3,13874909980,8356304925,40
736850,"We. The Revolution",3,3834610448,2072471916,46
737520,"Flynn: Son of Crimson",1,328194573,279112212,15
737800,"F1 2018",3,40711279100,32615678284,20
738060,"Freddy Fazbear's Pizzeria Simulator",3,308254063,305057792,2
738470,"God Of Thunder",3,6976180,3809488,46
738520,"Breathedge",3,7760467372,7011620108,10
738540,"Tales of Vesperia: Definitive Edition",3,25787679935,23434159352,10
738550,"Spike Volleyball",1,5513894625,5418367999,2
738600,"Odyssey: The Deep Space Expedition",3,1273531214,678897821,47
738920,"Sexy Serial Killer",3,3627124175,1668355777,55
739080,"9 Monkeys of Shaolin",3,7127448625,3573933375,50
739190,"AntVentor",3,1823098495,1031104286,44
739630,"Phasmophobia",3,32492346736,14450466105,56
739650,"Drake Hollow",3,6708475725,2852431854,58
740080,"Deadly Days",3,588352346,175156347,71
740130,"Tales of ARISE",2,47741994925,47088883337,2
740240,"Snake Eyes Dungeon",3,12613802,8117820,36
740250,"Neos VR",3,1130435453,742110814,35
740290,"Irony Of Nightmare",3,1222202316,499083425,60
740410,"Puzzle Chambers",3,571684881,101613172,83
740810,"Pleasure Puzzle:Workshop 趣拼拼：拼图工坊",3,305968338,273083885,11
741250,"The Sand Man",2,70247817,60465158,14
741260,"Mobile Empire",3,926322979,218278812,77
741430,"Titanic VR",3,13948949111,7673227602,45
741510,"The Hong Kong Massacre",3,5653990844,2684304177,53
741520,"Professor Lupo and his Horrible Pets",2,2912934118,1469026091,50
741820,"Prey: Typhon Hunter",2,8488721051,6604898163,23
742120,"DRAGON QUEST® XI: Echoes of an Elusive Age™",0,32462355604,31659812137,3
742230,"A Day For A Kitten",3,1420942053,415128951,71
742300,"Mega Man 11",2,2223644826,2208066809,1
742420,"Saints Row",3,63915464678,57623242432,10
742480,"The Big Journey",3,672040251,87394467,87
742490,"Nonogram - The Greatest Painter",3,124339144,73132514,42
742540,"Keep Rollin!",3,40880021,14423283,65
743390,"DISTRAINT 2",3,332826725,223055872,33
743450,"Monster Prom",2,3050412976,1258246228,59
743890,"Mega Man X Legacy Collection",3,4728761250,4662032610,2
743900,"Mega Man X Legacy Collection 2",3,6856794398,6706565608,3
744050,"Space Invaders Extreme",0,623788833,508194083,19
744060,"Groove Coaster",3,536806521,517886280,4
744190,"Rusty Lake Paradise",2,115070702,102331022,12
744800,"Banyu Lintar Angin - Little Storm -",3,552681608,460141803,17
744810,"A Raven Monologue",3,480431004,384280753,21
744900,"Dead Frontier 2",3,9976448890,4743598589,53
745330,"StrikeForce Kitty",3,519369779,117344739,78
745740,"Reflex",3,42394991,14401937,67
745760,"Perceptions of the Dead",3,467895070,385190263,18
745880,"東方天空璋 ～ Hidden Star in Four Seasons.",3,467519972,451254035,4
745920,"Temtem",3,14139768121,10241029610,28
745960,"A Sky Full of Stars 仰望夜空的星辰",3,6655927693,6315465145,6
746560,"Gadgeteer",2,3466194909,821838256,77
746580,"HARDCORE MECHA",1,7338132356,3413580274,54
746710,"Cypher",3,276621586,176668622,37
746840,"Chronicles of Magic: Divided Kingdoms",3,1594563537,1426953103,11
746850,"Cloudpunk",1,9953550107,6196035515,38
746940,"Nippon Marathon",3,3104996793,1121927507,64
747200,"Keplerth",3,1611762265,431221403,74
747250,"Half-Life 2: Year Long Alarm",0,6761965833,4794868778,30
747310,"Hyper Knights: Battles",3,654113195,109656965,84
747340,"Unforgiving - A Northern Hymn",3,3823094398,2086973697,46
747350,"Hellblade: Senua's Sacrifice VR Edition",3,24797822393,16488513469,34
747360,"Gray Dawn",3,5844511263,5736629752,2
747610,"Zula Global",3,17127037398,15392145683,11
747660,"Five Nights at Freddy's: Security Breach",1,72078000554,53091448903,27
747910,"Disassembly 3D",3,2954323534,1033429689,66
748300,"Treasure Hunter Simulator",3,10747020742,10641808829,1
748360,"MY HERO ONE'S JUSTICE",1,11988825165,4630225610,62
748480,"Wild Romance: Mofu Mofu Edition",1,1194874693,975023058,19
748490,"The Legend of Heroes: Trails of Cold Steel II",3,21752017531,15685833730,28
748610,"Airport Madness 3D: Volume 2",3,719466556,238743090,67
748970,"Zen Chess: Mate in One",3,107296436,43545117,60
749410,"Season's Beatings",3,1825311682,590645048,68
749800,"PixelJunk™ Monsters 2",2,3182177079,2902587487,9
749820,"Villages™",3,424828384,335334201,22
749840,"The Boogie Man",2,164783456,157016070,5
749860,"Super Sportmatchen",3,35285439,26230790,26
749890,"The Hanged Man",2,133792045,126681094,6
750010,"Combat Tested",3,3751396264,1717798908,55
750050,"Diesel Brothers: Truck Building Simulator",2,25172347103,18340079071,28
750130,"The Sinking City Remastered",2,34123588264,30010701184,13
750350,"Google Spotlight Stories: Piggy",2,415778482,243132142,42
750360,"Google Spotlight Stories: On Ice",2,706141897,306468244,57
750920,"Shadow of the Tomb Raider: Definitive Edition",0,37709951877,36613724492,3
751440,"VR Kanojo / VRカノジョ",2,2323322595,1323473495,44
751500,"TINY METAL",3,1093417198,425755464,62
751630,"After the Fall®",1,39102192021,24596369125,38
751780,"Forager",3,160372451,118571337,27
751820,"Black Future '88",3,1573304714,1016819971,36
751980,"Box Cats Puzzle",3,653376032,110143825,84
752050,"Virtual Reality Girls",3,717997587,221479621,70
752380,"TERRORHYTHM (TRRT) - Rhythm driven action beat 'em up!",3,1794948453,226857528,88
752470,"CINERIS SOMNIA",1,3184257145,2018898033,37
752480,"Sniper Elite VR",3,14876976307,7959375630,47
752590,"A Plague Tale: Innocence",3,44611560254,36578836855,19
752600,"Dual Snake",3,63317644,57669638,9
752900,"Prehistoric Hunt",0,5600798121,3645843445,35
752910,"Cookies vs. Claus",2,568106675,243144672,58
753230,"STAY",3,713814624,210938625,71
753420,"Dungreed",3,512263556,199034119,62
753590,"Hellbound",3,19634230883,8610651872,57
753640,"Outer Wilds",3,11654732723,4940819425,58
753650,"Due Process",1,9145338563,7534045298,18
753660,"AtmaSphere",3,1517365018,694861140,55
754520,"Animals Memory",3,37008410,13401025,64
754530,"IL-2 Sturmovik: Cliffs of Dover Blitz Edition",3,17350721869,15120315576,13
754890,"Firmament",3,11800680683,11450865294,3
755470,"The World Next Door",0,2703885850,1327426478,51
755500,"ONE PIECE World Seeker",3,25827278895,24061224512,7
755540,"LIV",3,496589595,188610944,63
755980,"DEPLOYMENT",3,255282260,111940839,57
756530,"TOKYO GHOUL:re [CALL to EXIST]",1,11216100356,8267014144,27
756560,"Robot Warriors",3,517274115,207102547,60
756590,"Atelier Lydie & Suelle ~The Alchemists and the Mysterious Paintings~",0,23334888841,14980990120,36
756800,"Contraband Police",0,11492422710,8917209275,23
757210,"EMERGENCY 4 Deluxe",0,4212083912,3273900851,23
757300,"Truberbrook / Trüberbrook",3,5464427451,2237971780,60
757310,"Sable",3,2268672111,2007106861,12
757320,"Atomicrops",3,1614442431,389636446,76
757480,"Broken Reality",3,2523225759,1591505738,37
758190,"Dragon Cliff",3,773230218,167657303,79
758330,"Shenmue I & II",3,12667994763,6866476582,46
758530,"Sprout",3,70865431,25162632,65
758690,"Occupy Mars: The Game",3,12703391536,7314690395,43
758730,"Paw Patrol: On A Roll!",2,1243191252,662112802,47
758870,"Kynseed",3,714163381,564018658,22
758990,"Ancient Warfare 3",1,1206572746,592162981,51
759440,"Learn Japanese To Survive! Kanji Combat",3,674611232,562605593,17
759740,"RIDE 3",3,25383653466,24805340755,3
759750,"Doodle God: Alchemy Jam",3,29184655,21739729,26
760060,"Mutant Year Zero: Road to Eden",3,7930967888,7752225268,3
760160,"Vampire: The Masquerade - Bloodhunt",0,19441183211,18741431110,4
760410,"Don't Be Afraid",1,5375527091,5029870603,7
760510,"Cat Burglar: A Tail of Purrsuit",3,589290368,162870139,73
760620,"Deiland",2,1503245126,719575432,53
760650,"Hammerting",3,5843223212,1719161670,71
760810,"Retimed",3,377218362,125755731,67
760930,"Bitcoin Farm",3,97670218,66961200,32
761030,"EARTHLOCK",3,4049527597,1937795636,53
761600,"Onimusha: Warlords",1,11907706267,9271406148,23
761620,"Beholder 2",3,2778981874,1270580461,55
761830,"Mr. Prepper",3,6080250178,2522959029,59
761890,"Albion Online",2,6267556097,3089766075,51
762220,"Afterparty",1,3725146245,2294167365,39
762490,"Naked Sun",3,9344484422,3446134954,64
763250,"The Spectrum Retreat",3,6598403846,2906589311,56
763410,"Long Live Santa!",3,76003503,42895154,44
763610,"Freakshow:Anniversary",3,310747704,309288960,1
763760,"My Coloring Book: Food and Beverage",3,968430164,23530318,98
763890,"Wildermyth",1,2452609941,2224321828,10
763970,"Leisure Suit Larry 1 - In the Land of the Lounge Lizards",3,45965530,21139724,55
764180,"Cross of Auria",3,1451320335,1231390967,16
764300,"Shantae: Half-Genie Hero Ultimate Edition",3,2767207627,1942763059,30
764510,"Phantom Signal — Sci-Fi Strategy Game",3,531791210,426435040,20
764570,"Beavers Be Dammed",0,323339148,171178249,48
764790,"The Messenger",3,1699470725,331767500,81
764890,"Match Point",1,1324501479,341180118,75
765160,"Weable 2",3,105175334,53846016,49
765260,"Overhead",3,4334144988,1037238086,77
765410,"Bean Battles",3,1331204480,491798524,64
765810,"Mars Horizon",1,3104635090,1468439616,53
765840,"Leisure Suit Larry 2 - Looking For Love (In Several Wrong Places)",3,47400892,22714571,53
765850,"Leisure Suit Larry 3 - Passionate Patti in Pursuit of the Pulsating Pectorals",3,50722451,25925405,49
765860,"Leisure Suit Larry 5 - Passionate Patti Does a Little Undercover Work",3,55665039,30738787,45
765870,"Leisure Suit Larry - Wet Dreams Don't Dry",3,4573142108,1235898945,73
765880,"The Occupation",3,7149603249,7018742113,2
765890,"Leisure Suit Larry 7 - Love for Sail",3,615179580,513522624,17
765900,"Leisure Suit Larry - Magna Cum Laude Uncut and Uncensored",3,2832486080,2298379372,19
765910,"Leisure Suit Larry 6 - Shape Up Or Slip Out",3,566977822,455230128,20
766000,"Kenshō",0,228151475,176558328,23
766280,"A Light in the Dark",3,1532521598,792836045,49
766570,"Russian Fishing 4",3,43006973497,23468020777,46
767030,"Trivia Vault: Technology Trivia Deluxe",3,136461770,33895184,76
767560,"War Robots",1,4265659070,4014381693,6
767910,"Strange Night ll",3,2637692020,773134012,71
767930,"Assault Spy",3,3937332291,3818603844,4
768100,"GizmoVR Video Player",3,442487634,160948851,64
768200,"Smalland: Survive the Wilds",3,22371544698,12108795469,46
768450,"NUTS",2,1711718935,577031809,67
768520,"Red Solstice 2: Survivors",3,12331314788,5785162476,54
769110,"Barbarian Souls",3,2214592944,1234573407,45
769560,"月圆之夜 (Night of Full Moon)",0,9426578005,8603131962,9
769920,"Odysseus Kosmos and his Robot Quest: Episode 1",3,298872856,101659519,66
769970,"Bad Dream: Fever",3,380918876,330200688,14
770010,"Bacon Roll",3,896539789,123460606,87
770390,"Draugen",3,11731592807,5436232610,54
770780,"Finding Paradise Soundtrack",3,830910371,830594362,1
770810,"Good Pizza, Great Pizza - Cooking Simulator Game",3,1925027959,1883970898,3
770990,"Blade Runner 9732",2,4426902815,1623576523,64
771710,".T.E.S.T: Expected Behaviour — Sci-Fi 3D Puzzle Quest",3,2872732426,1277083578,56
771810,"The spy who shot me™",3,431448389,240383838,45
771840,"Royal Casino: Video Poker",3,94632655,18007428,81
771950,"SUMETRICK",3,60857337,27864010,55
773130,"NYAN DESTROYER",2,83436385,46603029,45
773370,"Exo One",3,3254901714,1752340506,47
773580,"Game Dev Studio",2,96566357,93193820,4
773590,"Azusa RP Online",3,15388207,6660100,57
773670,"Delete",3,101515903,17692453,83
773840,"ExoCross",0,5483746726,5222702493,5
773951,"Freeman: Guerrilla Warfare",3,10489633392,6787620953,36
774091,"Ostalgie: The Berlin Wall",2,3358479332,2525667363,25
774131,"Nostradamus - The Four Horsemen of the Apocalypse",3,1855072499,611055478,68
774161,"Steampunker",3,3431485709,1293407209,63
774171,"Muse Dash",1,3647096635,3361271579,8
774181,"Rhythm Doctor",3,972861836,398653716,60
774201,"Heaven's Vault",3,4320092624,2342741558,46
774211,"Drive Buy",0,542675106,449526227,18
774221,"Nekomew's Potty Trouble",3,287035881,131654974,55
774241,"Warhammer: Chaosbane",2,25975255687,15387616972,41
774291,"Last Man Sitting",2,6353102683,6190055376,3
774321,"STARBO - The Story of Leo Cornell",3,4888195262,2285105372,54
774351,"Citystate",3,349377258,275186413,22
774361,"Blasphemous",3,934526466,755653915,20
774411,"Temple of Xiala",1,20532567,14899558,28
774461,"The Jackbox Party Pack 5",2,2389614793,2305318548,4
774511,"Megadimension Neptunia VIIR",3,19118854519,18194607146,5
774541,"Species: Artificial Life, Real Evolution",2,1640611072,991713740,40
774801,"Crab Champions",0,1491579462,1423511454,5
774861,"Project Winter",3,2068995182,1603222636,23
774941,"Squad - Public Testing",1,58716224678,34109648075,42
775500,"SCARLET NEXUS",2,20168919612,19317871702,5
775530,"Puzzlement",3,76005235,34351330,55
775580,"ITTA",1,260678295,190256455,28
775820,"Controllers Battery Indicator",3,1507840,499712,67
775860,"Midnightland",3,3084748714,2990375311,4
775960,"The Tower of Beatrice",3,455150099,271681306,41
776490,"永远消失的幻想乡 ～ The Disappearing of Gensokyo",3,1228378542,1105776462,10
776580,"Abasralsa",2,13785721350,11667546606,16
776820,"Sit on bottle",3,51220427,15699556,70
776930,"Omnibion War",3,4264863999,4133740193,4
776960,"Mouse (Sneaking)",3,51331299,13913353,73
778230,"Mighty Gemstones",3,67573208,20395555,70
778390,"Corpse Party: Book of Shadows",3,5478832610,5398523910,2
778400,"Corpse Party: Sweet Sachiko's Hysteric Birthday Bash",2,5671758394,5636165878,1
778610,"Foto Flash",3,89989626,76152929,16
778700,"Amorous",3,469887176,447467884,5
778780,"Desktop Agents - Cov1d-999",3,100530444,42473285,58
778850,"Please close the doors",3,560045325,521771572,7
779290,"Stygian: Reign of the Old Ones",3,5003735093,1992327141,61
779340,"Total War: THREE KINGDOMS",2,57621789859,43862714171,24
779590,"Scavenger SV-4",2,353312604,343081682,3
779730,"Foosball VR",3,709134359,323071164,55
779800,"Dangerous Level",3,9952848,9781248,2
780210,"Freeways",2,18294435,17572465,4
780270,"Brimstone Brawlers - Early Access",3,7992593459,3179581253,61
780290,"Gloomhaven",0,16724037180,14604339250,13
780310,"The Riftbreaker",3,9045921306,8687483599,4
780350,"Unruly Heroes",2,3085556349,2335421778,25
780500,"Suzy Cube",3,794760081,178163808,78
780580,"Lost in the Dungeon",1,839149082,327760089,61
780800,"Ball laB",3,103056111,50515392,51
780860,"Operation: Harsh Doorstop - Singleplayer Demo",3,43286511074,20962704185,52
781130,"Creatura",0,749435164,383937882,49
781180,"Technicity",3,1607083899,627615154,61
781220,"Drakkhen",3,13976325,7013864,50
781440,"OH MY GOD, LOOK AT THIS KNIGHT",3,19149073,13020849,33
781480,"Tech Support: Error Unknown",3,498516123,215697209,57
781760,"Trivia Vault: Health Trivia Deluxe",3,136288237,33813259,76
782250,"Hush Hush - Only Your Love Can Save Them",1,1106120063,1010256714,9
782330,"DOOM Eternal",3,95640014403,91425139979,5
782690,"Gazing from beyond",0,2742064105,2455139981,11
783050,"Bear With Me - Collector's Edition",3,7195458961,2464999967,66
783710,"Virtual Desktop Dashboard",3,18080431,8315855,55
783770,"Ironsight",2,9517574878,9453561124,1
783840,"Lakeview Valley",3,894911949,231987908,75
784010,"Dragonview",3,11460104,7129107,38
784080,"MechWarrior 5: Mercenaries",1,66064138253,38431125993,42
784150,"Workers & Resources: Soviet Republic",2,9447742597,4391625795,54
785260,"Team Sonic Racing™",3,31813126632,15133436710,53
785740,"This Is the Police 2",0,4241381914,3783101994,11
785760,"Crumple Zone",0,1837472806,831630151,55
785790,"WHAT THE GOLF?",3,918543422,327302256,65
785890,"Hexologic",3,467934258,189778553,60
786580,"Gleaner Heights",3,281604854,241629684,15
787070,"Super Ledgehop: Double Laser",3,573701647,525316193,9
787400,"Fantasy Versus",0,1897112049,1024407828,47
787480,"Phoenix Wright: Ace Attorney Trilogy",0,2357381097,2309255502,3
787780,"In memory of TITAN",1,3983373300,1121126974,72
787790,"Epic Roller Coasters",2,22098593785,19539354944,12
787810,"Rogue Heroes: Ruins of Tasos",2,2128997168,347928343,84
787850,"Heroine Anthem Zero 2 : Scalescars Oath",3,15250506821,5689325333,63
787860,"Farming Simulator 19",3,12565959540,7575143146,40
788100,"Neon Abyss",3,1010137794,464829430,54
788130,"Otaku's Fantasy 2",2,2251866635,2201678779,3
788270,"Exiled Kingdoms",3,291343564,231805089,21
788420,"Potion Explosion",3,229028756,141545103,39
788630,"Gaia Beyond",2,5731677535,3960058305,31
788690,"Psychonauts in the Rhombus of Ruin",2,8248307292,4353785994,48
788770,"Meteor 60 Seconds!",3,136123038,28974914,79
788910,"Apartment of Love",2,469797144,411344263,13
788930,"Razerwire:Nanowars",3,94674188,55381659,42
789200,"S.P.I.K.E: ARENA",3,165894945,83319561,50
789760,"DEAD OR SCHOOL",3,2831239379,2578183430,9
789830,"Muv-Luv Unlimited: The Day After - Episode 03",2,1494836629,1207497542,20
790020,"Lightfield HYPER Edition",0,3128189750,1226734477,61
790060,"The Void Rains Upon Her Heart",2,211949985,185261648,13
790360,"WarriOrb",2,8445067925,4005569172,53
790540,"THE QUIET MAN™",3,42046038099,30494404950,28
790630,"BoxCat",3,203165788,128075796,37
790710,"World of Warplanes",3,51902954456,25662384173,51
790740,"Tick Tock: A Tale for Two",3,1055211735,226790707,79
790810,"Voxel Baller",3,1189324202,205801714,83
790820,"Valkyria Chronicles 4 Complete Edition",3,37606017716,35290173935,7
791180,"1 Screen Platformer",2,118396698,97178252,18
791240,"Lumote: The Mastermote Chronicles",3,1392412879,600524495,57
791330,"Fallen ~Makina and the City of Ruins~",2,693717502,596451313,15
791470,"DYO",3,520007235,455785533,13
792040,"Detective Di: The Silk Rose Murders | 狄仁杰之锦蔷薇",3,2631712190,221431390,92
792100,"7 Billion Humans",3,149706944,147501056,2
792120,"FIGHT KNIGHT",3,361101294,235137749,35
792300,"The Beast Inside",3,27182966236,15067896500,45
792650,"Super Jigsaw Puzzle",3,979995249,919782233,7
792710,"Levelhead",3,556887012,480550298,14
793240,"Merlin vs Zombies",3,187620493,21543362,89
793350,"Swarmlake",2,10626832,8936728,16
793460,"112 Operator",3,3763987838,1675982034,56
793490,"Exocraft",3,68240797,68222976,1
793940,"MOAI 5: New Generation Collector’s Edition",3,614069165,611029940,1
794260,"Outward Definitive Edition",3,47005198168,26721998960,44
794270,"Landinar: Into the Void",2,8158690152,4162746523,49
794540,"Neo Cab",3,673797767,530016638,22
794580,"SNK HEROINES Tag Team Frenzy",2,12892145692,12765247175,1
794600,"LET IT DIE",3,43670297314,35006209393,20
794740,"Patent9 - Goddess of Trust",3,918888847,860120208,7
794800,"Clue/Cluedo: Classic Edition",3,3580616487,1614367706,55
795100,"Friday the 13th: Killer Puzzle",3,364558014,106034593,71
795420,"The Darkside Detective: A Fumble in the Dark",3,1469032079,345748443,77
795510,"Koihime Enbu RyoRaiRai",2,5741870581,5450695827,6
795610,"Gift of Parthax",3,943418902,318930928,67
796790,"GLAD VALAKAS SIMULATOR",3,123495556,122433536,1
796900,"Trivia Vault: Mixed Trivia 2",3,134145470,32122571,77
796950,"The Haunting of Billy",1,95744428,46540093,52
797200,"International Space Station Tour VR",3,1216311268,690594530,44
797400,"Railroad Corporation",3,6362262706,4619521642,28
797410,"Headsnatchers",2,6827519820,2422248047,65
797710,"RPGolf",3,82846381,41105187,51
798280,"CrocoMars",3,7164416,7114752,1
798290,"MXGP PRO",3,14009707503,13642593890,3
798420,"Professional Fishing",3,11964533221,6111499913,49
798460,"Ni no Kuni Wrath of the White Witch™ Remastered",3,46561206496,27861022180,41
798490,"Othercide",2,6488300869,5831649120,11
798510,"SUPER DRAGON BALL HEROES WORLD MISSION",2,3512456917,3393123719,4
798960,"Putin takes taxes",3,107204673,75984312,30
799260,"Godly Corp",3,494737688,320323045,36
799510,"Squidlit",1,160496132,129998848,20
799600,"Cosmoteer: Starship Architect & Commander",0,1632989148,1510535336,8
799640,"Dungeon Munchies",2,2316659786,693837817,71
800240,"Ghostly Matter",3,198450738,112267264,44
800270,"Terraforming Mars",3,310553065,177043058,43
800310,"Paladin Duty - Knights and Blades",3,1645579547,759017061,54
800650,"The Last Operator",2,8604912199,4048279443,53
801290,"Diabolic",3,12262912,12193792,1
801320,"The Last Hope: Atomic Bomb - Crypto War",3,1975989031,943271522,53
801480,"Agent A: A puzzle in disguise",3,654605004,537263044,18
801500,"WannaMine",3,63821583,21083445,67
801550,"VAIL",2,16941446168,16426320073,4
801630,"UNDER NIGHT IN-BIRTH Exe:Late[cl-r]",3,22309051245,5483764201,76
801750,"Hot Shot Burn",3,1367667630,556277678,60
801800,"Atomfall",1,70218398167,59657208984,16
802040,"Captive",3,298024030,132807606,56
802450,"NAIRI: Tower of Shirin",3,1810103556,1281900237,30
802720,"Give Me Your Coins",3,1034393696,147795402,86
802730,"Mother Simulator",3,2601515836,887320366,66
802870,"The Ditzy Demons Are in Love With Me",2,6311084524,6036933879,5
802880,"Muv-Luv",2,3345677140,3265067469,3
802890,"Muv-Luv Alternative",3,5860836088,5485560653,7
802900,"Hollow Steps",3,2030406230,1966040013,4
803050,"Per Aspera",3,2254390664,1924540548,15
803330,"Destroy All Humans!",3,16815489625,16378097369,3
803600,"Disgaea 5 Complete",3,8529287782,5794187774,33
804000,"Expendable",3,468120570,369297514,22
804010,"SteamWorld Quest: Hand of Gilgamech",3,1202127123,952531740,21
804270,"Chex Quest HD",3,2904679965,2747895808,6
804490,"Creed: Rise to Glory™",3,3340199121,3150884726,6
804600,"Trivia Vault Football Trivia",3,132952344,31819461,77
804850,"Pax Nova",2,5317011734,2492272564,54
804900,"Cat's Bar",3,311775844,68062760,79
804950,"Gleaner Heights Original Soundtrack",3,453045189,422070412,7
805360,"Trivia Vault Baseball Trivia",3,132950020,31815365,77
805550,"Assetto Corsa Competizione",3,19530795373,19126762490,3
805660,"Rad Rodgers - Radical Edition",2,4582051429,4444880071,3
805870,"Do you know de way",3,50420956,18403813,64
805880,"Trivia Vault Olympics Trivia",3,132954736,31823557,77
805940,"RUSSIA BATTLEGROUNDS",3,1150248541,477396350,59
806140,"Achievements printer",3,47008614,18475052,61
806610,"Trivia Vault Basketball Trivia",3,132958562,31819463,77
806830,"Horse World",3,433436966,160918349,63
806900,"Them Bombs",2,319452155,80960729,75
806930,"Castle Secrets: Between Day and Night",3,543312055,149086775,73
807950,"Piano Cat",3,150007511,81742393,46
808080,"Ultimate Racing 2D",3,683953078,655092036,5
808880,"MiniTracks",0,5939899833,1707724403,72
808910,"STAR WARS™ Episode I Racer",3,500625309,468539452,7
809020,"ZeroRanger",2,573193226,554995306,4
809060,"REVEIL",3,29316332215,14420914798,51
809140,"Cliff Empire",3,1596647402,940521964,42
809540,"Mechs V Kaijus - Tower Defense",2,1639883097,423968762,75
809730,"FISHERY",0,1181294792,749008886,37
809880,"Degrees of Separation",2,412547038,362104652,13
809890,"Shining Resonance Refrain",3,13381788238,12101542918,10
810500,"PowerBeatsVR - VR Fitness",3,3757229956,1528252333,60
810510,"Welcome Back Daddy",3,2561648208,945197564,64
811270,"Impulsion",3,2733016817,905529864,67
811320,"Jupiter Hell",3,2074052925,2052806889,2
811870,"Verlet Swing",3,1612101123,867698391,47
812040,"Shortest Trip to Earth",3,555625771,436937040,22
812140,"Assassin's Creed® Odyssey",3,106971456298,98660992700,8
812440,"Half-Life: Absolute Zero",3,583670376,316577851,46
812550,"The King's Bird",3,5676478234,406468414,93
812560,"CROSS†CHANNEL: Steam Edition",2,1499432639,1461815044,3
812800,"Viki Spotter: School",3,383234695,37006116,91
812810,"missed messages.",3,54284762,28837263,47
813230,"ANIMAL WELL",3,34888450,31719424,10
813540,"Scheming Through The Zombie Apocalypse: The Beginning",3,1479892817,406792844,73
813630,"Supraland",3,4441076377,4330349474,3
813700,"Sakura Sadist",0,255606719,199846394,22
813780,"Age of Empires II: Definitive Edition",0,21275351352,18564220844,13
813820,"Realm Royale",1,7098706006,6283597016,12
814000,"ONE PIECE ODYSSEY",2,32592408950,32444452528,1
814360,"Mythic Ocean",3,2466907601,1082763039,57
814370,"Monster Sanctuary",2,812607627,258801263,69
814380,"Sekiro™: Shadows Die Twice - GOTY Edition",1,14961215531,14894173558,1
814400,"Battlewake",3,3656053273,3366097178,8
814540,"Changed",3,180630601,153193731,16
814680,"Unbound: Worlds Apart",1,6773600283,2304239768,66
815370,"Green Hell",3,9281349200,6871992368,26
815780,"PIPE by BMX Streets",3,718441298,638525579,12
816020,"JUMP FORCE",2,23856777652,23622341999,1
816090,"Space Hulk: Deathwing Enhanced Edition",3,31178370634,18512529207,41
816340,"Kingdom Rush Origins - Tower Defense",3,485864860,482271232,1
816380,"Crazzers",3,46227063,21193874,55
816430,"Radical Relocation",1,10416002325,5050450610,52
816490,"Hidden Paws",3,519016402,311048149,41
817130,"WWE 2K19",3,52524486253,51408886253,3
817840,"Max Gentlemen Sexy Business!",3,3806504673,546858405,86
818320,"LEGO® The Incredibles",3,15345080383,14800691203,4
818530,"8 Ball",3,559718657,131464591,77
819020,"Zanki Zero: Last Beginning",3,13462072923,11935427335,12
819030,"STEINS;GATE ELITE",1,14942392455,14737584173,2
819040,"Ashi: Lake of Light",3,151229584,67269653,56
819480,"Pizza Titan Ultra",1,2521218914,1057120577,59
819500,"Fear The Wolves",3,16221620521,8653324232,47
820020,"Alder's Blood: Definitive Edition",3,2629629535,494468718,82
820030,"Picross Fairytale - nonogram: Red Riding Hood secret",3,260186309,104065241,61
820240,"Save One More",3,304096262,129808218,58
820300,"Crypto Girl The Visual Novel",3,92384607,50487296,46
820520,"Deceive Inc.",1,8561097711,8252426249,4
820540,"Bloodroots",3,2179697709,1749890633,20
820630,"Metal Wolf Chaos XD",3,10118902369,4662206929,54
821250,"Flotsam",2,1514698248,724021592,53
821520,"Trivia Vault: Boxing Trivia",3,132953982,31823555,77
821890,"Steven Universe: Save the Light",1,5193575246,1209951113,77
822440,"You Are The Apple Of My Eye 研磨时光",2,153550821,135249920,12
822460,"Trivia Vault: Auto Racing Trivia",3,132957547,31823560,77
822540,"Escape From Tethys",3,478199771,88362993,82
822760,"Fureraba ~Friend to Lover~",2,4316847333,4109997669,5
822900,"Trivia Vault: Golf Trivia",3,132950580,31819457,77
823130,"Totally Accurate Battlegrounds",3,4724701333,1440688827,70
823340,"Round Mars",3,258097748,98072793,63
823470,"Glitchball",3,273805765,57326106,80
823500,"BONEWORKS",3,16652102012,8095218455,52
823610,"Dungeon Of Dragon Knight",2,4459367637,2977254745,34
823730,"Oscillatron: Alien Frequency",2,113349805,46437776,60
823910,"Last Evil",2,7426063082,3782772250,50
823950,"Re:Legend",3,22761351358,8298313575,64
824000,"Hokko Life",3,3551201312,1077885077,70
824270,"KovaaK's",3,7226240667,3195026492,56
824280,"Monster Jam Steel Titans",0,10416664846,9059560913,14
824460,"HELLFRONT: HONEYMOON",1,1312365037,761073231,43
824600,"HROT",3,269830633,227426304,16
824760,"Deathtrap Dungeon Trilogy",1,1104907474,1093516060,2
824830,"Corpse Party: Blood Drive",3,2778658773,1612655396,42
824880,"Charlotte",2,3796791261,1926242995,50
825310,"Dude Simulator 2",3,489900837,156297376,69
825550,"BlueberryNOVA",2,263679943,202544234,24
825630,"STEINS;GATE 0",2,8295736364,7945748352,5
826000,"Masked Forces 3",2,2981638139,1533247540,49
826030,"BrainPower",3,164919798,65616107,61
826100,"Find someone else",3,250349419,224591098,11
826180,"EONIA",3,5762798451,2354439541,60
826230,"CONCLUSE",3,645861830,433953560,33
826540,"Audio Trip",3,2105968814,1050009650,51
826600,"I am not a Monster: First Contact",3,9559050566,1169722275,88
826630,"Iron Harvest",3,32278209456,19472510786,40
826940,"Maid of Sker",3,15430039174,7424645498,52
827110,"The Three Musketeers - D'Artagnan & the 12 Jewels",3,103316232,92027144,11
828070,"Treasure Hunter Claire",1,1283018135,1253004375,3
828170,"Pivross",3,74494488,28776671,62
828440,"The Other Side Of The Screen",3,995215794,621961584,38
828550,"Trivia Vault: Hockey Trivia",3,132956686,31819459,77
828740,"Tales of the Neon Sea",1,1156821058,471367716,60
828900,"The Stillness of the Wind",1,926479586,643662317,31
828960,"Blonde Driver",3,198837897,68672718,66
829110,"LEGO® DC Super-Villains",3,18956991305,18463547395,3
829210,"AIdol: Artificial Intelligence Idol",2,592499292,528847509,11
829280,"Kaze and the Wild Masks",2,1898974290,256661624,87
829660,"No Time to Relax",3,278422896,196099503,30
829750,"Robots Attack On Vapeland",3,1181781558,513879195,57
830370,"Monster Crown",3,2075844760,546505924,74
830590,"Holy Potatoes! A Spy Story?!",3,2004161053,397490036,81
831120,"Space Pilgrim Academy: Year 2",3,851718506,728253633,15
831560,"WARRIORS OROCHI 4",3,21985720470,21606254028,2
831720,"EMMA The Story",3,376769519,231658905,39
832080,"Google Spotlight Stories: Back to the Moon",2,1390866159,808849605,42
832140,"Infernal Radiation",3,3225168620,1251552024,62
832320,"Mighty Switch Force! Collection",3,890369297,879587328,2
832580,"My Lovely Daughter Original Soundtrack",3,37218089,36467113,3
833040,"Hiveswap Friendsim",3,1433214476,1174261561,19
833150,"Hungry Fish Evolution",3,29648181,28299264,5
833360,"Star Valor",2,1781703641,838392315,53
833880,"The Unbreakable Gumball - Demo",2,959923321,270293700,72
833980,"Dave",2,649629952,199508874,70
834450,"Roarr! The Adventures of Rampage Rex",3,1655568945,518831471,69
834530,"Yakuza Kiwami",3,21764733528,19598383260,10
834740,"Circle Empires",3,1324540007,216620321,84
834910,"ATLAS",3,133444372781,59636555166,56
834920,"Operation Osama Bin Laden",3,351015611,172402479,51
835570,"Conqueror's Blade",2,83402043355,74740086615,11
835700,"Alice - Behind the Mirror",3,627228374,578121734,8
835770,"Tony Slopes™",0,5938634948,5830904090,2
835960,"The Talos Principle 2",1,75859800690,75620268985,1
836330,"The God",3,3435036520,747235483,79
836490,"月夜下的紅茶杯 ~ Blacktea With Moon",3,42261926,40668873,4
836600,"Alternate Jake Hunter: DAEDALUS The Awakening of Golden Jazz",2,2805634006,2048161306,27
836940,"【SCP】器関ノ彷徨 -The will of a single Tale-【DEMOver.】",2,2064542289,2000480838,4
837090,"Chronicles of Mystery - The Tree of Life",3,2764601934,2541588480,9
837100,"Chronicles of Mystery - The Legend of the Sacred Treasure",3,245600908,213901213,13
837110,"Chronicles of Mystery - Secret of the Lost Kingdom",3,280398882,243141110,14
837210,"Doodle God: Genesis Secrets",3,125011044,98590642,22
837220,"Doodle Tanks",3,105458596,90444157,15
837380,"DeoVR - VR Video Streaming Platform",3,1280543088,356233632,73
837470,"Untitled Goose Game",3,870414454,369702326,58
837510,"Pixel Game Maker MV / アクションゲームツクールMV",2,1385171643,1064282656,24
837610,"Mary Skelter: Nightmares",2,5401035156,5370290952,1
837800,"Red Riding Hood - Star Crossed Lovers",3,676214516,617639942,9
837880,"You Suck at Parking® - Complete Edition",3,3667457540,661678091,82
837940,"Mobile Forces",3,614838667,334657534,46
838010,"Double Cross",2,395623833,167154446,58
838270,"Grandpa",3,672289641,335110667,51
838310,"Bloodstained: Curse of the Moon",3,20342666,19051482,7
838350,"The Scroll of Taiwu : Beyond The Dome",3,3852201418,3233710912,17
838380,"DEAD OR ALIVE 6",3,62609362370,62412731203,1
838410,"Tabletop Playground",2,3175651325,1811387775,43
839310,"Signal Simulator",0,6187143965,4825808854,23
839430,"Flurius",3,533739154,176409991,67
839560,"Shrinking Pains",3,244650463,41393480,84
839770,"Phoenix Point",3,36831460455,21668898816,42
840010,"Garden Paws",2,3603489762,2487868660,31
840370,"Someday You'll Return",2,12076616886,7110336834,42
840710,"Trivia Vault: Tennis Trivia",3,134247388,32250563,76
840720,"Sword Art Online: Lost Song",3,6239094228,5991950089,4
840930,"Bing Bong XL",3,165707077,49531133,71
841100,"Far Cnight",2,220890445,37456664,84
841140,"Square Head Zombies 2 - FPS Game",3,618423620,157907236,75
841200,"Intelligence",3,162421837,68921988,58
842100,"Daymare: 1998",3,23147764990,22903182748,2
842170,"Hyperspace Dogfights",1,750308793,616504945,18
842180,"Prison Simulator",3,8789508409,4082382606,54
842780,"NavalArt",1,1199790125,583298944,52
842810,"Märchen Forest: Mylne and the Forest Gift [Legacy ver.]",0,3977587285,1468635494,64
842850,"Newt One",3,2591011049,655324286,75
843200,"Alien Hominid Invasion",3,1329100102,1064984576,20
843260,"The Bard's Tale Trilogy",3,1226930553,584352914,53
843380,"Super Animal Royale",0,1554009999,679107878,57
843390,"Vertigo 2",3,7596046627,5862643842,23
843430,"Righty Tighty XL",3,171516251,54129019,69
843440,"Pivot XL",3,166476098,52573946,69
844050,"Desert Child",0,128582467,112891481,13
844140,"Trivia Vault: Soccer Trivia",3,134236132,32242371,76
844260,"Rustler (Grand Theft Horse)",3,4725866237,2371095300,50
844520,"RECOIL",3,103119997,33953281,68
844590,"Hypnospace Outlaw",3,1012644537,796555312,22
844660,"Heart of the Woods",2,1804224087,1528498340,16
844670,"Please Be Happy",2,4886419961,4477882437,9
844870,"KurtzPel",1,28727322104,16464925031,43
844930,"Fox Hime Zero",0,2402827372,1729171516,29
845070,"The Awesome Adventures of Captain Spirit",3,3599639682,3358023680,7
845880,"Touhou: Scarlet Curiosity",3,2574703328,1304309928,50
845890,"Moonbreaker",2,9075704586,8645383308,5
845970,"Trivia Vault: Movie Trivia",3,133612603,32032450,77
846030,"ΔV: Rings of Saturn",0,690042984,438439936,37
846470,"Moss VR",3,7553270430,5265442266,31
846770,"DYSMANTLE",3,1949753146,1577301970,20
846870,"Yooka-Laylee and the Impossible Lair",3,6222845328,5424108958,13
847360,"Super Lucky's Tale",1,11142425939,10231670645,9
847370,"Sunset Overdrive",3,29895111708,28265542388,6
848030,"Roundguard",3,285907803,104270448,64
848060,"Story of a Gladiator",3,2368485275,442493957,82
848280,"Viki Spotter: Space Mission",3,380871478,29444907,93
848350,"Katamari Damacy REROLL",3,3278829213,2528104368,23
848410,"Detached: Non-VR Edition",3,11500535206,4323742192,63
848450,"Subnautica: Below Zero",3,8497515607,5664704142,34
848480,"Creeper World 4",3,619504895,490299373,21
848700,"Toki Time Trial",3,140434297,27208794,81
848930,"Rising Dusk",3,209260698,191985421,9
849620,"Trivia Vault: Celebrity Trivia",3,134234599,32250566,76
850170,"EMERGENCY",2,8214230529,8067196604,2
850190,"Goat Simulator 3",0,11205547017,6853177947,39
850320,"PHOGS!",3,5484803930,1593824642,71
850760,"UnderDungeon",3,678593533,557712013,18
850980,"GUILTY GEAR",2,437223568,378768060,14
851100,"Touhou Luna Nights",3,312592609,287520772,9
851180,"Blood Harvest 3",3,283917560,151882831,47
851200,"Omae Wa Mou Shindeiru",3,128196293,68081828,47
851520,"Trivia Vault: TV Trivia",3,134244208,32254655,76
851670,"LUMINES REMASTERED",2,1091019602,604866602,45
851710,"Trivia Vault: Art Trivia",3,134242945,32254656,76
851730,"Sandmade",3,62248659,27971548,56
851810,"Ultimate Sudoku Collection",3,95678732,32947233,66
851850,"DRAGON BALL Z: KAKAROT",1,55958644317,53821564989,4
851890,"Gal*Gun 2",3,6101711105,2334950468,62
852110,"RetroMaze",3,14132946,8837898,38
852220,"Accident",3,18370555718,9121792981,51
852300,"Creature in the Well",3,2048585859,724186335,65
852480,"Snow Daze: The Music of Winter Special Edition",3,1244736904,1106791604,12
853240,"The Light Keeps Us Safe",3,5697084464,3455494427,40
853380,"Air Threat",3,21989376,21942272,1
853480,"Pestis",3,23867680,23687168,1
853500,"Quarantine Circular",3,943915209,437303593,54
853550,"Equilinox",3,220730719,163207966,27
853770,"Maximum Action",2,4978060246,1702195043,66
854570,"Pamali: Indonesian Folklore Horror",3,5932224812,5733974016,4
854810,"Simple Sailing",3,118533961,37624814,69
854940,"Ikenfell",3,210674505,183343499,13
855550,"Coffee Noir - Business Detective Game",3,1449517293,1344928541,8
855630,"Zeliria Sanctuary",3,2376965597,2279105848,5
855640,"My Brother Rabbit",3,986825185,847422832,15
855740,"Bum Simulator",3,12443139217,6084724533,52
855860,"Superfighters Deluxe",1,411947787,360554167,13
856620,"Vカツ / V-Katsu",1,2985197137,1151911627,62
856880,"Fighting Fantasy Classics",2,184047551,95798225,48
856890,"JUSTICE SUCKS: Tactical Vacuum Action",2,2093892079,1355925991,36
857080,"Escape from the Princess",2,682416502,598234216,13
857450,"ISLAND",0,2631977336,2627008500,1
857690,"Lagoon Lounge : The Poisonous Fountain",3,1142191583,359866886,69
857980,"Void Bastards",3,6162847849,1330498968,79
858210,"Nova Drift",3,516140862,430255489,17
858260,"Until You Fall",2,3120305487,1913605413,39
858420,"Trivia Vault: Business Trivia",3,134233862,32250565,76
858710,"Gravity Circuit",3,326239596,319652160,3
858810,"Dawn of Man",3,1957207349,1222259515,38
858820,"Tribes of Midgard",0,17891616157,10692279621,41
858900,"vSpatial",1,875298644,424241487,52
859340,"Seeking Dawn",3,25865018274,13716346692,47
859350,"Aces of the Luftwaffe - Squadron",3,3372063688,2293061795,32
859570,"Secret Neighbor: Hello Neighbor Multiplayer",2,6819386275,6244177362,9
859580,"Imperator: Rome",2,3539962337,2185020967,39
859640,"Along Together",3,854123420,319260891,63
859680,"DEEP SPACE WAIFU: FANTASY",3,1869106540,465492557,76
860340,"Trivia Vault: Toy Trivia",3,134236069,32250560,76
860350,"Trivia Vault: Fashion Trivia",3,134238005,32250564,76
860500,"SpellFront",3,5217638131,5131566483,2
860510,"Little Nightmares II",3,23139028236,11521637759,51
860620,"KURSK",3,16471320682,10297115842,38
860890,"Factory Town",3,359765795,204187289,44
860910,"Hentai 3018",3,74493050,36382759,52
860950,"Mark of the Ninja: Remastered",3,8096184287,7348248525,10
861540,"Dicey Dungeons",3,1164227531,459695889,61
861650,"Session: Skate Sim",3,18010863037,7536332072,59
861710,"Geometry Rush",3,45746773,16029910,65
861720,"Trivia Vault: Food Trivia",3,134233866,32246465,76
861740,"Trivia Vault: Literature Trivia",3,134256024,32258759,76
862110,"Super Jigsaw Puzzle: Cities",3,1007159625,943402872,7
862130,"Rainy Day Racer",0,293671532,138803936,53
862440,"Angel Wings",3,1388911627,1382171461,1
862480,"The Spiral Scouts",1,1193605846,291389635,76
862570,"Ding Dong XL",3,213525065,70912355,67
862580,"OK/NORMAL",3,226072336,174366092,23
862740,"OneShift",2,904232723,453913766,50
862800,"Storm Chasers",3,4492355220,1703487629,63
863460,"Cyber Ops",3,719248529,495584646,32
863500,"All Quiet in the Trenches",3,2047837534,896216687,57
863550,"HITMAN™ 2",2,87026778499,65590915565,25
863590,"Starcom: Nexus",1,1695205325,1040140167,39
864060,"Marble It Up! Ultra",2,1180312505,772053961,35
864540,"Fallback",3,4350490528,2036451424,54
864680,"Rover Mechanic Simulator",1,3476667939,3156766158,10
864700,"Dinosaur Fossil Hunter",2,18011733706,13006759221,28
864740,"The World of Labyrinths: Labyronia",3,388885093,384010946,2
865040,"Super Bit Blaster XL",2,125056655,85392681,32
865090,"AHEGAL",3,448982127,195207138,57
865360,"We Were Here Together",3,8878017652,4742587848,47
865540,"PLAYNE : The Meditation Game",0,4244702261,2644064148,38
865570,"Pact with a witch",3,1092384765,929689147,15
865610,"Tails Noir",3,2242388375,2019113346,10
865680,"The Eternal Cylinder",3,7163437573,6942536610,4
865930,"BQM - BlockQuest Maker-",3,126389102,44999855,65
865940,"SNK 40th ANNIVERSARY COLLECTION",2,1294477334,1189822464,9
866140,"Arise: A Simple Story",3,5834532733,5563925967,5
866440,"What Never Was",3,728948472,307554703,58
866570,"System Shock 2: 25th Anniversary Remaster",3,4103462272,3085193822,25
866800,"The Walking Dead: The Final Season",3,14660241952,14604917107,1
867120,"Lilipalace",3,223457676,211487527,6
867210,"Songs of Conquest",3,1924372088,1346496807,31
867400,"Out of Reach: Treasure Royale",3,10730644227,5593590969,48
867480,"Daddy",3,287017340,99261751,66
867690,"Psycho Wolf",3,638642112,133779288,80
868080,"Golf Galore",3,2368196500,1102407535,54
868150,"Takelings House Party",2,2831312808,1233610081,57
868230,"Mushroom Quest",3,11366546,6395772,44
868270,"The Cycle: Frontier",3,37390614907,18543453622,51
868360,"Project Hospital",3,1082765034,267203768,76
868500,"Qybe",3,99319816,46963053,53
868520,"killer7",3,2466368802,2178541197,12
868550,"What do you hear?? Yanny vs Laurel",3,30873585,11646508,63
868570,"Prototype Mansion - Used No Cover",3,206990160,82130412,61
868740,"the Cursed love",2,643741801,107571432,84
868980,"DEEP SPACE WAIFU: NEKOMIMI",3,1994652506,493064207,76
869470,"Tiny Hands Adventure",1,1603008426,713257903,56
869480,"Jabroni Brawl: Episode 3",3,23286300356,12071496849,49
869560,"DayD: Through time. Jurassic Rush",3,440980792,145282347,68
869620,"Katy & Bob: Cake Cafe",3,781906864,266889832,66
869690,"Cat Lady - The Card Game",3,144847317,80473800,45
869750,"Super Chicken Catchers",1,4181518665,1725169597,59
869760,"Stoneshard: Prologue",2,303638531,213439440,30
870100,"乌鸦 - Crows",3,1140074498,512370274,56
870200,"Juno: New Origins",1,700559813,345483542,51
870730,"Adapt or Perish",2,332260800,207761007,38
870780,"CONTROL Ultimate Edition",3,46068251611,27711696548,40
871200,"FIGHTING EX LAYER",2,2842764462,2776317713,3
871420,"Lovecraft's Untold Stories",3,1718211909,445853876,75
871530,"Radio Commander: Vietnam '64",3,2639145968,1587416315,40
871540,"BMX Streets",2,8932764482,6670910872,26
871720,"Ultimate Custom Night",3,274753071,273248256,1
871980,"Digimon Survive",3,7076188541,6493664243,9
872090,"Freezeer",3,112048480,48881664,57
872130,"DEEP SPACE WAIFU: WORLD",2,2125623159,637393378,71
872180,"Charm Tale",3,18860886,16373865,14
872200,"Rogue Company",1,25628204286,25092347091,3
872410,"ROMANCE OF THE THREE KINGDOMS XIV",0,20189825715,19810738864,2
872670,"SCP: 5K",1,34336464446,19592863488,43
873290,"樱花片落恋模样 This is a very sweet love story.",3,3058242771,3039716705,1
873930,"ALIENS INVADED OUR PLANET",3,1518856988,1364166142,11
873940,"Crying Suns",3,1051847100,431114515,60
874040,"Ministry of Broadcast",3,1123048624,702292994,38
874200,"Swipe Fruit Smash",3,117491010,42968715,64
874260,"The Forgotten City",3,27839106128,13809114547,51
874270,"Sphaera",3,1703412409,752998106,56
874390,"The Battle of Polytopia",3,187189028,99394977,47
874440,"Border Bots VR",3,2932438253,1009950052,66
874460,"Achtung! Cthulhu Tactics",3,3250077508,1458497464,56
875800,"Wasteland Remastered",3,3044682042,2378416198,22
875930,"Rehtona  幻境双生",3,453128621,254142389,44
876160,"Occupy White Walls",1,21258840506,10763462098,50
876320,"Hyperspace Delivery Service",2,293097859,168033061,43
876540,"Adventure Hero",3,153720123,28334610,82
876650,"Aground",3,407658849,374436311,9
877010,"Beyond Contact",3,10481134343,9595584153,9
877150,"Gravity Wars",3,157943781,73471775,54
877200,"Zero Caliber VR",0,25307277740,24888259485,2
878250,"Super Jigsaw Puzzle: Monuments",3,1020610343,958537005,7
878270,"Trivia Vault: Music Trivia",3,134244851,32254658,76
878320,"SIMULACRA: Pipe Dreams",3,559309376,476749694,15
878670,"Shenmue III",3,53499128803,35722548977,34
878750,"Hentai Girl",2,104160518,68796701,34
878760,"Realm Royale - Test Server",1,6857492903,6062413067,12
879250,"Dot to Dot Puzzles",3,16823315,7059838,59
879280,"Supesu",3,177576654,153058548,14
879420,"Agony UNRATED",3,14014793832,13854070264,2
879490,"Crying Suns Demo",3,1122847779,452177990,60
879510,"Lucy Got Problems",3,1104397905,1027758213,7
880220,"~Azur Ring~virgin and slave's phylacteries",1,4206235355,1183121876,72
880400,"Lingering Fragrance",0,877071879,862706156,2
880940,"Pummel Party",3,2319312901,1578143050,32
880950,"爱上火车-Pure Station-",3,6553507303,5652800453,14
881020,"Granblue Fantasy: Relink",2,93952150976,77697839456,18
881100,"Noita",0,1449810026,1348453977,7
881320,"The LEGO Movie 2 Videogame",3,7646619873,6864351235,11
881610,"Professor Watts Word Search: Space Voyage",3,117743084,21567291,82
881690,"The Slater",2,10565403455,5078125008,52
882040,"The Outpost Nine: Episode 1",3,210385690,72537910,66
882100,"XCOM®: Chimera Squad",3,16023896347,15667757215,3
882140,"Reentry - A Space Flight Simulator",3,17915084480,6568618950,64
882790,"天命奇御 Fate Seeker",3,6367549909,5629205552,12
882900,"Lu Bu Maker",3,99273646,84636041,15
883360,"Beyond Blue",1,12111415920,8201435371,33
883590,"Nocturne: Prelude",3,1198183489,207379661,83
883680,"Four Kings One War",3,3546022831,3175902509,11
883710,"Resident Evil 2",3,24669979606,24392717335,2
883860,"Cadria Item Shop",2,626219293,493513888,22
884260,"Akane",3,110626018,74357041,33
884390,"Professor Watts Word Search: Pirates Life",3,127238757,19232572,85
884440,"Professor Watts Word Search: Yummy Foods",3,116320923,19818298,83
884660,"CRSED: Cuisine Royale",3,13139867269,12294840788,7
885000,"Synth Riders",0,9206877906,4604424317,50
885150,"Capcom Beat 'Em Up Bundle",2,809632531,800591738,2
885640,"Lynne",3,313950975,206106682,35
885650,"The Waters Above: Prelude",3,372857482,344782182,8
885810,"The Witch's House MV",0,306417176,213891639,31
885970,"Total War: ROME REMASTERED",1,46548684136,36909958460,21
886250,"Vegas Infinite by PokerStars",1,13920770875,7218451732,49
886460,"Outside the Lines",3,9031045,4681728,49
886960,"Dragon Spear",3,3924755097,703757862,83
887060,"Asterix & Obelix XXL 2",3,1971664623,1370007979,31
887420,"Warman",2,2078837520,1472142022,30
887450,"Tunche",2,9750370104,3748895912,62
887530,"President Yukino",2,750316053,738304685,2
887570,"NEBULOUS: Fleet Command",0,4978955810,4390850200,12
887720,"Devil's Hunt",3,23655191210,23472054962,1
887820,"Double",3,1335657258,1201184768,11
888530,"Yaga",2,1956242954,1802604929,8
888670,"Notified",3,250600655,96472763,62
888690,"Guess who ?",3,76811348,46514241,40
889240,"Loot Box Simulator",3,1684042396,610943056,64
889260,"Bonkies",2,647790469,484794341,26
889480,"Virtual Virtual Reality",1,605293555,401238944,34
889510,"SENRAN KAGURA Burst Re:Newal",3,23212945917,11358800366,52
889530,"Sharp",3,53231188,20436171,62
889600,"The Caligula Effect: Overdose",2,6914197563,6630261165,5
889700,"Muv-Luv photonflowers*",1,3837840641,3644678697,6
889710,"Muv-Luv photonmelodies♮",2,7869055530,7475909680,5
889910,"Hell Pie",3,5087116527,4292848308,16
890180,"Ecchi Cards",3,831336162,174982591,79
890550,"RUMBLE",3,1433354850,531536400,63
890720,"In Other Waters",3,740877667,375344426,50
891040,"Pool 2D - Poolians",2,46929918,29747670,37
891330,"Fast Dust",0,8100159552,4583023063,44
891470,"Falling Blocks",3,207841407,190285745,9
891700,"Mosaics Galore. Challenging journey",3,230415411,227627689,2
891710,"Thanksgiving Day Mosaic",3,230004949,226762929,2
892020,"Robots 2 Unknown World",3,2673792241,983701383,64
892970,"Valheim",0,1600843720,1224447163,24
893050,"Hasbro's BATTLESHIP",3,526865634,362747647,32
893070,"The End: Inari's Quest",3,1429255856,1356753021,6
893180,"Catherine Classic",3,13987119968,8998581204,36
893680,"Project Warlock",2,2924153249,1330373610,55
893690,"Rikki & Vikki",2,2547196,1728149,33
893850,"THE LONGING",3,2349984878,647860323,73
894000,"Night of the Blood Moon",3,344044619,308330496,11
894020,"Death's Door",3,3930833211,1953527831,51
894060,"Watch",3,1096211224,858205002,22
894620,"ATONE: Heart of the Elder Tree",0,1411360685,712735521,50
894820,"Trumpy Wall",3,48449856,18269199,63
895400,"Deadside",0,27889570673,18172564780,35
895550,"Total 15",3,174223880,158338508,10
895620,"Spellcaster University",2,6496174571,2310305153,65
895870,"Project Wingman",3,16226093365,7512984318,54
896030,"Fortissimo FA INTL Ver",0,5858451549,5784344100,2
896440,"Eternal Edge +",3,4849321098,2150021417,56
896660,"Valheim Dedicated Server",2,1163508826,752848452,36
896890,"VR Paradise - Steam Edition",3,30610017372,9092757447,71
896950,"JUMANJI: The Video Game",1,2589837278,2389591324,8
897030,"Paratopic",3,563713786,396791409,30
897220,"Summer Pockets",2,8371624248,7564753731,10
897330,"Coloring Pixels",3,657520667,246518707,63
897450,"The Survivalists",2,720403320,612608646,15
897630,"Death Fungeon",3,9969664,9887744,1
897730,"Among Trees",0,1336363963,654100508,52
897760,"PUT ANNA",3,480629526,359343210,26
897820,"Reigns: Game of Thrones",3,397768043,331681631,17
898450,"UBERMOSH:SANTICIDE",3,417819980,362078306,14
898650,"The Shapeshifting Detective",1,5844092097,5801772899,1
898750,"Super Robot Wars 30",2,20375539635,18862180231,8
898780,"Escape Game",3,76804741,30847387,60
898800,"Constructor Plus",3,9339785201,3888485675,59
898890,"Endling - Extinction is Forever",3,2940596110,2804822459,5
899310,"Iron Danger",3,12795641890,6294643433,51
899390,"Xenon Racer",3,5662542603,5414686324,5
899440,"GOD EATER 3",3,31350609193,30788699136,2
899760,"Her 她",3,740415859,100518093,87
899770,"Last Epoch",3,29589641716,19205246009,36
899970,"NEKOPARA Extra",3,1472794466,1286539089,13
900040,"ELEX II",3,77493066776,62814023687,19
900270,"Reventure",3,439586371,137700146,69
903950,"Last Oasis",3,25562002177,24961443640,3
904360,"Family Man",2,1407260141,476536034,67
904380,"Vambrace: Cold Soul",3,5111177808,1526265402,71
904540,"Indiana Jones® and the Infernal Machine™",3,918131960,478249456,48
904750,"Zniw Adventure",3,1580178072,846938794,47
905340,"Heave Ho",3,636197715,478180347,25
905370,"Conqueror's Blade",3,67723495262,58683308289,14
905640,"Combat Arms: Reloaded",3,10636115163,4253607895,61
906050,"Hentai Case Opening",3,70580835,35049276,51
906100,"Observation",3,7504584172,5672492851,25
906120,"POLYBIUS",3,1724137500,1677741286,3
906510,"Conception PLUS: Maidens of the Twelve Stars",2,6976041826,6704418398,4
906870,"FurryFury: Smash & Roll",3,604137303,413600857,32
906920,"Political Puzzle",3,60168148,26658857,56
907270,"eSports Legend / 电竞传奇",2,836394816,156621102,82
907470,"Iris.Fall",3,2621613720,1541077235,42
907600,"Towaga: Among Shadows",3,1034527242,319282222,70
907670,"Super Crush KO",3,439738147,321065224,27
907710,"This is the Zodiac Speaking",3,7447639298,2049018775,73
908050,"Summer Catchers",3,548588788,252231253,55
908100,"九州：商旅（Nine Provinces: Caravan）",3,443738505,157251706,65
908230,"Basketball Hoop",3,100772961,55186951,46
908360,"Monomyth",3,3457891337,3253024427,6
908480,"Legends of Ethernal",0,3663147164,1056230170,72
908520,"fpsVR",3,7950280,3345421,58
909080,"Cube Escape: Paradox",3,106728154,84497862,21
909110,"Acid Nimbus",3,209944444,179027968,15
910200,"Professor Watts Memory Match: Cute Animals",3,122580953,24430402,81
910220,"Professor Watts Memory Match: Yummy Cupcakes",3,125651205,24973854,81
910250,"Professor Watts Memory Match: Fresh Fruit",3,122281546,23541563,81
910830,"Rebel Galaxy Outlaw",3,19721412453,12156464808,39
911040,"Bunny - The Horror Game",3,349708874,168048967,52
911130,"Puzzle Monarch: Vampires",3,67599619,30545728,55
911220,"Dusk Diver 酉閃町",3,3849042279,3774694338,2
911400,"Assassin's Creed® III Remastered",3,50829640892,40916163418,20
911430,"Good Company",3,1234494290,642329200,48
911840,"Zenesthetic",3,60336803,19712700,68
912170,"Groupy",3,8945877,8278765,8
912450,"YU-NO: A girl who chants love at the bound of this world",2,6287752277,6000607245,5
912540,"Monster Hunter: World Original Soundtrack",3,2450381712,2442686464,1
912570,"BEAUTIFUL DESOLATION",3,13678621483,9203473407,33
912920,"SMUSH.TV - Competitive VR x PC Action",2,792863486,520008176,35
913060,"Jet Lancer",2,270194712,213018411,22
913710,"Dangerous Lands - Magic and RPG",3,400099981,106379450,74
913740,"WORLD OF HORROR",3,808155015,586686026,28
914020,"Gibbous -  A Cthulhu Adventure",2,9728409767,4739211151,52
914070,"Shoemaker",3,375319944,184881965,51
914220,"Land of Puzzles: Castles",3,141900779,41383744,71
914260,"HALF DEAD 2",3,1470047969,1347523666,9
914620,"Mist Survival",3,27179210456,15907195906,42
914710,"Cat Quest II",3,513758362,209135895,60
914750,"Bee Simulator",1,10024542875,6730056229,33
914800,"Coffee Talk",3,560293449,238252012,58
914890,"Nine Noir Lives",3,4537256437,4394269138,4
915120,"Koi Solitaire",3,22218409,18326940,18
915320,"Pixel Strike 3D",2,2493127872,1234604821,51
915670,"Everreach: Project Eden",3,18732058614,8088325548,57
915720,"Session Seven",3,133372889,66410867,51
915810,"Midnight Ghost Hunt",2,23637689914,23309128673,2
915960,"Gallows Choice",3,172881809,155274124,11
916030,"A Summer with the Shiba Inu",2,767726357,695050168,10
916050,"Clocker 铸时匠",3,4570391073,1405403332,70
916180,"Doodle Derby",3,235818248,164701546,31
916440,"Anno 1800",3,100709306721,59312566902,42
916730,"Gato Roboto",2,462313576,409713250,12
916840,"The Walking Dead: Saints & Sinners",0,31524223642,31298175328,1
916860,"Puzzle Monarch: Super Natural",3,119353024,48940869,59
916880,"Puzzle Monarch: Zombie",3,101704045,46368574,55
917150,"Godhood",2,900281175,880598507,3
917240,"Heavy Dreams",3,130911065,98919169,25
917550,"Checkmate!",3,254670050,224589745,12
917680,"one night, hot springs",3,244832931,110957654,55
917720,"Gamedec - Definitive Edition",2,14085947992,8871977494,38
917950,"Vellum",0,1673088660,1123985159,33
918570,"Century: Age of Ashes",1,13141208184,11828781053,10
918740,"Flat Trip",3,253169039,184459264,28
919260,"Final Upgrade",2,2396013546,1201774900,50
919360,"Alaloth: Champions of The Four Kingdoms",2,15196336693,10501310976,31
919410,"Felix The Reaper",3,4808322990,2714931242,44
919450,"Scanner Sombre Original Soundtrack",3,646137845,558483170,14
919640,"Steel Division 2",1,92888823742,82719882574,11
920210,"LEGO® Star Wars™: The Skywalker Saga",3,40759330478,39893819917,3
920320,"Virgo Versus The Zodiac",2,1587499615,1463357980,8
920490,"Driver Booster for Steam",1,119994242,64798870,46
921570,"OCTOPATH TRAVELER™",3,3389109833,3136809457,8
921590,"DISSIDIA FINAL FANTASY NT Free Edition",3,23862680495,23289308250,3
921630,"音灵 INVAXION",3,4344573407,1983138248,55
921700,"Crashphalt",3,221984,90112,60
921800,"Encased: A Sci-Fi Post-Apocalyptic RPG",3,22018555437,14134954936,36
921900,"My Burning Heart",3,595059833,530764028,11
922040,"Hamsterdam",3,1207657534,331049117,73
922100,"Nauticrawl",2,178855160,77979654,57
922130,"Land of Puzzles: Knights",3,145425219,42755904,71
922140,"Oh, you touch my balls ( ͡° ͜ʖ ͡°)",3,126829129,19086662,85
922400,"DX-Ball 2: 20th Anniversary Edition",3,66726812,17362620,74
922460,"Cheeky Chooks",2,285504928,98093154,66
922500,"KILL la KILL -IF",3,16243702869,4893331629,70
922620,"Kingshunt",3,9824635260,4111045160,59
923230,"DreamBack VR",0,11157030636,6375810773,43
923260,"Golf Peaks",3,124773626,60640547,52
923350,"Sakura Day Mahjong",3,57738616,54643250,6
923570,"Eternal Radiance",1,6443209615,3654983266,44
923710,"uFactory",3,362765828,182866533,50
924070,"Arboria",3,9263387916,9098719079,2
924670,"Need for Spirit: Drink & Drive Simulator",3,1978713500,876053923,56
924970,"Back 4 Blood",3,48668814426,48132362129,2
924980,"Trials of Mana",3,16311327007,16070729728,2
925050,"Crystal Path",3,9873162,7918666,20
925060,"Fiber Twig 2",3,18602675,14749965,21
925070,"Dark Asylum: Mystery Adventure",3,757976781,203092271,74
925440,"神社的百合香 ~ Floral Aroma in the Shrine",3,104549333,94007140,11
925470,"Endless Jade Sea -Midori no Umi-",2,2643262660,2467576663,7
925570,"The Uncertain: Light At The End",3,12430393641,7102321334,43
925690,"Witch The Bloodlines",3,1438608280,1334433272,8
925930,"Myst III: Exile",3,2498128995,2385652764,5
925940,"Myst IV: Revelation",3,7511511391,6885221882,9
925950,"Here Comes Niko!",3,1279518221,468398435,64
926210,"Incoming Evil",3,2534572798,2464110641,3
926390,"Infected Shelter",3,800044835,171194078,79
926520,"Love Letter",1,119923421,80661624,33
926580,"Broken Lines",3,6585946955,3215314686,52
926810,"Dark Places",3,2695037825,1418301577,48
926860,"Bloody Rally Show",1,228993406,157935793,32
926990,"WolfQuest: Anniversary Edition",3,13814451234,7634748042,45
927250,"Bladed fury",3,1572019072,1303466405,18
927270,"Accounting+",2,2302197925,895185816,62
927380,"Yakuza Kiwami 2",3,44002467548,40241286495,9
927810,"Squares Puzzle",0,83881876,42418964,50
927890,"Hentai Girl Linda",0,101418835,70814942,31
928600,"F1 2019",3,41871146286,33558653278,20
928840,"Cybarian: The Time Travelling Warrior",2,26856960,26796032,1
928960,"Godfall Ultimate Edition",2,52008851610,27538170078,48
928990,"Undungeon",2,9071928362,1969685057,79
929010,"Swag and Sorcery",3,354671852,255636052,28
929400,"Mahjong Magic Journey 3",3,50593288,47548979,7
929410,"Christmas Mahjong 2",3,44273072,39390098,12
929420,"Sakura Day 2 Mahjong",3,48550965,45765187,6
929430,"Mahjong Magic Journey 2",3,55917195,52881106,6
929440,"Christmas Mahjong",3,51411420,45670539,12
929470,"Mahjong Valentine's Day",3,55366918,50817341,9
930210,"HuniePop 2: Double Date",2,1283555619,798222578,38
930280,"Murder Mystery Machine",1,5620780341,3187031259,44
930310,"Puzzle Plunder",3,91873958,86794284,6
930480,"Mushroom rain",3,63249311,24523962,62
930910,"STEINS;GATE: Linear Bounded Phenogram",3,4444681942,4001553084,10
931180,"Conan Exiles - Public Beta Client",3,107573174470,80456590640,26
931310,"Airplane Mode",3,6344005902,3262237705,49
931360,"Land of Puzzles: Battles",3,164750999,54708032,67
931500,"Touhou Genso Wanderer -Reloaded- / 不可思议的幻想乡TOD -RELOADED- / 不思議の幻想郷TOD -RELOADED-",2,10965651451,10659517809,3
931690,"Himno",3,189212982,146954122,23
931700,"Shooting Hurts",3,82129721,48626108,41
932670,"Professor Watts Memory Match: Expressions",3,124631436,23889185,81
932850,"Simmiland",3,45011968,44900352,1
932940,"Archery",3,40044838,15447204,62
933080,"Fire Place",3,1335776726,929196383,31
933110,"Age of Empires III: Definitive Edition",3,54288949473,45987663228,16
933820,"Endzone - A World Apart",3,4319558690,2496884855,43
934540,"Pleasure Puzzle:Sexy Girls 趣拼拼：性感少女",3,143542808,93283085,36
934700,"Dead Island 2",3,76855860978,66505598712,14
934780,"American Fugitive",3,1364996408,1097825896,20
934830,"Circuit Slinger",3,281241384,219927109,22
934840,"FrostRunner",1,1389807246,1338814054,4
934850,"Cyberdrome",3,803343797,754851087,7
934860,"La Rana",3,3542650880,1224347289,66
935070,"Sakura MMO",0,261328381,208298166,21
935180,"Puzzle Monarch: Mummy",3,117403012,55977789,53
935400,"Alchemy Garden",3,941103370,825559176,13
935440,"Viki Spotter: Professions",3,376420167,27016381,93
935570,"Ary and the Secret of Seasons",3,13367573103,5576844264,59
935930,"Reignfall",3,201687531,103292588,49
936160,"Atelier Rorona ~The Alchemist of Arland~ DX",2,11939553495,7427085876,38
936180,"Atelier Totori ~The Adventurer of Arland~ DX",2,8555712488,5331310177,38
936190,"Atelier Meruru ~The Apprentice of Arland~ DX",2,9715760056,6707844098,31
936500,"Transport INC",3,883129315,323856806,64
936600,"Shoot'n'Scroll 3D",3,246233504,128320729,48
936630,"Garden Variety Body Horror - Rare Import",3,335385948,147771835,56
936650,"Space Pilgrim Academy: Year 3",3,643807558,520649368,20
936720,"Wrench",3,13505269179,5603685283,59
936790,"Life is Strange: True Colors",3,24742861720,24362661700,2
936800,"Professor Watts Memory Match: Cats",3,113697253,19517850,83
936810,"Professor Watts Memory Match: Puppies",3,121015460,21774749,83
937130,"Color Guardian",3,62766365,56747953,10
937300,"The Long Return",3,1555307256,424231958,73
937310,"Infinitode 2 - Infinite Tower Defense",1,380242101,259977930,32
938000,"Land of Puzzles: Elven Princess",3,171754178,58648391,66
938200,"Metric Racer",0,3217560635,1336547963,59
938380,"Townsmen - A Kingdom Rebuilt",2,1428376222,868441513,40
938520,"Twenty One",3,138481582,76909366,45
938560,"INMOST",3,1424047031,621289442,57
938630,"Jewel Tree",3,73234303,70101161,5
938820,"Puzzle Monarch: Egypt",3,92310868,33756989,64
938840,"Puzzle Monarch: Nile River",3,127422792,79071705,38
938860,"Get In The Car, Loser!",3,652502795,331941698,50
939000,"Crisis VRigade",3,3232288127,1039402796,68
939100,"Darksburg",2,3258597783,1573309924,52
939400,"LoveChoice 拣爱",3,1109233218,210183682,82
939510,"Pandemic Express - Zombie Escape",0,9047425192,6553418557,28
939520,"HELLGATE: London",0,8926666607,8869768257,1
939600,"LOVE³ -Love Cube-",3,6458962042,6424458713,1
939620,"Pleasure Puzzle:Portrait 趣拼拼：肖像画",3,963134023,791472345,18
939850,"The Dark Pictures Anthology: Man of Medan",3,56691767124,30623525245,46
939960,"Far Cry® New Dawn",2,21637120605,20037182833,8
939970,"Pixel Puzzles Aardman Jigsaws",2,341235742,328949923,4
940310,"Corpse Party 2: Dead Patient",3,2685751878,414549558,85
940680,"The Textorcist: The Story of Ray Bibbia",3,536929672,485445726,10
940780,"Royal Roads",3,1050133142,385868262,64
940790,"Gnomes Garden: Halloween",3,433125547,127267097,71
940800,"Gnomes Garden: Christmas Story",3,575409505,130569149,78
940810,"Lost Artifacts: Time Machine",3,401957550,152488829,63
940910,"Minoria",3,1357046699,338774727,76
941460,"Death Trash",2,841358444,262296813,69
941570,"Relicta",1,27924457061,17113019243,39
942140,"Fap Queen",3,22798609,15306213,33
942800,"Hard Work",2,694302364,627231523,10
943140,"Sparklite",2,1210731842,258446699,79
943170,"Blast the Past",3,2377326779,2279996898,5
943190,"OCTOPTICOM",3,50356269,47578110,6
943260,"Stranded Sails - Explorers of the Cursed Islands",3,1616052613,608860429,63
943370,"Bravery and Greed",1,469883623,390185019,17
943700,"Monster Girl Island: Prologue",3,5779022995,2285946074,61
944010,"S.W.I.N.E. HD Remaster",3,2488084616,2310367260,8
944020,"Dream Ending",2,412985352,370654320,11
944220,"Gachi Heroes",3,275512695,174022656,37
944250,"Castle Flipper",3,15064286624,7768148428,49
944920,"Nanotale - Typing Chronicles",3,5206969596,1733757578,67
945360,"Among Us",3,746015678,451715385,40
945580,"Bubbles the Cat",3,163637652,112263168,32
945710,"DreadOut 2",3,18059618639,10536615556,42
945770,"Dark Envoy",3,39063093566,35611551224,9
946030,"Axiom Verge 2",3,462649604,123460587,74
946050,"Soda Dungeon 2",3,386791229,78465430,80
946090,"Hentai Neighbors",0,422308484,291201534,32
947260,"Bibi Blocksberg ™ - Big Broom Race 3",0,1577316117,915025946,42
947390,"Doodle Farm",3,98194277,86122441,13
947400,"Mahjong Secrets",3,247767592,220891695,11
947890,"VirtualCast",2,1365594462,626671656,55
948420,"EXAPUNKS: TEC Redshift Player",1,79941749,54443272,32
948640,"Wizardry: Labyrinth of Lost Souls",3,737479553,724271104,2
948740,"AI: The Somnium Files",3,11587615786,10537800210,10
948900,"macdows 95",3,40121900,24815188,39
949060,"Love Thyself - A Horatio Story",3,202107986,168675933,17
949230,"Cities: Skylines II",2,65524324186,61419062627,7
949380,"AV-17",3,96320195,75188297,22
949480,"BROK the InvestiGator",0,2383954230,2263227627,6
949600,"Intergalactic Fishing",2,71521922,51510763,28
949730,"ΔV: Rings of Saturn Demo",3,752659496,421769216,44
950050,"Starlink: Battle for Atlas",3,24437419384,22999050045,6
950180,"Lemnis Gate",1,30085205937,18271377767,40
950250,"Halfway Home",3,1264132506,183722749,86
950670,"Gothic Playable Teaser",3,10346345947,5782540607,45
950740,"China: Mao's legacy",2,768458072,351111375,55
950860,"Spiral Clicker",2,1674998503,1641084301,3
951240,"Obenseuer",2,6816511342,3091482620,55
951430,"Dead Age 2: The Zombie Survival RPG",3,6489110075,5966558851,9
951440,"Volcanoids",3,6830727380,3852311754,44
951570,"Deadness",3,11026344075,4989769870,55
951700,"Super Jigsaw Puzzle: Space",3,953170804,930045254,3
951830,"The Last Sovereign",2,1283650190,1277616711,1
952040,"MUSYNX",3,10148769849,5001683273,51
952060,"Resident Evil 3",0,24608921198,22675776446,8
952070,"RESIDENT EVIL RESISTANCE",3,27094314606,25442476709,7
952540,"Romancing SaGa 3™",3,1861511673,1691194585,10
953060,"Go to IT",3,404743524,194221899,53
953270,"Dominatrix Simulator: Threshold",3,9035436274,4838560572,47
953490,"CARRION",2,188338560,125137115,34
953580,"Tourist Bus Simulator",3,28138327220,24359850210,14
953840,"Apollo 11 VR HD",1,12129883348,5361736055,56
953880,"First Class Trouble",2,15823021539,15652736355,2
953900,"Pantsu Hunter: Back to the 90s",2,232013223,182501914,22
954530,"The Momo Game",3,1722641091,902073664,48
954650,"Druidstone: The Secret of the Menhir Forest",3,1592104500,894553159,44
954740,"Terminator: Resistance",3,27815664763,27451683633,2
954850,"Kerbal Space Program 2",2,33513520741,19090536068,44
954870,"Astrox Imperium",1,1635697483,1057371402,36
955050,"Bright Memory",3,4420618864,4298824611,3
955560,"Evenicle",2,1413064387,1391179884,2
955610,"OpenVR Benchmark",3,3023093287,1343347407,56
955740,"Mini Healer",3,1339086444,199843575,86
955900,"Amazing Cultivation Simulator",3,2144960727,1034127482,52
956030,"Creaks",3,4340919328,2368799161,46
956100,"Lovers ' Smiles",3,168898703,76427172,55
956540,"Color Phase",3,1224089508,427934965,66
956680,"M.A.S.S. Builder",3,13296365649,6264669744,53
957220,"Our Worst Fears",3,147663349,142158941,4
957430,"Mentai Uncensored",3,362013799,131790650,64
957490,"My Cabin And I",3,539814850,167047488,70
957660,"Catizens",2,3478908095,1131550208,68
957960,"Inkulinati",3,3998700320,1464871080,64
958260,"DEAD OR ALIVE Xtreme Venus Vacation",0,19318702612,19269675198,1
958400,"Project CARS 3",3,53024335241,52584085021,1
958480,"Seed of the Dead",2,2767875645,2616379111,6
958520,"33 Immortals",3,3166302894,2629192920,17
959000,"Edna & Harvey: The Breakout - Anniversary Edition",3,3745411708,1104529057,71
959500,"Cute Puzzle",3,47487882,38404540,20
959860,"The Valiant",2,17819135426,17074266201,5
960090,"Bloons TD 6",0,1879380521,1653708166,13
960170,"DJMAX RESPECT V",0,59094757406,58852236408,1
960610,"The Gameshow",3,1315432983,542819658,59
960690,"One Step From Eden",3,516484282,421418811,19
960910,"Heavy Rain",3,36962750682,33970380581,9
960980,"Apsulov: End of Gods",3,8701482461,4642966812,47
960990,"Beyond: Two Souls",3,47820879760,43672349939,9
961200,"Predecessor",0,16171108520,15797092617,3
961460,"Oppai Puzzle",0,132398545,65001321,51
961620,"Flashback",3,214454612,166280448,23
962130,"Grounded",0,10139293976,9894469763,3
962400,"Granny",3,1690565582,717679851,58
962580,"Summer in Mara",3,3211235195,1747476985,46
962630,"Transient: Extended Edition",3,12726741608,6757637864,47
962730,"Skater XL - The Ultimate Skateboarding Game",1,5441002560,4998573213,9
962970,"My 1/6 Lover",0,1182157497,1178640962,1
963000,"Frog Detective 1: The Haunted Island",3,312886040,228868701,27
963230,"Cute Puzzle MAX",3,85518094,78536512,9
963300,"Angel, Devil, Elf and Me!",2,1184634555,1090612777,8
963690,"Hentai Girl Hime",0,112829563,82266226,28
963710,"Lost in Vivo",3,983544863,665553541,33
963930,"Contractors",2,23000888730,22857037058,1
964350,"At Home Alone",3,50713828,45051419,12
964570,"DCL - The Game",0,49308610227,26513132325,47
964800,"Prodeus",3,1381899865,1142802892,18
965200,"Walking Zombie 2",3,873413640,727609126,17
965230,"DORAEMON  STORY OF SEASONS",0,822681663,766732973,7
965580,"Root",1,577876032,437450560,25
965590,"Sagrada",3,376005126,119316575,69
965600,"Raiders of the North Sea",1,391545767,176681769,55
965680,"Boomerang Fu",3,596802084,129984426,79
965890,"我是渣男-Dishonest",3,282136485,265302984,6
966330,"Flower",3,2265421746,990088687,57
966430,"Neverinth",1,8551768001,5439615861,37
966610,"FPS Monitor – hardware in-game & desktop overlays",0,17913471,14690470,18
966670,"The Wanderer: Frankenstein’s Creature",3,1297209246,897171839,31
966680,"Red Matter",2,3064405546,3028542968,2
967050,"Pacify",3,2738336479,2572627829,7
967250,"DOKA 2 KISHKI EDITION",3,577113202,406065256,30
967440,"Kick The Anime Simulator",3,324007307,134987748,59
967460,"Red Eclipse",1,1242913883,1012388071,19
967490,"Microsoft Maquette",3,1328745620,671945852,50
968250,"King of Retail",3,6062556432,2261698507,63
968370,"The Blind Prophet",3,1038764212,953654971,9
968440,"Artist Idle",0,34434897,30523489,12
968500,"A Bewitching Revolution",2,148825041,70894747,53
968550,"Tinytopia",3,3263011279,769540944,77
968790,"DYNASTY WARRIORS 7: Xtreme Legends Definitive Edition",3,25031900123,19057020928,24
968870,"Close To The Sun",3,21858374215,21542096179,2
968950,"Sakura MMO 2",0,331061294,271334291,19
968970,"Lumberjack's Dynasty",1,10924716097,8997417526,18
969020,"Movavi Video Editor 15 Plus",3,205056100,85737590,59
969220,"Up in the Air",3,1398805320,573505205,60
969700,"NekoMiko",3,923090241,825294856,11
969760,"Omno",3,1577606761,916893106,42
969870,"Klondike & Girls",3,232046421,168566761,28
969990,"SpongeBob SquarePants: Battle for Bikini Bottom - Rehydrated",3,8237796937,8062950477,3
970400,"Our Lovely Escape",2,2224521067,1445471291,36
970570,"CHAOS;CHILD",1,8581449330,8333989253,3
970600,"Paranoia: Deliver Me",2,2091386931,1561804775,26
970830,"The Dungeon Of Naheulbeuk: The Amulet Of Chaos",3,10258433128,9762251367,5
970850,"1001 Jigsaw Legends of Mystery 1",3,111349290,107112976,4
970890,"1001 Jigsaw. World Tour: London",3,138496996,134158426,4
970960,"Rebel Cops",2,2168834516,1688107401,23
971030,"SkateBIRD",2,3396104486,1903341381,44
971160,"Möbius Front '83",3,1574235225,1095832870,31
971430,"From Beyond Prologue",3,170964597,47873686,72
971620,"Puyo Puyo Champions",2,10517515461,3411560186,68
971680,"Montaro RE",3,131045045,26124247,81
971690,"Cake Bash",3,1193200368,966352405,20
971880,"Solitaire Mystery: Four Seasons",3,352704622,315379674,11
972660,"Spiritfarer®: Farewell Edition",3,6463365563,1893248174,71
972740,"KOBOLD: Chapter I",3,12107864387,5182449780,58
973000,"Die Young: Prologue",3,7889981076,4795421451,40
973020,"HROT Demo",0,260048219,238141440,9
973070,"Bound By Blades",3,1200925193,345915513,72
973230,"We Who Are About To Die",1,6927260878,6599101478,5
973580,"Sniper Ghost Warrior Contracts",2,18610044705,17884254064,4
973760,"Thronebreaker: The Witcher Tales",3,10274164100,9663723396,6
973810,"Journey To The Savage Planet",3,5825044892,5711034305,2
974090,"Gravity Bone",3,26576416,25241576,6
975120,"~necromancy~Emily's Escape",1,935159976,242894644,75
975200,"Red points",3,105680094,30194827,72
975290,"The Pepper Prince: Episode 1 - Red Hot Chili Wedding",3,22579879,11301843,50
975370,"Dwarf Fortress",3,586137599,547387874,7
975470,"Silver Chains",3,13928588665,6939444815,51
975510,"Panzer Paladin",3,226939832,184961221,19
975660,"Discharge",3,8557506982,3949377016,54
975680,"METAL SLUG XX",3,568773588,560720356,2
976120,"WARPZONE DRIFTER",3,262665571,234029083,11
976310,"Mortal Kombat11",2,120979796594,119634289550,2
976500,"Venineth",2,4068531917,1785165667,57
976590,"Bus Simulator 21 Next Stop",3,23288735938,9608286077,59
976620,"Enderal: Forgotten Stories (Special Edition)",1,22148369324,20034305460,10
976700,"Size Matters",3,3340477497,1052407105,69
976730,"Halo: The Master Chief Collection",1,75237627968,62298570171,18
976840,"Happy Vampire Girl",3,115679688,27197993,77
976890,"Hidden Deep",3,1468959132,1407167202,5
976940,"永冻之壳 The Shell of Permafrost",3,230762785,207364449,11
977230,"Mars Power Industries Deluxe",3,227883221,85954884,63
977340,"Skinny",3,1678033350,781324247,54
977390,"Tokyo Warfare Turbo",1,12678219234,7646789988,40
977400,"Cell to Singularity - Evolution Never Ends",3,522032457,235741995,55
977510,"Time to Morp",0,948565105,462690402,52
977810,"THE ENIGMA MACHINE",2,377239239,260462954,31
977880,"Eastward",0,1408815417,1385974033,2
977950,"A Dance of Fire and Ice",3,2346630726,728279264,69
978300,"Saints Row®: The Third™ Remastered",3,49794984287,44396141232,11
978340,"RGB RUN",3,714486339,632799792,12
978460,"Emily is Away <3",3,66007308,21573766,68
978520,"Legend of Keepers: Career of a Dungeon Manager",3,1142362776,684037897,41
978780,"STORY OF SEASONS: Friends of Mineral Town",3,1160343346,1154374549,1
978800,"Rolling Bird",3,25854824,17088610,34
978870,"Lilycle Rainbow Stage!!!",2,3599762068,3436048384,5
979060,"Bloons Adventure Time TD",3,426859180,306212330,29
979070,"Just Die Already",3,2246619560,1528232574,32
979110,"Space Haven",2,257782885,223774985,14
979120,"Autonauts",0,780823040,373195408,53
979290,"Christmas Defence",3,54247016,52809728,3
979310,"Disjunction",3,395132778,255774944,36
979640,"Cepheus Protocol",0,5807844331,5526257805,5
979690,"The Ascent",3,21309668362,20848910638,3
979710,"Easy Pose",2,766885659,379035065,51
979810,"Grave Keeper",3,290752213,245368312,16
980300,"One Finger Death Punch 2",3,2708401765,1735346160,36
980610,"Quaver",2,518946767,423398090,19
980690,"Heavy Memories",3,17679908,9615721,46
980830,"Spirit Hunter: Death Mark",3,4721523282,4077615163,14
981260,"Love In Drawing",3,85073095,21028545,76
981430,"Gordian Quest",0,3260756031,1744819806,47
981590,"VZX Player",3,56565641,52228451,8
981600,"Eternium",3,949452084,444879749,54
981750,"CRYSTAR",2,6235020799,5728005235,9
981770,"SENRAN KAGURA Reflexions",3,8600109295,3242181052,63
982220,"Globesweeper",2,975445502,552207907,44
982290,"Airborne Kingdom",0,1775114882,1420963255,20
982720,"Paradise Lost",3,19224277687,18863468329,2
982840,"Bomber Barn",2,185197904,62406932,67
983350,"Sea Salt",1,1393957834,1172591242,16
983380,"Car Manufacture",3,12026425916,11095317023,8
983870,"FOUNDRY",1,6010128092,4327245123,29
983970,"Haven",3,5896325126,5507257888,7
984110,"SYNTHETIK: Arena",3,627990662,502513442,20
984560,"HEARTBEAT",3,743781881,562932805,25
984570,"Chess Sphere",3,132765492,45861870,66
984680,"Interstellar Space: Genesis",2,6863345238,3370538573,51
984780,"MotoGP™19",3,18286404742,17846524276,3
984800,"Automachef",3,3331070926,728329100,79
985260,"The Morrigan",3,10366624591,4093482169,61
985430,"Terrible Laboratory",3,436159860,428991863,2
985590,"Necrolepsy",3,909182142,84338604,91
985810,"GrandChase",1,9938550057,9874280854,1
985830,"SUCCUBUS",1,71799243638,40425883082,44
985890,"Streets of Rage 4",3,6548041619,6471504041,2
986040,"The Unliving",3,3492594993,740749180,79
986130,"Shadows of Doubt",3,1389561193,637582240,55
986310,"Recompile",2,2784080726,1877303289,33
986350,"Nemezis: Mysterious Journey III",1,11993900441,11966636810,1
986370,"Try To Reach 10",3,175784876,112254976,37
986800,"AVICII Invector",3,3557926639,2511929192,30
987230,"Shadow Legend VR",3,11200370138,4289680186,62
987400,"Disney's Hercules",3,306440847,269293338,13
987840,"Expeditions: Rome",3,27903935664,27405380821,2
987950,"eBall",3,1877238292,775132137,59
988100,"Super Phantom Cat",3,1032421484,131984982,88
988430,"Lightseekers",3,100936275,34229083,67
988910,"Super Mega Baseball 3",3,14417326791,14356813929,1
988940,"Dark Alley Elf",3,90255191,73020389,20
988980,"GLAD VALAKAS TOWER DEFENCE",3,81378864,80306176,2
989060,"Virtual Home Theater VR Video Player",3,68196739,49138492,28
989550,"Million Arthur: Arcana Blood",1,16204014472,13769237279,16
989690,"Conan Unconquered",3,8181803182,4928002785,40
990030,"Deep Diving Simulator",3,6686601828,3893446340,42
990050,"Death end re;Quest",3,12551149192,11579772144,8
990080,"Hogwarts Legacy",3,77779967237,75740257551,3
990260,"Collapse: A Political Simulator",2,640990503,316328946,51
990630,"The Last Campfire",3,2167200638,1281582769,41
990850,"Yanpai Simulator",3,2502282425,982732481,61
991070,"Destroy The World",3,1030175510,483912732,54
991170,"Barn Finders",1,28706646985,18081843280,38
991260,"Borderlands 2 VR",0,5189734534,4939027030,5
991270,"The Legend of Heroes: Trails of Cold Steel III",3,22248171805,19953164585,11
991560,"ONE PUNCH MAN: A HERO NOBODY KNOWS",0,7834380591,7804186887,1
991600,"Rabbit Burn",1,797724231,774867335,3
992070,"Idle Wizard",3,888514517,314084235,65
992300,"嗜血印 Bloody Spell",3,24523141846,13382413187,46
992310,"Tails Noir: Prologue",2,1436713353,1345450225,7
992490,"iVRy Driver for SteamVR",3,84415409,36652503,57
992730,"Neckbreak",2,4768789076,1909727067,60
992910,"The Black Masses",1,41447049043,26502549432,37
993030,"Rebots",0,2892218439,694179129,76
993090,"Lossless Scaling",3,157416691,61163131,62
993740,"Hentai Mosaique Puzzle",0,359535537,110694982,70
993850,"Tsukumono / つくもの",3,333236310,79397011,77
994040,"Lichtspeer: Double Speer Edition",3,526548269,293848253,45
994140,"Lightmatter",3,6300855817,1822520263,72
994220,"NEOVERSE",2,4266222172,2610024120,39
994280,"古剑奇谭三(Gujian3)",3,37421908458,37200732671,1
994340,"Cat and Ghostly Road",3,1543228229,299395682,81
994730,"Banner of the Maid",3,2689146691,1561878708,42
995450,"Geeksos",3,4584035826,1882037348,59
995700,"Jewel Puzzle Click",3,92877708,48629662,48
995980,"Fae Tactics",0,1079466230,1027930266,5
996580,"Spyro™ Reignited Trilogy",3,41603544369,41201317467,1
996770,"Moving Out",3,731070955,575859639,22
997010,"Police Simulator: Patrol Officers",3,14725028718,5305236916,64
997070,"Marvel's Avengers - The Definitive Edition",3,101608526399,101390338693,1
997240,"Siluman Fantasy - First Half -",3,431768123,417779054,4
997380,"The Sapling",0,394071397,223041990,44
998400,"Trans-Siberian Railway Simulator",3,44307689032,39119090550,12
998740,"Ring of Pain",3,858339615,629418397,27
998930,"Seek Girl",0,579542583,389865372,33
999020,"Mega Man Zero/ZX Legacy Collection",3,4236180534,4117210574,3
999220,"Amnesia: Rebirth",3,36238644188,19083208540,48
999370,"Agent A: A puzzle in disguise (Demo)",2,325522434,272234115,17
999660,"SAMURAI SHODOWN NEOGEO COLLECTION",2,10916458790,10608636080,3
1000010,"Crown Trick / 不思议的皇冠",3,1753781097,1059646924,40
1000030,"Cook, Serve, Delicious! 3?!",3,1378271206,1302888701,6
1000080,"Zengeon",1,928335729,525092233,44
1000360,"Hellish Quart",1,9552366087,6026172634,37
1000410,"WRATH: Aeon of Ruin",2,1052094405,1031145992,2
1000540,"Tactical Control",3,53761636,18474826,66
1000560,"Supraland Demo",2,2782301628,2553745235,9
1001140,"Angry Birds VR: Isle of Pigs",3,810252828,675461416,17
1001220,"BoneCraft",3,2799589574,1671468695,41
1001230,"Partial Control",1,1891927170,468149500,76
1001270,"Kebab Chefs! - Restaurant Simulator",3,5437010381,2005430650,64
1002000,"SPITLINGS",3,558782032,358763581,36
1002300,"Fear & Hunger",3,1187969194,767108757,36
1002560,"Tiny Snow",3,4640798561,4160382652,11
1003090,"Through the Darkest of Times",3,1394619951,1061203095,24
1003480,"Fireboy & Watergirl: Elements",3,180798097,87695794,52
1003520,"Hentai Crush",2,396815314,135756075,66
1003560,"Crumbling World",2,1729328422,692706618,60
1003590,"Tetris® Effect: Connected",3,5988090328,3375976833,44
1003730,"Soko Loco Deluxe",3,244284416,244260864,1
1003750,"她2 : 我还想再见到你   Her2 : I Want To See You Again",3,278065575,132409185,53
1003890,"Blacksad: Under the Skin",3,15546580768,13149383187,16
1004240,"Hentai Girl Karen",0,105011447,73397402,31
1004490,"Tools Up!",3,2151893185,1192252569,45
1004640,"FINAL FANTASY TACTICS - The Ivalice Chronicles",3,10954904366,10255674133,7
1004750,"WRC 8 FIA World Rally Championship",3,21579474468,20140392800,7
1004770,"Maiden and Spell",2,259791927,208466196,20
1004860,"The Secret Order 7: Shadow Breach",3,1949107829,1744024083,11
1005240,"Pixel Puzzles Illustrations & Anime Jigsaw Puzzles",2,461269738,438356106,5
1005300,"The Jackbox Party Pack 6",3,2359155782,2244595561,5
1005400,"Star Drift Evolution",1,3232625590,1705613540,48
1005870,"HYPERFIGHT",2,44525559,24539143,45
1005930,"Timeflow – Life Sim",3,500997386,159339058,69
1006270,"oldbI tyt ?",3,62928474,23818684,63
1006510,"Devotion",1,7823375526,4702610056,40
1006710,"Decent Icons 2",3,436884421,163545105,63
1006930,"Hentai Jigsaw Puzzle",0,426331071,299698456,30
1007040,"EARTH DEFENSE FORCE 5",3,21562932410,19961520830,8
1007140,"Future Aero Racing S Ultra",0,202375347,161118403,21
1007350,"Mirror Maker",3,1759145754,278552498,85
1007840,"Wanking Simulator",3,9135702745,4536680948,51
1008020,"Lust Epidemic",1,4564248339,4504578292,2
1008080,"SYNCED",2,68890024594,61912718012,11
1008510,"Who Is This Man",3,2243836557,897425342,61
1008710,"Wet Girl",3,445775408,129252384,72
1008860,"Repella Fella",3,8564072554,8291504870,4
1009290,"SWORD ART ONLINE Alicization Lycoris",0,95230079653,76634793505,20
1009460,"Hello, Goodbye",2,2388097933,2361366643,2
1009560,"The Tenants",3,7094166479,1883903712,74
1009850,"OVR Advanced Settings",3,79229926,41349235,48
1010330,"THE TEAR",1,777649201,356721611,55
1010750,"Blood: Fresh Supply",0,173352346,137085269,21
1010780,"Wings of Glass 玻璃の羽",1,363271368,228484021,38
1011550,"Light The Way",3,2257143655,2191334792,3
1011670,"Totally Reliable Delivery Service",3,4326563135,1224150525,72
1011940,"Ideology in Friction",3,4504576882,4496489580,1
1011980,"Depth Of Consciousness",3,458153150,93871787,80
1012030,"Detective Girl of the Steam City",3,644828295,469313352,28
1012110,"Military Conflict: Vietnam",3,27767780373,15214742031,46
1012460,"Through Abandoned: The Refuge",3,1021603996,643233679,38
1012560,"Snakeybus",3,1577655712,563734274,65
1012790,"Into the Radius VR",2,12498313532,12359443930,2
1012830,"Poor Stickman",3,76210990,20316342,74
1012840,"Moons of Madness",3,15802300350,7971993352,50
1012880,"60 Seconds! Reatomized",3,2776685208,695583065,75
1012900,"Deviant Dungeon",2,1327321792,1223945937,8
1013310,"Peaky Blinders: Mastermind",3,1674302042,1445351055,14
1013320,"Firestone – Idle Clicker Online RPG",3,460902225,316400512,32
1013870,"Leanna's Slice of Life",2,788000337,768283342,3
1013910,"Aron's Adventure",3,6479066443,6188540834,5
1014040,"PictoQuest",3,435711209,188161368,57
1014920,"Favor Chess",3,161787648,52910100,68
1014940,"Nehrim: At Fate's Edge",2,4603752986,4480256969,3
1015130,"Wounded - The Beginning",3,5756635419,5036946245,13
1015140,"10 Miles To Safety",3,2355981611,631521280,74
1015370,"eXpanSIM",2,24115277482,13694989851,44
1015470,"I Need Spirit: Off Road Edition",3,1152207217,524930932,55
1015770,"Tina: Swordswoman of the Scarlet Prison",2,1496421212,1320086355,12
1016120,"PGA TOUR 2K21",3,7092699100,6503543781,9
1016180,"Terror of Hemasaurus",2,855784074,496404628,42
1016600,"Devil Slayer - Raksasi 斩妖Raksasi",2,559443347,476868183,15
1016790,"West of Dead",3,648893508,262105930,60
1016800,"Chernobylite Complete Edition",1,38898880641,38009477203,3
1016860,"Boiling Steel",1,22666475829,12704144053,44
1016920,"Unrailed!",0,682377820,420577470,39
1016930,"The Great Perhaps",3,4965035675,595502256,89
1016960,"Super Neptunia RPG",3,5079885293,3411127334,33
1017100,"Territory Idle",3,9588969,4604001,52
1017180,"The Long Drive",0,485862961,360552964,26
1017580,"The Explorer of Night",3,48368714,33882840,30
1017610,"Butterfly",3,87585157,76259425,13
1017900,"Age of Empires: Definitive Edition",3,12933540258,11046418938,15
1018000,"Arcade Classics Anniversary Collection",3,299779058,261887558,13
1018010,"Castlevania Anniversary Collection",3,811053866,804929402,1
1018020,"Contra Anniversary Collection",3,690639812,682846740,2
1018130,"Castle Break",3,55972343,44286221,21
1018160,"MXGP 2019 - The Official Motocross Videogame",3,15543327017,15131657241,3
1018700,"Kabitis 2: Fire Sword",3,319670480,166289408,48
1018800,"DEEEER Simulator",3,841460676,359891225,58
1018830,"Element TD 2 - Tower Defense",3,15042406483,6889061411,55
1018850,"Smile For Me",3,1427063836,586153846,59
1018960,"Thugs Law",3,1336184763,376028400,72
1019310,"VirtuaVerse",1,1818916665,445323952,76
1019340,"7776 II: Dwarven Greed",3,367709837,106048440,72
1019550,"Thief Simulator VR",3,8114069382,3350481056,59
1020340,"AUDICA: Rhythm Shooter",3,1162313411,709668869,39
1020440,"Doodle Creatures",3,99638446,79342766,21
1020470,"Evoland Legendary Edition",3,1173995715,652183062,45
1020540,"CONTRA: ROGUE CORPS",3,13253889603,11801559040,11
1020590,"Space Pilgrim Academy: Reunion",3,806274624,677069732,17
1020600,"Extreme Truck Simulator",3,217553072,93510568,58
1020790,"NARUTO X BORUTO Ultimate Ninja STORM CONNECTIONS",2,34568041499,32129065331,8
1020800,"CAR TUNE: Project",3,10520760571,3832678168,64
1021100,"Aircraft Carrier Survival",3,9981324298,5342304794,47
1021210,"Cyber Knights: Flashpoint",2,12797409928,10410369093,19
1021770,"Wanba Warriors",2,138420566,86918137,38
1022450,"War Selection",3,2197552000,1865838890,16
1022980,"Ostranauts",2,689961177,415278162,40
1023740,"7 Sexy Sins",0,1128614471,332316284,71
1024020,"DayZ Experimental",2,19553985087,17363958295,12
1024380,"Second Extinction™",3,10050316746,9763106816,3
1024460,"Destructive Physics - Destruction Simulator",3,600998128,345292130,43
1024480,"Immortal Realms: Vampire Wars",2,13093190932,8407160791,36
1024490,"Super Jigsaw Puzzle: Anime Reloaded",3,989736025,970073986,2
1024890,"Sector's Edge",2,860281998,797280802,8
1025240,"GLAD VALAKAS TOWER DEFENCE 2",3,130881952,129560576,2
1025410,"Metamorphosis",1,9993557450,9945867451,1
1025440,"Fantasy General II",1,2423729380,1775186752,27
1025500,"Age-Old Cities VR",2,7088794228,2942515162,59
1025600,"Battle Realms: Zen Edition",3,2026466910,1326096343,35
1025650,"Astrog",3,3734154687,3070908053,18
1025960,"BURIED STARS",3,9369554553,4261892189,55
1026160,"Misadventures of Laura Silver",1,647227070,541057318,17
1026420,"WARSAW",3,6818854496,2472518732,64
1026680,"FINAL FANTASY VIII - REMASTERED",3,2877658624,2638568661,9
1026840,"Ultra Fight Da ! Kyanta 2",1,184107587,152879104,17
1026910,"Memorise'n'run",3,20919953,16078012,24
1027250,"The Alliance Alive HD Remastered",3,5930757894,5558174118,7
1027820,"Hand Simulator: Horror",2,7385340693,4041379284,46
1028210,"Hentai Fantasy",0,456097136,138234917,70
1028300,"Katana Soul",3,52955023,51937280,2
1028310,"BOOK OF HOURS",2,2139446972,1206526989,44
1028350,"Pupperazzi: The Dog Photography Game",3,512045704,238632105,54
1028630,"Cricket 19",2,40560247705,40131224377,2
1028730,"Creo God Simulator",3,534245165,126211462,77
1028740,"Herd is Coming",3,1966141330,1397756388,29
1028750,"Ultimate Logic Puzzle Collection",3,185491539,34553546,82
1028840,"Super Toy Cars 2",0,4928950473,2754576784,45
1029210,"30XX",2,1243407918,712247753,43
1029340,"Stream Animals: Free For All",3,540073258,165228450,70
1029560,"Bandits",1,1165076705,547254272,54
1029690,"Sniper Elite 5",3,102872830993,83265620627,20
1029780,"Going Medieval",0,667699363,359172181,47
1029890,"Layers of Fear 2 (2019)",3,14632431795,14376051728,2
1029980,"UBERMOSH Vol.7",3,796596863,732286582,9
1030210,"Torchlight III",3,6564044493,6329181629,4
1030300,"Hollow Knight: Silksong",3,8164060458,2453556910,70
1030830,"Mafia II: Definitive Edition",2,47328029579,46701790459,2
1030840,"Mafia: Definitive Edition",3,38928337404,37982543609,3
1031120,"Bakery Simulator",3,15194404065,7217638059,53
1031210,"Fantasy Heroes",3,177209500,171963884,3
1031270,"Farming Life",3,3220639063,890539639,73
1031440,"TOKYO CHRONOS",0,1561692074,836569567,47
1031460,"Sail Forth",2,553276208,367299156,34
1031480,"TouHou Makuka Sai ~ Fantastic Danmaku Festival Part II",3,422539557,382054151,10
1031500,"SUPER ROBOT WARS V",3,14860641968,13871777600,7
1031550,"Lovers ' Smiles 2",3,122835435,43913710,65
1032430,"Blood Trail",3,26517666443,11524410823,57
1032670,"FOCUS on YOU",2,8501108310,4547265045,47
1032700,"Bus Driving Sim 22",3,9181809202,3688886903,60
1033100,"Mobler",3,1055045055,473882118,56
1033170,"Talisman: Origins (Classic)",3,1362670029,1336653871,2
1033420,"9-nine-:Episode 2",2,2244722641,1943252011,14
1033880,"Press F to pay respects",3,98636884,34454142,66
1033950,"Lamentum",3,1882058251,130630840,94
1034140,"Subverse",2,48109092381,47078998411,3
1034160,"Extreme Racing on Highway",3,112231030,45278367,60
1034370,"Iron Heart",3,172667491,165118324,5
1034410,"Strike Solitaire",3,30906513,24598801,21
1034700,"GRAY",3,2673702279,2666733166,1
1034860,"GRANDIA HD Remaster",2,5157987896,4864186282,6
1034900,"Blaster Master Zero",2,170818620,122362180,29
1034910,"Blaster Master Zero 2",2,194430028,191006612,2
1034940,"Higurashi When They Cry Hou - Ch.7 Minagoroshi",2,2556535940,2342464390,9
1035050,"Alt-Frequencies",3,503943940,364328697,28
1035120,"Lust from Beyond",1,40438348686,28113765864,31
1035510,"Ultimate Zombie Defense",3,2206008256,1956086369,12
1035610,"Hentai Mosaique Vip Room",0,412308109,202276526,51
1035800,"Mistress of Maids: First Castle",3,30806892,22667264,27
1035870,"Mercenary Leto Demo",3,741502902,155870381,79
1036240,"Definitely Not Fried Chicken",1,1123500748,537735142,53
1036260,"Journey For Elysium",3,8448924113,4140952605,51
1036370,"Flying Red Barrel - The Diary of a Little Aviator",3,312022048,304660324,3
1036580,"National Park Girls: Love Our Parks Edition",0,1934943086,1687023602,13
1036640,"RPG Developer Bakin",3,11984444835,7039931758,42
1036700,"My Beautiful Paper Smile",2,1984221566,1748807801,12
1036890,"Shadow Warrior 3: Definitive Edition",3,23913901383,23426861004,3
1036930,"PC Fútbol Stars",2,331387823,79819722,76
1036950,"Super Jigsaw Puzzle: Generations",3,27586740912,27321501296,1
1036990,"Royal Gems",3,55698058,50191436,10
1037010,"Mystery Solitaire Grimm's Tales",3,48227740,43059516,11
1037020,"ScourgeBringer",3,373132276,345007548,8
1037130,"Dandy Ace",2,2593526390,1783276782,32
1037190,"Shipped",3,262537693,138748411,48
1037460,"DEEP 8",3,1005651903,877379140,13
1037590,"Neptunia Shooter",3,26116050,18877587,28
1037910,"Paw Paw Paw",2,1176437185,324817178,73
1038250,"DIRT 5",3,41889186114,35843092480,15
1038300,"New Super Lucky's Tale",1,6125269678,5437086056,12
1038620,"House of 1000 Doors: Evil Inside",3,2107877775,1114767305,48
1038740,"Fluffy Store",0,1727577670,1514060428,13
1038810,"GOD WARS The Complete Legend",2,7056232712,5479390087,23
1039570,"Find the Oil Racing Edition",3,1183155690,590541665,51
1039880,"Hellsplit: Arena",3,21301596106,11952847105,44
1039890,"EARTH DEFENSE FORCE: IRON RAIN",3,23974613954,15192491924,37
1040070,"Merchant of the Skies",3,403677709,78364298,81
1040200,"Crime Scene Cleaner",3,43023986148,20054982762,54
1040230,"Curious Expedition 2",3,2681467553,1853942392,31
1040420,"Dreamscaper",3,4963088543,2379863158,53
1040430,"Adventure Climb VR",2,6501321964,2941218419,55
1040730,"ZUSI 3 - Aerosoft Edition",3,8885015482,3607946841,60
1041320,"Lords Mobile",1,1283990080,555448952,57
1041390,"Legend of Cina",3,185404712,173538459,7
1041720,"Kingdoms of Amalur: Re-Reckoning",3,44525470267,42838914869,4
1042170,"Summon of Asmodeus",1,369342947,114003789,70
1042490,"Call of the Sea",3,12710348780,12547893957,2
1042550,"Digimon Story Cyber Sleuth: Complete Edition",3,6554486382,6103692614,7
1042600,"Demon Queen Melissa",2,1059752941,1039204859,2
1042670,"Orangeblood",2,396570586,270301926,32
1042780,"Pine",3,2573240274,2317383057,10
1042800,"Warhammer 40,000: Inquisitor - Prophecy",3,86759892755,44588142368,49
1042860,"Golden war spirit",3,43376560,33609628,23
1042920,"Unsouled",2,1346361208,657085985,52
1042930,"Trackmaster",0,1814873925,1646260283,10
1043150,"Danger Gazers",2,424727818,393523354,8
1043180,"Lovers of Aether",3,113029471,83859356,26
1043260,"Gladiator Guild Manager",2,3101663216,855791913,73
1043340,"No Time",2,2149220021,1457037611,33
1043390,"FlowScape",3,5355335721,3443299560,36
1043430,"Tidal Tribe",2,544253853,532816284,3
1043810,"Tactical Breach Wizards",3,2530935810,1293279889,49
1044200,"Wasteland Survival",2,485773533,336822871,31
1044340,"The 7th Guest: 25th Anniversary Edition",3,1360638914,1255983734,8
1044490,"The Expression Amrilato",3,800532927,720398974,11
1044620,"Aokana - Four Rhythms Across the Blue",2,10154203426,10098581794,1
1044720,"Farthest Frontier",2,5163251854,3287244051,37
1045120,"Brunch Club",3,296623527,162226676,46
1045520,"Acting Lessons",1,3705938462,3652003224,2
1045610,"Startup Panic",2,1273266492,363093868,72
1045620,"Atelier Lulua ~The Scion of Arland~",2,14061924771,9747199592,31
1045720,"The Coma 2: Vicious Sisters",2,2445343504,1474189533,40
1046030,"ISLANDERS",2,487044556,241270021,51
1046400,"Astalon: Tears of the Earth",2,560217104,254644898,55
1046480,"THE IDOLM@STER STARLIT SEASON",2,16297193484,15961259018,3
1046790,"Eternal Threads",3,9107313980,5828173281,37
1046820,"I'm on Observation Duty",3,1219441008,481566140,61
1046930,"Dota Underlords",3,3186294183,2339498830,27
1047220,"Frog Detective 2: The Case of the Invisible Wizard",3,329674755,235792081,29
1047440,"DATE A LIVE: Rio Reincarnation",2,17354301107,9507355315,46
1048270,"Sexy Breakout",0,198633109,136526980,32
1048350,"Nigate Tale",1,3092292924,2980433920,4
1048370,"Idle Skilling",3,244613605,117519516,52
1048540,"Kao the Kangaroo: Round 2 (2003 re-release)",3,1027557174,676034248,35
1048710,"Hentai puzzle ? Not again....",3,70556210,29036628,59
1049280,"Pilgrims",3,481038982,259313946,47
1049320,"River City Girls",2,5145655055,3309056060,36
1049400,"Answer Knot",2,1098055379,577966829,48
1049410,"Superliminal",3,16010744346,4348762806,73
1049590,"Eternal Return",0,10928915375,9618778603,12
1049660,"stein.world",2,373826698,233753467,38
1049710,"Minute of Islands",3,2422381021,2001064743,18
1049820,"Must Dash Amigos",1,709799814,587118723,18
1049850,"UFO2: Extraterrestrials",2,3361672673,3306272189,2
1049890,"Little Witch Nobeta",2,8853889937,7345852521,18
1050000,"Bear With Me: The Lost Robots",3,4538034812,2578348947,44
1050130,"Sakura Melody",0,1079614171,281152954,74
1050680,"Survirus",3,57919255,22206250,62
1050810,"The Hunt in the Forest",3,151284205,63107994,59
1051200,"Trover Saves the Universe",2,25564000684,7891365966,70
1051410,"Wanderlust: Travel Stories",1,1303592735,1083006053,17
1051690,"Nightmare Reaper",2,3748777082,1325566487,65
1051950,"Voyage",3,676435872,582369280,14
1052070,"Burning Daylight",2,2189047139,2052935841,7
1052440,"Croixleur Sigma - Deluxe Edition",2,4136875369,1958080259,53
1052870,"Pixel Puzzles 2: Paintings",3,226261352,191625906,16
1052900,"Assault of the Robots",3,83061156,21944125,74
1052990,"A Monster's Expedition",3,560932156,384818187,32
1053560,"Saint Hazel's Horsepital",3,1509348896,413689397,73
1053680,"Granny Simulator",2,2944513345,1500169976,50
1053710,"The Red Lantern",2,1654380695,1331219947,20
1054340,"Logic World",2,1437431329,513415088,65
1054370,"Sandbox Anything",3,1499908968,300330000,80
1054430,"Fling to the Finish",3,2888551264,1060282385,64
1054490,"Wingspan",1,1660503288,1457613129,13
1054510,"Survivalist: Invisible Strain",3,2617604230,1209814790,54
1054550,"Phantom Rose",2,911828582,800216309,13
1054690,"Dreadlands",3,13931761149,13891957701,1
1054930,"Mine the Gold",3,110856562,28178226,75
1055170,"Sir Lovelot",2,379981895,160989668,58
1055210,"Retrograde Arena",3,385179823,189321190,51
1055380,"Code S-44: Episode 1",3,6427714494,1838821455,72
1055430,"Swords and Sandals Classic Collection",2,1002736249,977035268,3
1055540,"A Short Hike",3,329021927,226001184,32
1055620,"Minions Battle",3,81650661,32905523,60
1055850,"Inspector Waffles",3,607944407,309857969,50
1056470,"City Zombies",3,82388416,22235955,74
1056610,"Heal",3,239750186,238669824,1
1056640,"Phantasy Star Online 2 New Genesis",0,114535901278,113810423279,1
1056690,"Drink More Glurp",2,191640744,126788299,34
1056720,"Knight Club +",3,180021678,163975164,9
1056960,"Wolfenstein: Youngblood",3,45788256154,43429251388,6
1056970,"Wolfenstein: Cyberpilot",3,16704116690,15989950680,5
1057090,"Ori and the Will of the Wisps",3,12149544871,4610957449,63
1057430,"Geometry May. I swear it's a nice free game",3,259438937,192553057,26
1057540,"Cthulhu Saves Christmas",3,1516815472,303416626,80
1057640,"Onirism",2,47423942714,26076308706,46
1057720,"Shattered Lights",3,2990982602,1237580630,59
1057750,"The Suicide of Rachel Foster",1,8784397909,8724338021,1
1057850,"Neon Boost",3,1638230655,510409147,69
1058020,"STAR WARS™ Battlefront (Classic, 2004)",3,3008197026,2130199358,30
1058060,"Princesses Never Lose!",2,1998025664,1910643093,5
1058130,"Queen's Wish: The Conqueror",3,170346196,146385244,15
1058200,"Pixel Puzzles Traditional Jigsaw Puzzles",2,588167273,565254983,4
1058210,"Pixel Puzzles 2: Halloween",3,246782728,214211668,14
1058320,"Toki",3,458118483,425121054,8
1058450,"MY HERO ONE'S JUSTICE 2",3,12919910363,12701967805,2
1058500,"Muscle Car Robot",3,475242777,197285862,59
1058640,"RED HOT VENGEANCE",3,235427154,188700166,20
1058650,"Beyond The Wire",3,62785504004,32817239297,48
1058770,"我来自江湖 From Jianghu",3,275785987,168069464,40
1058830,"Spin Rhythm XD",3,1185062810,1008922648,15
1058930,"Top Burger",3,147643516,34850609,77
1058980,"Dinosaur Bone Digging",3,115749337,30124892,74
1059110,"Superball",3,11587156875,10169280379,13
1059120,"Kinoko",3,1158652476,650512064,44
1059980,"Just King",2,524504811,312569572,41
1059990,"Trombone Champ",3,891360374,605665390,33
1060180,"Cyber Driver",3,412850645,217023271,48
1060210,"Disaster Report 4: Summer Memories",3,28216392629,27852060289,2
1060220,"Langrisser I & II",2,4863635943,1744266212,65
1060230,"Sapiens",3,399027604,287732984,28
1060300,"Homeless Simulator",3,360931770,153987217,58
1060670,"Taboos: Cracks",0,106853257,42734483,61
1061090,"Jump King",3,1686049300,984937616,42
1061150,"Muscle Magic",3,1925168561,521950712,73
1061180,"Crumble",3,679471441,581593019,15
1061610,"Tenderfoot Tactics",3,1975255539,1629492808,18
1061880,"Conan Chop Chop",2,2536612615,683197874,74
1061910,"Metal: Hellsinger",3,14620932554,9029875200,39
1062040,"Dragon Star Varnir",3,11364965983,10065216442,12
1062060,"Rhome",3,3343659068,1468063619,57
1062070,"Tex-Mechs",3,759799136,685727668,10
1062080,"Goofballs",3,1681050171,503975946,71
1062090,"Timberborn",3,2124586522,1155077919,46
1062100,"HaberDashers",3,1492677454,467117477,69
1062110,"UNSIGHTED",3,2205491192,345887500,85
1062140,"Garden Story",3,100741482,62096299,39
1062160,"Poly Bridge 2",3,533490471,367578175,32
1062520,"Dinkum",0,1729825205,707066873,60
1062810,"Inkbound",2,3594814026,2108063053,42
1062830,"Embr",3,9740735241,2274131905,77
1063030,"Monaco 2",1,9357755618,3979948098,58
1063190,"绽于枝垂樱下~Flowering Across the Hakugyokurou",3,108555000,101387815,7
1063310,"Vane",1,2791704567,2423289685,14
1063420,"Void Crew",3,7327582800,3226179252,56
1063490,"Still There",3,367070251,292902913,21
1063660,"Bendy and the Dark Revival",3,11394997508,4657108264,60
1063730,"New World: Aeternum",1,65302264360,63320539656,4
1063950,"SUPER RECOILFIGHT",3,55756219,23289754,59
1063980,"Hell Architect",3,2318977618,778136668,67
1064130,"Sakura MMO 3",0,349953819,289669961,18
1064610,"Neon Beats",3,214485398,107274444,50
1064730,"Fantasy Girl",0,471618458,283838137,40
1064950,"Fluid Lander - フリュードランダー",3,387514656,132557723,66
1065020,"Micro Mages",3,20964413,9744705,54
1065180,"Azure Striker Gunvolt 2",3,1457155544,1029530090,30
1065260,"GENSOU Skydrift",2,1439250913,856015232,41
1065310,"Evil West",3,35853849597,35056826637,3
1065320,"REKT! High Octane Stunts",3,256782377,129376370,50
1065350,"The Grandmaster",3,115166409,46026733,61
1066260,"Devolver Bootleg",3,102021202,53587968,48
1066760,"Moonshine Inc.",3,16184104999,11273688495,31
1066780,"Transport Fever 2",3,40369500761,22246402982,45
1066860,"RPG Paper Maker",2,449916696,255581661,44
1066890,"Automobilista 2",0,113172018243,107493908153,6
1066900,"qomp",2,216226771,119159163,45
1067310,"Gravitas",2,7386810179,1998485384,73
1067360,"Pax Autocratica",3,33790123275,30028632911,12
1067540,"Röki",2,2201146415,1410156981,36
1067810,"First Day",3,7709122474,3068843301,61
1067850,"Kindergarten 2",3,213868683,63692816,71
1068820,"OVR Toolkit - Desktop Overlay",3,1069170404,352627131,68
1069030,"EarthX",2,917032048,248751306,73
1069160,"SKALD: Against the Black Priory",1,731628578,413106761,44
1069190,"Flight Of Nova",3,8779127178,3344442000,62
1069470,"Dots & Girls",3,487968728,149003886,70
1069530,"Narita Boy",2,1887584611,1530069420,19
1069640,"This Land Is My Land",3,7566575442,4036216166,47
1069660,"Ultimate Admiral: Dreadnoughts",3,3672576734,1406617008,62
1069740,"Seen",3,813953548,726009615,11
1069760,"Ethereal Enigma",2,1539637598,1436701447,7
1069790,"Changed-special",3,112854984,89725221,21
1070110,"ELYSION",1,3052600874,587906813,81
1070330,"Russian Life Simulator",3,254841217,181708277,29
1070550,"Don't Escape Trilogy",3,127722654,106514261,17
1070580,"Drift86",3,7255683203,2923679943,60
1070590,"Butterfly 2",3,181476677,161751080,11
1070710,"Kind Words (lo fi chill beats to write to)",3,244644076,131379693,47
1070820,"RealFlight 9.5S",2,9909170265,5465992561,45
1070860,"Serin Fate",2,720919420,440394087,39
1070910,"Are You Ready for Valve Index?",3,17232662,7647434,56
1071120,"Mushroom Cats",3,20209115,20165083,1
1071130,"The Procession to Calvary",1,1441749312,729758888,50
1071290,"Wild West and Wizards",3,3840459960,975038386,75
1071870,"Biped",3,5142649770,2338671768,55
1072120,"Hentai Pussy 2",3,72685607,26423256,64
1072150,"Hedon Bloodrite",3,600236367,583151144,3
1072270,"K-9 Dog Job",3,79461862,20328388,75
1072390,"BirdGut",3,3529772854,201642166,95
1072420,"DRAGON QUEST BUILDERS™ 2",3,4291202726,4184278749,3
1072480,"The Fisherman - Fishing Planet",0,10065666430,6301497002,38
1073390,"Aircar",3,892980026,840838990,6
1073440,"コイカツ！ / Koikatsu Party",3,65136155990,51201541225,22
1073640,"JetX Space Edition",3,1702583761,1523095692,11
1073900,"Brukel",3,4888324544,2146178904,57
1073910,"Before We Leave",3,1688998646,880949080,48
1074070,"Dust to the End",3,1222793932,915981072,26
1074080,"SENRAN KAGURA Peach Ball",2,6964216430,4521601206,36
1074190,"Dragon Spirits 龙魂：学院奇闻",3,1082028267,1001295638,8
1074520,"A Sceptic's Guide to Magic",3,850158258,726462211,15
1074630,"Call Of Unity",3,477222732,163275687,66
1075200,"TOHU",0,14055558602,3142700250,78
1075740,"Banners of Ruin",3,1029697553,615851860,41
1076160,"Command: Modern Operations",3,20505574233,11109843049,46
1076200,"Roguebook",3,4319223907,1626682514,63
1076550,"SAMURAI SHODOWN V SPECIAL / サムライスピリッツ零スペシャル",2,346715579,289203830,17
1077520,"The Light Remake",3,1632524280,985013040,40
1078000,"Gamecraft",3,659276690,511293847,23
1078320,"Public Defense Corp",3,892841670,849802368,5
1078330,"Liz ~The Tower and the Grimoire~",2,504657296,480422463,5
1078350,"Ambrosia",2,1505795308,1364098611,10
1078760,"Motorcycle Mechanic Simulator 2021",3,21048509636,18011191646,15
1078920,"Main Assembly",0,3365939638,1902945409,44
1078970,"局外人 L'Etranger",3,461947802,446092309,4
1079210,"Spark the Electric Jester 2",2,2354085603,2102721799,11
1079260,"Fireworks Mania - An Explosive Simulator",3,954881380,287392632,70
1079630,"Death Jump",3,147045755,119091207,20
1079800,"Pistol Whip",3,2250013601,1279210789,44
1079830,"Cris Tales",3,9259987060,3321316564,65
1080010,"Witchtastic",2,6831535316,2209202519,68
1080020,"Electrician Simulator",3,14663364706,7975712891,46
1080110,"F1 2020",3,44398081736,35721937978,20
1081510,"She Sees Red - Interactive Movie",3,2671822769,2557320699,5
1081780,"Aisu Paradise",2,198271484,176981267,11
1082190,"Elroy and the Aliens",3,2424834178,2263383894,7
1082430,"Before Your Eyes",3,5150823303,2178167725,58
1082680,"The Walking Dead Onslaught",3,10769946675,10528542311,3
1082710,"Bug Fables: The Everlasting Sapling",3,279675915,216983119,23
1082930,"The Signifier Director's Cut",1,32005541713,17273621488,47
1083190,"Disc Creatures",2,210356602,207669145,2
1083210,"符文女孩/Rune Girl",0,495512582,191080032,62
1083880,"Princess & Conquest",2,1280096393,1226725984,5
1084020,"TheoTown",2,225429352,167118156,26
1084160,"Jagged Alliance 3",3,16629430617,16075206786,4
1084220,"Cavity Busters",2,191646236,147150344,24
1084600,"My Time at Sandrock",3,38722867523,23150215483,41
1084640,"Chicken Police - Paint it RED!",3,4945072574,3198937230,36
1084870,"OSK - The End of Time",3,2236441893,575462443,75
1085180,"Gunvolt Chronicles: Luminous Avenger iX",3,1977999795,1355226297,32
1085220,"Figment 2: Creed Valley",3,1539795955,1330923895,14
1085510,"Garfield Kart - Furious Racing",3,1915828305,1620175801,16
1085520,"Offroad Racing - Buggy X ATV X Moto",0,12259482620,6816296779,45
1085630,"VASARA Collection",2,3081352115,2722953776,12
1085660,"Destiny 2",2,121725022803,119445854565,2
1085750,"Sex with Stalin",1,14601419917,12689334272,14
1086010,"198X",3,524978714,347345895,34
1086410,"Golf Around!",3,3775414743,1577181462,59
1086620,"Selfloss",3,3541128611,1824263051,49
1086640,"Dude Simulator 3",3,627332386,225117440,65
1086850,"Garden of the Sea (VR)",3,590464288,418668157,30
1086860,"TOUHOU SKY ARENA MATSURI CLIMAX",3,3242698586,2120443186,35
1086940,"Baldur's Gate 3",2,152159263542,136895150435,11
1087760,"The Gunk",3,11174528199,6215180288,45
1087810,"Forgetful Dictator",2,381246048,101553230,74
1088090,"Day of Dragons",3,21421902073,12456181254,42
1088150,"Scribble It!",3,875318487,235757632,74
1088710,"Yakuza 3 Remastered",3,28817604181,25243758208,13
1088770,"Car Mechanic Simulator VR",0,13811111325,9691476007,30
1088790,"Rebel Inc: Escalation",3,1920213330,681081311,65
1088850,"Marvel's Guardians of the Galaxy",3,81206384113,52235515846,36
1088880,"Пацанский цитатник / Russian Test",3,187175037,102916399,46
1088950,"Touring Karts",0,2629479661,1061228073,60
1089090,"ONE PIECE: PIRATE WARRIORS 4",3,23629693566,22880790647,4
1089130,"Quake II RTX",3,1232498436,1110483030,10
1089350,"NBA 2K20",3,105515181782,101922754565,4
1089600,"LYSER",3,131573891,107195551,19
1089780,"Tales Of Glory 2 - Retaliation",1,25369793945,15188893340,41
1089840,"Armored Brigade",1,714107124,563196836,22
1089980,"The Henry Stickmin Collection",3,461491392,441704404,5
1090390,"House of 1000 Doors: Serpent Flame",3,914878516,881299233,4
1090630,"Granblue Fantasy: Versus",2,10663410991,10365622372,3
1090700,"Lights Orb",2,926475262,417519415,55
1090790,"Magicolors",3,810460645,256641732,69
1090900,"Yes, Master!",3,61426599,57428690,7
1090920,"Gubble",3,352825797,93868646,74
1091320,"DEPO : Death Epileptic Pixel Origins",3,1980240054,662271086,67
1091500,"Cyberpunk 2077",1,83287835079,80637351584,4
1091570,"Transporter Truck Simulator",3,184804790,76134756,59
1091980,"The Bard's Tale IV: Director's Cut",3,27750690156,27490977146,1
1092050,"Fire On Fight : Online Multiplayer Shooter",1,2349754114,1518961799,36
1092400,"月球坠落时 Moon Fall",3,5619962322,1687916802,70
1092430,"Budget Cuts 2: Mission Insolvency",3,6935386998,3326278211,53
1092500,"AQUARYOUNS World",3,1133386015,988434206,13
1092630,"Rogue Glitch Ultra",2,175709717,103813667,41
1092660,"Blair Witch",3,15478557556,15256277026,2
1092700,"Hello Neighbor Pre-Alpha",1,1142517583,478926738,59
1092710,"Hello Neighbor Alpha 1",1,1773055919,847236723,53
1092790,"Inscryption",3,3513896472,2069393127,42
1092980,"Mountain Taxi Driver",3,134211892,56157761,59
1093330,"Conscious Existence - A Journey Within",2,28708826116,28427417576,1
1093840,"NiGHT SIGNAL",0,1554359546,1348404377,14
1093910,"Tales of the Black Forest",3,468834928,343638345,27
1094390,"Waltz of the Wizard",2,7819808739,5254834314,33
1094520,"部落与弯刀 Sands of Salzaar",2,2438358350,2044267721,17
1094600,"Kingdom of Night",2,597134910,515017098,14
1094680,"Hidden Through Time 2: Discovery",1,605444414,507006646,17
1094730,"Black Legend",3,12989105108,5741795040,56
1094760,"Stonedeep",2,3483639491,2889196486,18
1094780,"Fisher Online",0,10134185329,8779320232,14
1095040,"Unexplored 2: The Wayfarer's Legacy",3,1218270388,630303970,49
1095120,"Helheim Hassle",3,1263889332,1039574833,18
1095260,"Airtight City 密闭之城1.0",2,1798750419,879296675,52
1095320,"Revenge on the Streets",3,236180032,135176192,43
1095650,"Dinosaur Island 1979",3,2316718252,1133529309,52
1096140,"Timemelters",3,8369900329,5632346175,33
1096410,"Vampire: The Masquerade - Coteries of New York",3,3486786880,1744260135,50
1096520,"Venture Seas",2,992567916,881465161,12
1096530,"Solasta: Crown of the Magister",1,27122643031,25528415060,6
1096570,"SONG OF HORROR COMPLETE EDITION",2,20428570274,20334544628,1
1096660,"A Plague Tale: Innocence Demo",3,12475515541,10999103298,12
1096900,"RPG Maker MZ",3,3613405044,1934135174,47
1097130,"Circuit Superstars",0,1463852082,1187225639,19
1097150,"Fall Guys",1,5134414428,4623625486,10
1097200,"Twelve Minutes",1,2257686640,1441723828,37
1097350,"Weird West: Definitive Edition",3,12798999858,6247147134,52
1097580,"CUSTOM ORDER MAID 3D2 It's a Night Magic",0,63270798320,51086471038,20
1097590,"Cleaner",3,106310861,49787772,54
1097620,"Fast and Low",3,7981759182,1701820757,79
1097750,"Ezaron Defense",3,1399861085,510416712,64
1097770,"Aeolis Tournament",0,600195897,461412610,24
1097840,"Gears 5",0,92729080794,91548963718,2
1098130,"Get Stuffed!",2,10251308233,5607036801,46
1098270,"ColdSide",3,9997134820,6487143694,36
1098280,"Mago",2,639770575,475238571,26
1098470,"The Gardener and the Wild Vines",2,298007582,159270314,47
1098840,"ZACH-LIKE",2,1299060858,1003487690,23
1099140,"她3 : 复乐园之曦 Her3 : The Light of Paradise Regained",3,463768190,196143336,58
1099220,"The Alien Cube",3,19533349535,19272532641,2
1099410,"A Total War Saga: TROY",3,37479516609,25376602117,33
1099500,"The Curious Tale of the Stolen Pets",1,1215772847,629369663,49
1099550,"3D Organon",3,1182046193,595816104,50
1099640,"Jack Move",3,1626415509,1019372671,38
1100410,"Commandos 2 - HD Remaster",3,3839363067,3045979338,21
1100990,"Aimbeast",3,3318970880,3098387732,7
1101120,"Gunsmith Simulator",3,25136274899,13089115793,48
1101130,"My Typing Skill",3,318433987,64170809,80
1101190,"Dungeon Defenders: Awakened",3,14400407460,6064366885,58
1101360,"Rock of Ages 3: Make & Break",3,2566779802,2492780974,3
1101580,"Spooky Starlets: Movie Monsters",2,6572835356,1683303847,75
1101790,"War Mongrels",3,15104303148,14882596356,2
1101930,"Monsters of Little Haven",2,428298058,351805842,18
1102130,"Florence",3,644391314,222984455,66
1102190,"Monster Train",3,1196730511,716767169,41
1102580,"Traffix",3,331692153,69506448,80
1102930,"KoboldKare",3,810341428,690531160,15
1103210,"We Become What We Behold [Fan-Made Port]",3,156523445,65909348,58
1103490,"Sweet Dream Succubus - Nightmare Edition",3,937539266,753668533,20
1103520,"Foodie Bear",3,203998695,108208135,47
1103730,"Shing!",3,4461408606,2550492207,43
1103800,"World War Zero",0,1309712191,1184526338,10
1103860,"The Wizards - Dark Times: Brotherhood",0,24035443308,15036411014,38
1104330,"Founders' Fortune",3,3095107841,600609327,81
1104380,"The Room VR: A Dark Matter",0,3658004086,2581650662,30
1104390,"Ravenfield: Multiplayer Mod",3,500827566,194338954,62
1104450,"Bombergrounds: Reborn",2,582822888,353563070,40
1104660,"MO:Astray",2,6732686955,1352802512,80
1105110,"OXXO",3,182310285,54360124,71
1105420,"Game of Thrones Winter is Coming",1,9523852017,8380611268,13
1105500,"Yakuza 4 Remastered",3,36664332293,32234496243,13
1105510,"Yakuza 5 Remastered",3,33486505492,29411429939,13
1105590,"Dream Cycle",2,38081392348,27503003690,28
1105620,"Exertus",3,817408246,311114112,62
1105670,"The Last Spell",2,4951074984,1469457238,71
1105890,"Tilesetter",3,216088732,84807074,61
1106060,"Attack it! Devil legion",3,2107239437,152098493,93
1106530,"GemCraft - Frostborn Wrath",3,217543804,182517452,17
1106770,"Shepherd of Light",2,3335208888,1256687539,63
1106840,"Hydroneer",2,6948998734,3164452549,55
1107340,"LONN",3,17747423619,17676104954,1
1107790,"The Complex",3,10539475990,9875221944,7
1108000,"Children of Silentown",3,5848896464,2135604976,64
1108320,"妄想破绽 Broken Delusion",3,4612130076,3811212840,18
1108560,"罪業狂襲 - Frenzy Retribution",3,2836842904,1522736276,47
1108590,"Eldest Souls",3,1193217937,738113965,39
1108630,"Gythol Granditti: The Crypt of Darkness",3,26557431,14786903,45
1109160,"Giants Uprising",2,14964546501,9430498240,37
1109280,"Back To Hell",3,60689491,57216705,6
1109360,"Hentai Mosaique Fix-IT Shoppe",0,1162805779,492784784,58
1109400,"Dino Delivery",3,4047320066,1484770496,64
1109410,"Perspective",3,160885726,127803569,21
1109420,"The Luminist",3,5085390900,1781755502,65
1109460,"There is No GreenDam",3,388341837,96841696,76
1109680,"Regiments",1,7433988815,3783734835,50
1109690,"Asterix & Obelix XXL 3  - The Crystal Menhir",0,2773405455,1401636068,50
1110050,"Evan's Remains",3,160266139,103064310,36
1110100,"Power Rangers: Battle for the Grid",2,2449283270,1652440590,33
1110390,"Unturned - Dedicated Server",1,1927206081,1427841975,26
1110910,"Mortal Shell",3,14940657110,8726139116,42
1111210,"The Backrooms Game FREE Edition",3,301436818,191404134,37
1111380,"ROBOTICS;NOTES ELITE",2,6138410417,5760573477,7
1111460,"小白兔电商~Bunny e-Shop",2,5289688392,5226478485,2
1111540,"Room 40",3,377836653,241784228,37
1111930,"Underspace",2,11477233318,5498877416,53
1111940,"Quiplash 2 InterLASHional",3,343528303,324782141,6
1112570,"Crime Cities",3,663800310,595771761,11
1112620,"Isles of Adalar",0,34459346477,11997410523,66
1112890,"Calico",3,909040632,435009765,53
1113000,"Persona 4 Golden",3,11185933715,9982110885,11
1113030,"Stellar Warfare",1,5738497147,2362989669,59
1113090,"Crown of the Empire",3,741843694,244526891,68
1113120,"IXION",3,12576139992,4910936020,61
1113560,"NieR Replicant™ ver.1.22474487139...",3,26193500423,22393508204,15
1113570,"Voice of Cards: The Isle Dragon Roars",3,3973568158,3633460815,9
1113940,"Electronic Super Joy 2",3,571824021,322186459,44
1114030,"The Room Syndrome",3,60254013,35430497,42
1114150,"CarX Street",3,19932099656,17093954763,15
1114220,"Gedonia",2,6472664796,3599704678,45
1114290,"Windjammers 2",3,486230890,439518784,10
1114420,"PLAY'A VR  Video Player",2,519438212,265961014,49
1114530,"TTV3",3,108808051,97550434,11
1114630,"Dr. Tacocat",3,1148423287,145191628,88
1114730,"Femdom Lines",2,91776637,23958264,74
1114910,"Alone in the War",3,1065874430,390773051,64
1114940,"I Wanna Maker",3,792451791,752759347,6
1115690,"Yes, Your Grace",3,777350937,363697102,54
1116050,"Starminer",3,4208464624,4060496802,4
1116170,"CyberCorp",2,6340649048,5097376002,20
1116230,"The Story of Henry Bishop",0,9231510466,5669996100,39
1116260,"SAMUDRA",2,7077771429,6069032322,15
1116580,"Shady Part of Me",1,2906733606,2227641932,24
1116650,"CAPCOM GO! Apollo VR Planetarium",2,3764687980,2703983362,29
1116660,"Neon Tide",3,2849417329,2480076266,13
1116960,"UNDEFEATED",3,2969268721,2775588472,7
1117090,"Purple Place - Classic Games",3,235903348,67604366,72
1117160,"Minds of Nations",2,906083713,547812091,40
1117390,"Snowdrop Escape",3,14774544676,7934439363,47
1117630,"I got a cat maid",3,146341219,41580432,72
1117670,"GONNER2",3,245031537,187421847,24
1118070,"1976 - Back to midway",0,1269735261,1155774132,9
1118200,"People Playground",3,505890678,175006477,66
1118240,"Lake",1,2363373396,1273717598,47
1118310,"RetroArch",0,919665196,652084334,30
1118840,"My name is You and it's the only unusual thing in my life",3,384207063,263508042,32
1119700,"As Far As The Eye",0,927683715,786521802,16
1119730,"Ranch Simulator: Build, Hunt, Farm",1,19377605456,11273863212,42
1119840,"Sands of Aura",2,21030303698,20760754295,2
1119980,"In Sound Mind",2,18059513845,10855995364,40
1120320,"Builder Simulator",3,11818409215,9983649577,16
1120400,"Terra Randoma",3,356910817,161202079,55
1120480,"The Anacrusis",3,16841361563,16497258442,3
1120810,"斩妖行 Eastern Exorcist",3,7442205260,4622256253,38
1121230,"Bomb Bowling",3,15434024,10772022,31
1121310,"ViRo Playspace",1,1638930080,858246132,48
1121420,"Kingdom Under Fire: The Crusaders",2,1247935007,1067274737,15
1121530,"Globesweeper: Hex Puzzler",3,176329113,80354017,55
1121560,"Atelier Ryza: Ever Darkness & the Secret Hideout",3,21771489960,13561309474,38
1121640,"The Wandering Village",3,1066278804,639554317,41
1121680,"Remnants",3,6957789155,6897935745,1
1121780,"Astria Ascending",3,22526814872,10265571918,55
1121910,"I Love You, Colonel Sanders! A Finger Lickin’ Good Dating Simulator",3,893626862,405694041,55
1122290,"Nyanco Project",3,67251910,54914064,19
1122340,"Chef Life: A Restaurant Simulator",3,3370954070,2961990976,13
1122680,"The Artful Escape",1,6697295611,6606745501,2
1122690,"Last Stop",3,6574187406,5533719758,16
1122720,"Sayonara Wild Hearts",3,966394156,487358936,50
1123050,"GRIME",2,5015907054,4562456811,10
1123450,"Chicory: A Colorful Tale",0,1514540910,1309951268,14
1123770,"Curse of the Dead Gods",3,2985067981,1142713320,62
1124090,"告死天使之言 Death angel",3,79733264,74949673,6
1124160,"VR Giants",3,10468051091,4487757298,58
1124180,"Rail Route",3,683178815,396849817,42
1124260,"Snowtopia: Ski Resort Builder",2,288874545,224637249,23
1124300,"HUMANKIND™",3,37098249580,17338280455,54
1124600,"Naau: The Lost Eye",3,3432114380,3017605985,13
1124660,"STORM AREA 51: AYY LMAO EDITION",3,1620996851,621301948,62
1125240,"Ancient Dungeon",3,461631136,219226043,53
1125480,"初恋日记 - School Years",3,9343196173,6317332346,33
1125510,"Snacko",3,2194976689,504316180,78
1126320,"Being a DIK - Season 1",1,13467048854,13346278133,1
1127110,"Outpost",3,366201805,141638094,62
1127360,"Cup Of Ethanol",3,23387910,17699556,25
1127390,"Cute Cute Cuties",3,429877114,236385900,46
1127400,"Mindustry",1,97866228,87887608,11
1127500,"Mini Motorways",3,222653172,153945413,31
1127610,"Iris and the Giant",0,5073014979,868185030,83
1127970,"Retro Machina",1,8891789515,4341800645,52
1128000,"Cube World",0,214031112,170802355,21
1128140,"Under: Depths of Fear",3,3194684078,1422032149,56
1128420,"Solitaire Jack Frost Winter Adventures",3,47723875,43237338,10
1128480,"Nice Jumper",3,63352376,18804818,71
1128810,"RISK: Global Domination",3,1523688999,877447422,43
1128860,"Men of War II",1,26044154276,24976203841,5
1128920,"EVERSPACE™ 2",3,35996384790,32215595153,11
1129090,"Sticky Paws",1,416652558,374647060,11
1129190,"Our Life: Beginnings & Always",3,1026308515,842945873,18
1129310,"Receiver 2",2,6206173318,3582630579,43
1129540,"Orc Massage",2,14960821186,9082132037,40
1129580,"Medieval Dynasty",0,9826299569,7431229380,25
1129920,"Tales From Off-Peak City Vol. 1",1,3329912193,1901899261,43
1130410,"Cyber Hook",2,806820115,665088946,18
1130620,"[Chilla's Art] Aka Manto | 赤マント",0,3112559003,1836350516,42
1130720,"Watch Tower",3,118484081,30275772,75
1131400,"Project RIP",3,6465150234,6429398125,1
1131720,"Prop and Seek",3,6528292976,6326448631,4
1131900,"3rd eye",0,901871203,790284569,13
1131920,"LABYRINTH OF TOUHOU - GENSOKYO AND THE HEAVEN-PIERCING TREE",3,1264700787,1241952260,2
1132070,"5.0",3,37320795,19836935,47
1132190,"Coloring Game: Little City",3,258155582,104291743,60
1132410,"Cyber OutRun",3,1462545801,1362667000,7
1132830,"Poppy's Nightmare",3,271843990,224318998,18
1132860,"Jera",3,776769221,687135676,12
1132880,"The Pilgrim",3,619974297,512248766,18
1132980,"There Is No Light: Enhanced Edition",3,5111092392,1496401604,71
1133760,"CHRONO CROSS: THE RADICAL DREAMERS EDITION",3,3703068206,3671290540,1
1133870,"Space Engineers 2",3,38188966561,27191773397,29
1134100,"Frozenheim",1,6405752972,3771245938,42
1134520,"Dark Light",3,7403774022,2394988411,68
1134570,"F1 2021",3,92925728907,75509498068,19
1134630,"Pear Quest",3,25075712,25026560,1
1134710,"NIMBY Rails",3,27740398253,26522957092,5
1135030,"jut",3,57613312,57458688,1
1135040,"Bombini",3,52132248,52092928,1
1135050,"Dr. Umgebung's School of Life",3,11110400,10973184,2
1135060,"King of the Sandcastle",3,35028480,34955264,1
1135070,"Moeras",3,70101672,31692967,55
1135090,"dino game",3,3756544,3706880,2
1135110,"Hoco Poco",3,74692073,55558316,26
1135120,"Tomscape",3,67472529,25023622,63
1135130,"kamer",3,9138688,8974336,2
1135170,"spider ponds",3,7904768,7839744,1
1135180,"Llama Villa",3,77120167,37091776,52
1135200,"soko loco",3,8362496,8314880,1
1135230,"Ember Knights",2,747495210,562663630,25
1135260,"The Falconeer: Revolution Remaster",3,3058000920,2070515484,33
1135300,"King's Bounty II",3,22233898208,21790664199,2
1135680,"Hard Love - Darkest Desire",3,2008129827,1791738849,11
1135690,"Unpacking",3,969379049,332512146,66
1135810,"Vault of the Void",1,571638516,454914269,21
1135830,"Brave Alchemist Colette",2,1820705445,1755638207,4
1135910,"Hunting Simulator 2",1,15515676479,9393991680,40
1136160,"Internet Cafe Simulator",3,4179495309,1527225956,64
1136330,"Hazumi and the Pregnation",3,396590111,283182795,29
1136440,"HENTAI ARENA HOLY PUSSY",3,342650356,99979679,71
1137300,"Sherlock Holmes Chapter One",3,28796182622,28445575791,2
1137450,"ENCODYA",3,3344219400,3071704444,9
1137460,"ALTF4",0,3211102126,3147091961,2
1137750,"Farmer's Life",3,9834541865,5425568282,45
1137860,"Fowl Magic",3,97977206,74403070,25
1137870,"Mosh Pit",3,193910609,97422697,50
1137880,"Beyond",3,734770169,651267718,12
1137900,"I Am Gooey",3,37415087,28822493,23
1137910,"Perdition",3,819351230,707218825,14
1138010,"Aftermoor",3,1545970178,651725149,58
1138020,"Merge",3,13184527,9978206,25
1138190,"Poker Championship",2,608211683,183708456,70
1138650,"Tower Princess",3,2441859748,2315637165,6
1138660,"Black Book",3,2272618905,1936461846,15
1138850,"Heavenly Bodies",0,1706172877,1037482260,40
1138990,"Block in the Lock",3,396740103,93839314,77
1139280,"The Big Con",3,705105573,553900149,22
1139800,"Chinatris",2,177086533,73530028,59
1139900,"Ghostrunner",3,36627541572,19445174370,47
1139940,"ATOM RPG Trudograd",0,14690560389,10992962638,26
1139980,"Travellers Rest",3,2339953328,542094647,77
1140100,"The Persistence",3,5133609335,2216433378,57
1140170,"Arietta of Spirits",3,257309191,155468770,40
1140270,"Monster Prom 2: Monster Camp",2,998117382,747807532,26
1140290,"Murder by Numbers",2,956623124,571315040,41
1140610,"Death Live 死亡直播间",3,445326831,396961053,11
1140630,"Red Wings: Aces of the Sky",1,7993434977,2264955627,72
1140890,"Morbid: The Seven Acolytes",3,582231931,435410319,26
1141020,"Adventure Escape Mysteries",3,234387350,106509868,55
1141220,"DemonCrawl",2,670771069,631311759,6
1141550,"CUCKOLD SIMULATOR: Life as a Beta Male Cuck",3,9094752458,3301575104,64
1141580,"Taiji",3,341449849,289022154,16
1141740,"Cures & Curios",3,1579228154,1434912478,10
1142080,"Pawnbarian",3,154524971,56066774,64
1142100,"WWE 2K BATTLEGROUNDS",2,8434099048,8201919528,3
1142270,"Catgirl & Doggirl Cafe",2,454309663,396323322,13
1142390,"Remothered: Broken Porcelain",2,7878851798,7762400655,2
1142450,"GrapplingHook",2,851114631,391941333,54
1142500,"Fun with Ragdolls: The Game",3,326101380,143418497,57
1142510,"Cucumber Defense VR",3,237310861,182524060,24
1142710,"Total War: WARHAMMER III",3,98932801670,85886780963,14
1142810,"Toasterball",2,1082150809,418005362,62
1142830,"9-nine-:Episode 3",2,3491209381,2952944776,16
1143450,"DeltaBlade 2700",3,18944052,15858952,17
1143810,"Black Skylands",1,2154414315,858096177,61
1143900,"Shapeshooter",3,441554022,319508476,28
1144170,"Warhammer: Chaos And Conquest",3,291356892,152320466,48
1144200,"Ready or Not",3,63641161570,49107591383,23
1144280,"Ain Dodo",3,166773223,149028891,11
1144400,"Senren＊Banka",2,8096774654,7513654966,8
1144440,"UnderParty",1,1174602891,270652441,77
1144760,"Vectrix",3,17811592,13387162,25
1144770,"SLUDGE LIFE",3,724387208,379205592,48
1144800,"Drop In - VR F2P",2,3932070742,1744390692,56
1144860,"Flying Sword",3,159839225,98661591,39
1145350,"Hades II",0,6511997197,6094846086,7
1145360,"Hades",3,11899383941,11108273918,7
1145410,"Knight Swap",3,79895838,35048252,57
1145630,"BEAST: False Prophet",3,54960917047,54455977380,1
1145660,"Drift Of The Hill",3,990797186,433098282,57
1145960,"The White Door",3,118211859,102462808,14
1146310,"Beyond a Steel Sky",3,16436184732,16163517714,2
1146370,"Master of Magic Classic",3,1332248785,1127432151,16
1146500,"Adventure Slime",3,85431992,63959144,26
1146510,"Deep Sleep Trilogy",3,77218478,55972151,28
1146630,"Yokai's Secret",0,577840261,523592260,10
1146950,"Hentai Girl Fantasy",0,111747657,80271624,29
1147390,"Punchline!!",3,80796971,70103066,14
1147550,"Not For Broadcast",0,59922002825,50981787613,15
1147560,"Skul: The Hero Slayer",1,1601749230,1426690418,11
1147690,"NGU IDLE",3,191765598,33806455,83
1147860,"UFO 50",3,411828455,340904038,18
1147960,"[Chilla's Art] Okaeri | おかえり",3,4332888401,2121333416,52
1148150,"Man of the House",2,2813759730,2216528081,22
1148350,"The Powder Toy",3,7004634,3122974,56
1148400,"Blooming Nightshade",3,241142248,122521388,50
1148510,"Pretty Angel",0,84337306,56740569,33
1148590,"DOOM 64",3,98609174,84473847,15
1148650,"The Legend of Bum-Bo",3,3824434287,1844179326,52
1148760,"I Was a Teenage Exocolonist",2,1687486498,1533785007,10
1149460,"ICARUS",1,48339472634,40015378254,18
1149550,"Utawarerumono: Mask of Deception",2,4055622963,3140820817,23
1149620,"Gas Station Simulator",3,6178875814,5969070758,4
1149630,"Project: Gemini",3,72932094,41603511,43
1149710,"Tesla Force",2,254612554,194019328,24
1150080,"Azur Lane Crosswave",3,4053062576,3897134686,4
1150440,"Aliens: Dark Descent",3,59462077451,32277332452,46
1150530,"Wizard with a Gun",3,1616957804,1408018778,13
1150640,"Yu-Gi-Oh! Legacy of the Duelist : Link Evolution",3,1586569073,1512247312,5
1150690,"OMORI",3,2039603578,1899186726,7
1150720,"Monster Girl Club Bifrost",2,2581562553,955516842,63
1150760,"Gloomwood",2,2153855156,2022655288,7
1150950,"Timelie",3,2894928212,1434557048,51
1151050,"Golf Gang",3,1659278312,612618165,64
1151090,"Easter Egg",3,532754505,479238466,11
1151130,"Dark Chess",0,1158458562,647908724,45
1151340,"Fallout 76",2,96655344671,94639194860,3
1151380,"Cowboy Life Simulator",3,11960030004,6737670097,44
1151440,"Utawarerumono: Mask of Truth",2,6787274386,5275725263,23
1151450,"Utawarerumono: Prelude to the Fallen",2,3768654321,2832441375,25
1151630,"House of 1000 Doors: Family Secrets",3,487563089,466266383,5
1151640,"Horizon Zero Dawn™ Complete Edition",3,76590533836,75814522510,2
1151740,"Prison Princess",3,516805268,386598620,26
1151750,"mmmmm donuts arhhh......",3,115893234,25407577,79
1152300,"Atelier Ayesha: The Alchemist of Dusk DX",3,11984801988,9019810579,25
1152310,"Atelier Escha & Logy: Alchemists of the Dusk Sky DX",3,13386003166,11446644089,15
1152320,"Atelier Shallie: Alchemists of the Dusk Sea DX",3,13189966500,10697736004,19
1152340,"Book of Travels",2,7325143972,2637580479,64
1152820,"Everslash",3,64243214,58932243,9
1153250,"VVVVV",3,442135127,306466563,31
1153410,"JDM: Japanese Drift Master",2,16368165955,15532333702,6
1153430,"Love wish",3,1462387430,465948997,69
1153640,"Chorus",3,33806255908,33158036082,2
1154030,"Titan Quest II",1,27968082432,24359037538,13
1154040,"SpellForce 3 Fallen God",1,52640656333,43495860855,18
1154090,"Kingdom Shell",1,138309094,121739238,12
1154130,"Logistique",1,10066525008,6795549944,33
1154640,"Safe Climbing",3,36372794,14942362,59
1154790,"XIII",2,14932629391,8261006641,45
1154810,"Going Under",3,1210350354,523598349,57
1154830,"Scathe",2,18913828283,18702382068,2
1154840,"Shadow Empire",3,1232266508,1164109124,6
1154850,"9th Dawn III",2,571429328,201145435,65
1155330,"Showgunners",3,19503753257,10622472120,46
1155420,"Dino Zoo Transport Simulator",3,169347535,65138778,62
1155620,"VITAL",3,736145152,226906112,70
1155660,"The Deed II",3,420367560,306869656,27
1155720,"Why Is There A Girl In My House?!",3,283681760,180847177,37
1155920,"Snow Clearing Driving Simulator",3,219742895,89794374,60
1155970,"Roadwarden",3,894362447,823877520,8
1156050,"Girl Kill Zombies",3,483189957,72224983,86
1156510,"Peachleaf Pirates",2,360191179,282717478,22
1156590,"Morels: The Hunt",1,12930710783,7906592484,39
1156730,"Holy Knight Luviria",3,5271684965,4162247307,22
1156990,"Return to Shironagasu Island",3,1796416752,1777821015,2
1157220,"Nebuchadnezzar",3,1490244256,1252258171,16
1157390,"King Arthur: Knight's Tale",1,44376242744,41519469404,7
1157640,"Sakura Fox Adventure",0,262687059,206388920,22
1157720,"hyper hardcore",3,583212802,545898900,7
1157750,"CATGIRL LOVER 2",2,790710638,236469870,71
1158160,"Coral Island",2,14357187884,10960586488,24
1158220,"Kraken Academy!!",1,328663204,277290935,16
1158290,"Mini Words - minimalist puzzle",3,55894023,19965260,65
1158310,"Crusader Kings III",1,11708277635,6606464227,44
1158370,"Aragami 2",3,9385945455,5351459685,43
1158420,"SimCasino",0,6179841614,3030247514,51
1158450,"GALAXIUM",3,1127012208,441456508,61
1158470,"Voxelgram",2,79501620,38863262,52
1158480,"BAFF 4",3,35824414,32559156,10
1158850,"The Great Ace Attorney Chronicles",3,5897719458,5035497116,15
1158890,"White Shadows",3,5627124823,2374696806,58
1158940,"Blazing Sails",3,3079476899,2843294288,8
1158980,"Idle big Devil",3,838943400,714833177,15
1159090,"Zoria: Age of Shattering",3,20209688285,11879993323,42
1159290,"The Bloodline",1,19009522281,18869043578,1
1159420,"Robin Hood - Sherwood Builders",3,64103223106,36667433835,43
1159510,"Village Bus Driver Simulator",3,119895863,44210249,64
1159560,"Ziggurat 2",3,1397705782,934652755,34
1159680,"Silent Sector",2,240896821,232278493,4
1159690,"Voidtrain",0,37179466350,20143234355,46
1160220,"Paradise Killer",2,2155302060,2005223996,7
1160410,"Hentai Balloons",3,183583911,181284864,2
1160490,"Master Of Pottery",3,1397714549,607372243,57
1160750,"Grim Clicker",2,301164857,275372955,9
1161490,"MotoGP™20",1,24664458457,24402127942,2
1161580,"Hardspace: Shipbreaker",3,3632973307,3128347881,14
1161590,"Punch Club 2: Fast Forward",3,1208433227,936824086,23
1161640,"Kowloon's Curse: Lost Report",2,814550118,445539309,46
1161650,"Sakura Gamer 2",0,292252688,220034405,25
1161680,"Bomb Bowling 2",3,23975014,19187417,20
1161770,"Breeders of the Nephelym",2,4362940210,4254830236,3
1161870,"Epiphyllum in Love",3,646087120,581513434,10
1161880,"Vaporum: Lockdown",3,4122913877,2630674488,37
1162050,"Knockout Party",3,2342776532,710696958,70
1162130,"Windbound",3,1563437835,1416616166,10
1162520,"大富翁10 (RichMan 10)",3,1418234956,995188354,30
1162560,"Ciconia When They Cry - Phase 1: For You, the Replaceable Ones",2,3178741061,2977108067,7
1162680,"[Chilla's Art] Stigmatized Property | 事故物件",0,3160479936,969979616,70
1162700,"Midnight Protocol",3,2006314415,668156047,67
1162750,"Songs of Syx",3,429118353,278839823,36
1162960,"Angry Video Game Nerd I & II Deluxe",2,456449028,226507638,51
1163500,"Warp Drive",0,2519335462,1104762193,57
1163550,"Captain Tsubasa: Rise of New Champions",3,50779042343,21635107704,58
1163570,"skidlocked",3,76991945,25308714,68
1163590,"Bullet Girls Phantasia",3,9015874692,8617620177,5
1163600,"Omega Labyrinth Life",3,2822195348,2402969902,15
1163740,"Card Hog",2,33389836,25199876,25
1163870,"Mecha Knights: Nightmare",3,28762003296,10086224282,65
1163910,"Brass Brigade",3,3261439535,1038308011,69
1164250,"Model Builder: Complete Edition",2,17739891144,13972819257,22
1164440,"Extreme Offroad Monster Simulator",3,152852566,64279785,58
1164690,"Wigmund",1,3352444394,2329177007,31
1164940,"Trepang2",3,33095617805,19569849919,41
1165850,"IL DIVINO: Michelangelo's Sistine Ceiling in VR",2,9519695444,3904710375,59
1165860,"6.0",3,117225963,97796103,17
1166290,"Death and Taxes",1,2472631017,844453575,66
1167140,"Siege Survival: Gloria Victis",2,8333250332,3662130506,57
1167450,"DAEMON X MACHINA",1,13131848145,12513379840,5
1167630,"Teardown",2,4447762026,3909624925,13
1167680,"Orbital Bullet – The 360° Rogue-lite",2,1528624009,582737741,62
1167710,"clutchball",3,72613721,30928426,58
1167950,"Vampire's Fall: Origins",3,1430823134,449764675,69
1168060,"Knight Solitaire",3,45496931,40073938,12
1168280,"Resident Evil 2 ""R.P.D. Demo""",2,7849336518,7759094271,2
1168460,"DRAGON QUEST BUILDERS 2 JUMBO DEMO",0,3561846800,3464116666,3
1168470,"千面 Melancholy Love",3,1480667855,1337592513,10
1168660,"Barro 2020",1,564854138,234712829,59
1168880,"MOLEK-SYNTEZ",3,141167918,137378671,3
1169040,"Necesse",1,454694109,364808653,20
1169490,"Interactive Horror Stories",3,75907660,21123993,73
1169740,"Danger Scavenger",3,1676106198,682975736,60
1170060,"Boomerang X",2,7797127640,6685236140,15
1170080,"Foretales",1,1674960136,1093438674,35
1170340,"Hentai Jigsaw Puzzle 2",0,333786000,235183946,30
1170570,"The Drifter",2,1273662076,670846900,48
1170720,"Pocket Cars",3,8447583854,3928907850,54
1170760,"XIII - Classic",3,2656459688,2201889376,18
1170820,"Lust from Beyond: Prologue",2,8563615311,5515626554,36
1170880,"Grimm's Hollow",3,320836227,289365236,10
1170950,"Mortal Online 2",3,72987537014,62821189209,14
1170970,"Marbles on Stream",3,8564197229,7518582196,13
1171310,"Valakas Story",3,17257891102,17182541580,1
1171320,"Frog Detective 3: Corruption at Cowboy County",3,511274926,400774595,22
1171370,"The Supper",2,295623306,62394683,79
1171690,"Wayfinder",0,54317571936,41018108856,25
1172310,"Mona Lisa: Beyond The Glass",3,3150332895,1609229086,49
1172380,"STAR WARS Jedi: Fallen Order™",1,55406992807,54636063417,2
1172450,"Carto",3,2028117177,409348361,80
1172470,"Apex Legends™",0,74351809843,73394664279,2
1172500,"Hang The Kings",3,180267648,68280391,63
1172510,"Unlock The King",3,192780422,73052233,63
1172520,"Colorgrid",3,187313531,87724100,54
1172530,"Daylife in Japan - Pixel Art Jigsaw Puzzle",3,207504468,40634563,81
1172620,"Sea of Thieves: 2026 Edition",2,109499324711,109150567690,1
1172630,"Sea of Thieves Insider",3,141512398335,141005552069,1
1172650,"INDUSTRIA",3,9535458430,9319511505,3
1172710,"Dune: Awakening",1,43556133141,37546409804,14
1172720,"Doubles Hard",3,452316723,104727333,77
1172940,"Cockwork Industries Complete",1,1884947702,1863946603,2
1173010,"Flowers Blooming at the End of Summer",3,2277261673,2070444412,10
1173200,"Metal Unit",3,1229138800,465623137,63
1173220,"Bleak Faith: Forsaken",3,15139087194,7611252742,50
1173280,"Fap Queen 2",3,79022067,52912043,34
1173370,"Slapshot: Rebound",2,1213573348,667877614,45
1173400,"Futa Fix Dick Dine and Dash",2,522257912,489799680,7
1173410,"My Breast Friend Sally",3,1010021309,906564761,11
1173510,"XSOverlay",3,477882342,190343598,61
1173690,"Resident Evil 3: Raccoon City Demo ",2,7796070099,7395528764,6
1173740,"Woodle Tree 2: Deluxe+",2,1826588655,583046129,69
1173770,"FINAL FANTASY",3,400160037,319396994,21
1173780,"FINAL FANTASY II",3,409559885,323389218,22
1173790,"FINAL FANTASY III",3,556935761,471386903,16
1173800,"FINAL FANTASY IV",2,581276318,496460584,15
1173810,"FINAL FANTASY V",3,808059718,685906634,16
1173820,"FINAL FANTASY VI",3,1269839851,1103640738,14
1174180,"Red Dead Redemption 2",3,128581817956,123487938960,4
1174500,"Yuletide Legends: Who Framed Santa Claus",3,1184103194,1012603038,15
1174860,"Tacview",3,641521613,626711575,3
1174940,"Kill or Love",3,291478585,206884963,30
1175140,"Vecter",3,697427064,505609462,28
1175160,"House of 1000 Doors: The Palm of Zoroaster",3,550002277,527596204,5
1175190,"Natsuki Chronicles",0,4691788103,4651785416,1
1175460,"Revita",3,518093950,398979341,23
1175830,"Legend of Mana",3,9784897950,9070824304,8
1176000,"Toy Robot",3,238522050,97193520,60
1176020,"Rampage Miami",3,689026771,353503025,49
1176470,"Terra Invicta",2,23803806390,20832291354,13
1176710,"Space Crew: Legendary Edition",3,845623972,446462124,48
1177000,"TRANSFORMERS: BATTLEGROUNDS",3,5110068265,1937195949,63
1177380,"Memoirs of a Battle Brothel",3,1740266832,1552655028,11
1177420,"UncleNeighbor:uncle Dating Simulator",3,897036946,790929881,12
1177720,"Yu Escape / Monday",3,162557401,112622841,31
1177980,"Little Kitty, Big City",3,1578500268,607526638,62
1178030,"Star Fetchers",3,819788114,228909073,73
1178050,"狐の旅路",3,1814072313,1138823403,38
1178210,"Stirring Abyss",3,2400919640,571617608,77
1178220,"ICBM",3,3095597267,2921227339,6
1178490,"港詭實錄ParanormalHK",3,15181115170,6157750272,60
1178780,"BattleGroupVR",2,8084832392,2739420583,67
1178790,"Shiren the Wanderer: The Tower of Fortune and the Dice of Fate",2,424433773,356422161,17
1178830,"Bright Memory: Infinite",2,11503192266,11332840382,2
1178880,"Panzer Dragoon: Remake",3,7495543802,4719196654,38
1179060,"有翼のフロイライン Wing of Darkness",1,5351282210,5289572185,2
1179080,"FAITH: The Unholy Trinity",3,733372102,680179830,8
1179100,"Oppaidius Tropical Cruise!",3,501012422,416565757,17
1179210,"Kill It With Fire",2,1799772068,1256218057,31
1179560,"Gachi Heroes 2: Flexboll",3,288270069,186761216,36
1179580,"KAKU: Ancient Seal",1,18169546595,15576906159,15
1179680,"Wurm Online",2,2901422151,2497264546,14
1179890,"Pull Stay",3,3739813422,3632920337,3
1180330,"Manor of Mystic Courtesans",2,3227253415,2057380929,37
1180380,"Stay Out",0,9836789236,9593989235,3
1180660,"Tell Me Why",3,19339246592,18926433803,3
1180790,"ImageStriker",3,15838750,11364258,29
1181000,"UBERMOSH:OMEGA",3,657488816,620540002,6
1181600,"Jetboard Joust",3,293751986,132284048,55
1181790,"Circle of Sumo: Online Rumble!",3,459356328,247683967,47
1182110,"Weed Shop 3",0,11286881972,6544868062,43
1182310,"The Excavation of Hob's Barrow",3,1166815494,840153544,28
1182370,"Mr. Hopp's Playhouse",3,17990568,16723968,8
1182620,"Impostor Factory",3,898185643,740121631,18
1182830,"QT",3,1033227924,173926731,84
1182900,"A Plague Tale: Requiem",2,52024791085,51139116844,2
1182940,"Movavi Video Converter Premium 2020",3,171457422,68843293,60
1183720,"Holoswitch",0,607106755,338665163,45
1183800,"Shardpunk",2,2541641602,956102970,63
1183850,"Pneumata",3,18752298972,18571321538,1
1183860,"Shardpunk Demo",2,1895112074,359246195,82
1183940,"Scavengers",3,13050100633,12692942229,3
1184050,"Gears Tactics",3,31661235390,30435910070,4
1184140,"KartRider: Drift",3,16011168230,15466567644,4
1184160,"RUSSIAPHOBIA",3,12224240698,10960057323,11
1184370,"Pathfinder: Wrath of the Righteous - Enhanced Edition",3,39330440573,33796628323,15
1184480,"Inertial Drift",3,4562192500,2325340445,50
1184530,"Aurora - Cores Ocultas",3,1913892833,1626794099,16
1184560,"Phantom Breaker: Omnia",2,12581007738,11367391653,10
1184790,"SCP: Fragmented Minds",3,15555169703,15382873026,2
1184810,"Mainframe Defenders",3,195520019,126579744,36
1185160,"[Chilla's Art] Inunaki Tunnel | 犬鳴トンネル",0,3783298240,2501474639,34
1185490,"Dark Quest 3",0,2100026020,685020091,68
1185700,"Arrog",3,986462171,139036816,86
1186040,"Worms Rumble",3,10082387813,3475582634,66
1186310,"Mailbox",3,123465404,24121231,81
1186400,"West Sweety",3,2865948322,744669099,75
1186640,"Pumpkin Jack",3,2681789900,1894215686,30
1186740,"Kyle is Famous: Complete Edition",3,797067243,493257139,39
1186860,"反现实症候群γ - Counterrealstic Syndrome γ",3,64219531,60541858,6
1187330,"Tower Tag",3,3113754363,1285613492,59
1187940,"Is It Wrong to Try to Pick Up Girls in a Dungeon? Infinite Combate",1,7858189609,7524585638,5
1188080,"Cats are Liquid - A Better Place",3,322598624,130908730,60
1188250,"GLOWCOMA: chapter 1",2,2939898598,1724609634,42
1188290,"Cover Your Eyes",3,102909647,93423556,10
1188310,"Mini Island",0,391510001,184190878,53
1188630,"Twitchoos RUN: Socks & Stream",3,282794023,232180030,18
1188920,"YUR",3,326751512,125764314,62
1188930,"Chrono Ark",0,5685424008,2193964573,62
1189290,"The Black Grimoire: Cursebreaker",2,3573974935,1542358593,57
1189490,"觅长生",2,7808426464,1606620656,80
1190000,"Car Mechanic Simulator 2021",3,26632548062,15921769267,41
1190110,"H-SNIPER: Middle East",3,155772779,64363193,59
1190150,"Paint Warfare",3,845254920,341796903,60
1190170,"OlliOlli World",3,4274650645,1729847776,60
1190340,"SUPER PEOPLE 2",3,26891593969,26561220415,2
1190400,"The Wonderful 101: Remastered",3,11377076147,10881794796,5
1190460,"DEATH STRANDING",3,67805982104,67714255397,1
1190730,"Colony Ship: A Post-Earth Role Playing Game Demo",0,11687334362,7022714190,40
1190970,"House Flipper 2",2,6881426738,6242327651,10
1191070,"[Chilla's Art] Yuki Onna | 雪女",0,1990890159,1055756426,47
1191120,"Growing Up",3,1403723148,827566612,42
1191210,"Seek Girl Ⅲ",3,319491225,220455751,31
1191580,"Nexomon",2,1888236104,1432122662,25
1191630,"Shantae and the Seven Sirens",3,4953985336,3186856576,36
1191900,"Say No! More",3,701058566,290790103,59
1191940,"Deathtrap Dungeon: The Interactive Video Adventure",0,5073722001,4623101613,9
1192380,"TOTALLY BASEBALL",2,2379204666,936726245,61
1192640,"Mosaique Neko Waifus",0,647028118,257829664,61
1192810,"Romancelvania",1,13605069073,13286920962,3
1192940,"Monkey GO Happy",2,39702170,31477760,21
1193340,"Zelter",2,1542535440,955328961,39
1194050,"Orange Cast: Sci-Fi Space Action Game",2,15932971688,15739317732,2
1194250,"Screaming Chicken: Ultimate Showdown",2,2266081067,1317054415,42
1194630,"The Dark Pictures Anthology: Little Hope",3,46192516199,30472406817,35
1194640,"Endling Demo",2,2684713145,2575348155,5
1194700,"House Flipper VR",3,1240072886,353403512,72
1194840,"Frog Fractions: Game of the Decade Edition",3,285219146,125394943,57
1195020,"Guardians of the Ashes",3,6937858522,2610941005,63
1195420,"Filthy Animals | Heist Simulator",3,7285947788,2050116137,72
1195460,"Last Year",3,32881580024,17508102151,47
1196090,"Scars Above",3,16146445290,14981538320,8
1196310,"Fantasy Grounds VTT",1,46849080,46673920,1
1196590,"Resident Evil Village",0,33654709634,33068681505,2
1196630,"Nexomon: Extinction",3,3377008044,2995753401,12
1197180,"Spider Queen cave",3,21757729063,10776191112,51
1197260,"The Perfect Tower II",3,411348541,171183970,59
1197580,"Nekoview",1,232666010,122993404,48
1198090,"The Legend of Heroes: Trails of Cold Steel IV",3,28975578718,25559807595,12
1198450,"The Secret Order 8: Return to the Buried Kingdom",3,1611824051,1361934310,16
1198700,"Chained: A Victorian Nightmare",1,13352590041,13265747241,1
1198730,"Hentai Police",3,348865222,120845996,66
1198850,"How to Build a Magnificent Kingdom",2,7033456447,6967599529,1
1199030,"Tainted Grail: Conquest",3,5621636848,4668534671,17
1200580,"One Gun Guy",3,6912512,6787072,2
1200720,"Making*Lovers",2,4190780673,4001483093,5
1200730,"Shady Lewd Kart",0,9478956662,3092941326,68
1200770,"Deathground",3,53608460137,15930038601,71
1200860,"The Good Time Garden",3,5026314843,294464425,95
1201230,"Immortal Life",1,7072673036,3715387353,48
1201240,"BLEACH Brave Souls",0,2942569914,2724810083,8
1201270,"A Space for the Unbound",2,2518286811,412724844,84
1201280,"A Space For The Unbound - Prologue",2,613927400,142653213,77
1201540,"HELLCARD",2,1098877257,984141796,11
1201550,"Mad Experiments: Escape Room",3,1397377807,609320440,57
1201630,"Mineirinho Director's Cut",1,953655936,380024967,61
1201760,"Kari",2,1785483505,1019224982,43
1201810,"Unlock The King 2",2,332865741,129224758,62
1202130,"Starship Troopers: Terran Command",2,9237025890,6325958482,32
1202200,"Paleo Pines",2,4415294207,1834394620,59
1202310,"Sakura Succubus",0,309741556,253163597,19
1202540,"Marco & The Galaxy Dragon",1,9261880465,8476803358,9
1202610,"StretchBot",3,33595102,24027916,29
1202690,"Sex with the Devil",2,6828266256,4099115870,40
1202900,"Assemble with Care",3,1357523254,494986278,64
1202970,"Mad Tracks",3,207094941,115195566,45
1203220,"NARAKA: BLADEPOINT",2,49162845300,44124510078,11
1203360,"Core Defense",3,202420382,90826211,56
1203420,"Miss Neko 2",3,625350475,272477913,57
1203570,"HexON",3,209206347,117907929,44
1203620,"Enshrouded",2,37411968163,22655277259,40
1203630,"Record of Lodoss War: Deedlit in Wonder Labyrinth",2,208067328,149988900,28
1203670,"Demolish & Build 3",3,21065414708,9756617548,54
1203710,"UnMetal",0,357189659,347090601,3
1203930,"The Last Haven",3,843637920,761119227,10
1204050,"Pixel Studio - pixel art editor",3,99739953,32530536,68
1204220,"Mommy",3,115092007,94560263,18
1205040,"Granny: Chapter Two",3,921939875,462192728,50
1205450,"Turnip Boy Commits Tax Evasion",3,664243448,100612006,85
1205520,"Pentiment",3,11359840024,6598257291,42
1205900,"Alwa's Legacy",3,1078828359,175567980,84
1205950,"Seeds of Chaos",2,1439713908,1292097939,11
1205960,"My Cute Fuhrer",3,679013866,129128772,81
1206060,"Happy Game",3,1265159125,766048334,40
1206240,"Talvisota - Winter War",2,69033271776,32677655737,53
1206260,"Pilfer",3,100224932,38121999,62
1206280,"Thunderflash",3,87699768,86429696,2
1206410,"Kristala",3,15110012634,13679437120,10
1206430,"The Unfinished Swan",3,8616921356,1898271980,78
1206560,"WorldBox - God Simulator",3,602913506,382735611,37
1206590,"Alchemelee",3,100462842,45335593,55
1206610,"Rubber Bandits",2,1310703167,977375489,26
1206720,"kraken's curse",3,26456576,26341376,1
1207000,"Slime Rancher - Original Soundtrack II",3,264246183,246267904,7
1207050,"VUP",2,1282643750,796229440,38
1207380,"Adventure Boy Jailbreak",3,2673293322,135374817,95
1207400,"Klym",3,92183051,32211548,66
1207650,"Suzerain",1,1469091487,1119103810,24
1207780,"Wish",3,4410735439,1372694263,69
1208260,"Hentai Vs Furries",3,3318563868,1413437327,58
1208900,"BomberX",3,460799629,174966328,63
1208950,"Freight Simulator",3,97323268,88091119,10
1209040,"Cyber Hunter",3,8903960261,7846130609,12
1209330,"Sakura Knight",0,289056405,232481626,20
1209440,"capy hoky",3,5454848,5406720,1
1209490,"Exit the Gungeon",3,418814006,275443939,35
1209950,"Race Condition",0,1894817117,528863354,73
1210010,"sok-stories",3,4505600,4452352,2
1210150,"Ageless",2,1056719037,216840096,80
1210250,"Island Saver",3,1422844164,1131124009,21
1210320,"Potion Craft: Alchemist Simulator",0,1205708477,899665850,26
1210600,"Trepang2 Demo",3,19602216161,10080702556,49
1210620,"lil' Sherman",1,408694544,190405320,54
1211020,"Wobbly Life",3,1622840686,1223411626,25
1211240,"Trifox",2,6057756975,2407224643,61
1211540,"bobo robot",3,5405696,5316608,2
1211630,"The Jackbox Party Pack 7",0,1617485671,1567878461,4
1211960,"Food Girls - Bubbles' Drink Stand",3,1831785876,663149776,64
1211980,"Skopje '83",3,6171882041,4455816172,28
1212100,"fishy",3,7120384,6991872,2
1212190,"deer hunter II",3,13871104,13742080,1
1212620,"Pretty Neko",0,77543888,50547923,35
1212910,"Deadly Runner",3,132575274,28074391,79
1212930,"Doler",3,9671168,9592832,1
1213210,"Command & Conquer™ Remastered Collection",3,25939311644,22127349592,15
1213230,"Rain on Your Parade",3,704376249,297577535,58
1213370,"Mr. Fast",3,635843062,254687054,60
1213670,"Solitaire Forever II",3,86258459,74213416,14
1213700,"Spirit of the North",2,3848599643,3777201866,2
1213740,"She Will Punish Them",3,12669117990,6829464207,47
1214450,"Featherfall",3,72297472,72163328,1
1214470,"Hotel Renovator",2,39260625753,21071020860,47
1214540,"SUPER CIRCUIT BREAKERS",2,44643840,44503040,1
1214600,"Bandapes",3,22285312,22138880,1
1214630,"The Hour of the Rat",3,9112064,8966144,2
1214650,"SOUTH PARK: SNOW DAY!",2,29301136301,28298058301,4
1215200,"Shining Song Starnova: Idol Empire",3,691754861,620293542,11
1215390,"Animal Revolt Battle Simulator",0,2241725938,1578099403,30
1215410,"Sproots",3,22621696,22474752,1
1215430,"Make Me LAG",3,20469203,15332342,26
1215520,"Aldred Knight",3,97453680,59071212,40
1215750,"Just Arms",3,348410409,118585239,66
1216060,"DNF Duel",3,8215442744,8004778510,3
1216200,"Coloring Game 2",3,219077826,96051242,57
1216230,"Project Heartbeat",3,487732198,322380469,34
1216320,"Shieldwall",3,7963698424,3174191104,61
1216470,"Zoria: Prologue (2020)",0,4666084668,2810658257,40
1216490,"Knock Harder",3,159283697,142751430,11
1216710,"Cyber Manhunt",3,3820814285,1869838833,52
1217060,"Gunfire Reborn",0,3378239820,2857691870,16
1217100,"Mega Hasan",3,50089638,40868190,19
1217390,"Some Some Convenience Store",2,2805313096,1807127263,36
1218210,"Coromon",3,1269779396,944669866,26
1218250,"We Went Back",3,6763410117,3018215324,56
1218890,"Ollie & Bollie: Outdoor Estate",3,14525952,14405632,1
1218920,"Sunset Kingdom",3,44319232,44199936,1
1219240,"BioGun",1,1932533376,1258140222,35
1219620,"Lovely Overseer - Dating Sim",2,2684090735,740464436,73
1219950,"Evil Democracy: 1932",1,1710431093,826130353,52
1220010,"Home Behind 2",3,3019566492,930126346,70
1220140,"Cartel Tycoon",2,3970567686,2971345422,26
1220150,"Blue Fire",3,7201768256,4032741376,45
1220370,"Ever Forward",3,5350836887,1874507098,65
1221250,"NORCO",3,3428781888,671710958,81
1222140,"Detroit: Become Human",3,64547373177,59400141656,8
1222370,"Necromunda: Hired Gun",3,42251745039,21282568446,50
1222580,"Rustissimo",2,6747839,4905764,28
1222670,"The Sims™ 4",1,33136565742,32532155115,2
1222680,"Need for Speed™ Heat",3,36945184388,35491568214,4
1222690,"Dragon Age™ Inquisition",3,41771158238,40161624173,4
1222700,"A Way Out",2,22330655532,22106149573,2
1222730,"STAR WARS™: Squadrons",2,33603738399,32811062072,3
1222800,"VALKYRIE CONNECT",2,132812264,73244081,45
1223500,"Umurangi Generation",3,2170725884,1763671768,19
1223750,"Cloud Meadow",2,1061331717,874517911,18
1223870,"Sakura Hime 2",0,492109613,246439311,50
1223910,"Tennis World Tour 2",2,13576593061,13546864953,1
1224230,"Detroit: Become Human Demo",3,15192782092,14460689970,5
1224600,"G String",3,12897923545,7342440294,44
1225330,"NBA 2K21",2,104007260120,101257571524,3
1225560,"Unravel",3,3528390790,3122058738,12
1225570,"Unravel Two",3,7657325685,6518320660,15
1225580,"Fe",3,1960964115,1079070252,45
1225590,"Sea of Solitude",2,1615870855,1013046750,38
1225810,"FOS",3,94681245,60340450,37
1226490,"迷失渡口VR",3,1735934618,851820596,51
1226510,"Trigon: Space Story",3,2950757078,1094762016,63
1226640,"Pieces of my Heart",3,2014343337,890202919,56
1226690,"Great British Railway Journeys",3,11050268353,5573953834,50
1227250,"小镇放置修仙",3,57665711,20915586,64
1227280,"Despot's Game: Dystopian Battle Simulator",3,889652457,489830549,45
1227530,"Partisans 1941",3,9151272705,8820457720,4
1227650,"Bang-On Balls: Chronicles",3,4743509574,4465203772,6
1227690,"Severed Steel",3,3200976581,1606038098,50
1227780,"Taur",2,3783766619,958442096,75
1227890,"Summer Memories",3,1003381340,854175514,15
1228430,"Pair-a-Site",3,348648406,151833357,57
1228520,"[Chilla's Art] The Convenience Store | 夜勤事件",2,2644046132,1329927711,50
1228680,"Goblet Cave",3,80590097,32120912,61
1228790,"Dark Judgement",2,471917602,411977962,13
1229000,"The Legend of Heroes: Trails of Cold Steel III Demo",0,5266540291,5012539881,5
1229060,"Dungeon and Puzzles",1,92966321,45686484,51
1229240,"Chained Echoes",3,841458357,659292516,22
1229250,"Uniseas",3,40322560,40267776,1
1229380,"Everhood",3,1226631789,664760913,46
1229460,"Dice Legacy",3,1941035021,1861872840,5
1229490,"ULTRAKILL",2,1998207637,1802898079,10
1229580,"Disc Room",3,224471854,172661189,24
1229880,"Koumajou Remilia: Scarlet Symphony",2,853665224,498313632,42
1230140,"ATRI -My Dear Moments-",3,4154317326,3903333217,7
1230410,"Chaos",3,1445774169,420520182,71
1230530,"Atlas Fallen: Reign Of Sand",1,32598985073,29076838919,11
1230560,"Cyber Attack",3,781640654,173621200,78
1230800,"Beach Buggy Racing 2: Island Adventure",3,599821994,485666996,20
1231560,"Aurelia",3,330184624,280503257,16
1231880,"Haiku, the Robot",3,2997515303,582650157,81
1231950,"The Innsmouth Case",3,924387107,289731347,69
1231990,"Gestalt: Steam & Cinder",3,3269907374,563274825,83
1232180,"Sakuya Izayoi Gives You Advice And Dabs",3,110641954,85583646,23
1232460,"Onee Chanbara ORIGIN",3,23532974801,12132389410,49
1232580,"Knock on the Coffin Lid",0,23076167809,10411407680,55
1232870,"Changeling Tale",3,2431849849,2370647003,3
1233260,"FAIRY TAIL",3,6447874438,6005515624,7
1233270,"OshiRabu: Waifus Over Husbandos",2,1740296775,1672417280,4
1233410,"MicroWorks",3,8599242658,4123422823,53
1233420,"Wanderlust: Transsiberian",3,434158073,214393822,51
1233540,"How Buddy’s parents met - a jigsaw puzzle tale",3,235824320,106277642,55
1233570,"Mirror's Edge™ Catalyst",3,24779886000,21471394107,14
1233590,"Warhammer Age of Sigmar: Storm Ground",3,5258741796,5123716903,3
1233690,"Hypergalactic Psychic Table Tennis 3000",3,194997430,94065751,52
1233800,"Kandagawa Jet Girls",1,13459835089,9149473881,33
1233880,"Disgaea 4 Complete+",3,6618259924,4790180091,28
1234290,"Paug",3,70885688,24509629,66
1234430,"Ad Infinitum",3,21389783582,21119863130,2
1234620,"Tinker Racers",1,1027052122,373814372,64
1234890,"labyrinth",3,5887488,5763072,3
1234940,"Astronarch",3,231415857,192688238,17
1235140,"Yakuza: Like a Dragon",0,50421995933,46694948683,8
1235360,"Epic Conquest 2",3,863521556,235379289,73
1235400,"CATharsis",3,223377874,206210438,8
1236300,"Resident Evil Re:Verse",3,16303687735,16014938173,2
1236720,"Spirit Island",0,659268760,604846382,9
1236780,"AKIBA'S TRIP: Hellbound & Debriefed",2,1987124582,1847029682,8
1236990,"Boris and the Dark Survival",3,299349438,124753592,59
1237070,"The Cyclist: Tactics",0,438421486,414502778,6
1237320,"Sonic Frontiers",3,40781650282,35112179707,14
1237370,"牛顿与苹果树",3,3918403060,3806843284,3
1237530,"Kinky Fight Club",2,1200211463,1060115028,12
1237730,"Catlateral Damage: Remeowstered",3,1802239542,1511598699,17
1237950,"STAR WARS™ Battlefront™ II",3,97181464991,92774735041,5
1237970,"Titanfall® 2",3,68561747641,48897645691,29
1237980,"STAR WARS™ Battlefront",3,56299347399,47228656527,17
1238000,"Mass Effect™: Andromeda",3,52321978430,50661601093,4
1238020,"Mass Effect 3 (2012 Edition)",3,23997867033,23572108227,2
1238040,"Dragon Age II: Ultimate Edition",0,8784405668,8570291675,3
1238060,"Dead Space™ 3",1,10881777602,10234408034,6
1238080,"Burnout™ Paradise Remastered",2,7772575992,7377170473,6
1238520,"Dandelions in the Sky",2,353317052,324162531,9
1238680,"Amairo Chocolate",3,1317523988,1316780592,1
1238810,"Battlefield™ V",3,98072213457,92016082069,7
1238820,"Battlefield 3™",2,34856448911,31838796083,9
1238840,"Battlefield™ 1",3,88928440125,76515512037,14
1238860,"Battlefield 4™",3,69352964298,57809965780,17
1238880,"Battlefield™ Hardline",3,71413683265,61470918513,14
1238920,"Future Fragments",3,1755703551,1586615351,10
1239050,"Mists of Aiden",3,8716112474,4799892332,45
1239080,"Door Kickers 2: Task Force North",3,2165869642,1265394877,42
1239260,"Barro F",3,1933964703,709604311,64
1239320,"Animal Shelter",3,7838643993,3592729434,55
1239360,"Genokids",3,1628626118,1006266146,39
1239390,"X4: Foundations Soundtrack",3,998374363,987475968,2
1239690,"Retrowave",3,3892754717,1717971304,56
1240050,"Pendragon: Narrative Tactics",3,1419365392,287607055,80
1240210,"There Is No Game: Wrong Dimension",3,1025565069,585334453,43
1240440,"Halo Infinite",1,41487267673,39648265517,5
1240590,"Sir Whoopass™: Immortal Death",3,22993144895,10854622644,53
1241100,"POLYGON",2,1223530857,967420262,21
1241700,"There Is No Game: Jam Edition 2015",3,104108096,35065529,67
1241780,"CatDog Puzzle",3,64189691,26310700,60
1241950,"Warzone 2100",3,1274000083,1217729503,5
1242910,"The House in the Forest",3,3881578339,2083019020,47
1242980,"KeyWe",3,2270578834,1097560073,52
1243130,"Nimbatus - Drone Creator",3,1091965356,351753710,68
1243420,"Sanguine Rose",3,556830633,495083248,12
1243560,"Vaporwave World",3,605344032,223563959,64
1243670,"Higurashi When They Cry Hou - Ch.8 Matsuribayashi",2,2900937812,2642818231,9
1243830,"Overcooked! All You Can Eat",3,9255566458,7822329400,16
1243850,"This Bed We Made",0,8661557251,6093324340,30
1243890,"Sword of the Necromancer",2,1359535436,1083730868,21
1244090,"Sea of Stars: Sunset Edition",1,3925425433,3447124638,13
1244460,"Jurassic World Evolution 2",1,11210680544,10855157745,4
1244530,"Betelgeuse",2,145696928,61370321,58
1244800,"Terraformers",3,2440010780,1109024210,55
1244950,"Battletoads",3,11286093760,10718427583,6
1244960,"Moonlight Mansion",3,2136801886,1159112780,46
1245060,"Somny & Yawn: Dream Detectives",3,8488940261,2274913100,74
1245380,"NEKO-GIRL PLAY",3,478829469,99770219,80
1245430,"Golden Light",2,4102470294,3275640872,21
1245480,"SYNDUALITY Echo of Ada",0,82361475556,82023450689,1
1245560,"Roots of Pacha",0,943867692,770826869,19
1245620,"ELDEN RING",0,57837715245,56965992737,2
1247290,"GameGuru MAX",1,49528213090,28297220967,43
1247570,"Expedition Zero",3,19454142677,10253800192,48
1247940,"Greyhat - A Digital Detective Adventure",3,807270064,684924606,16
1248130,"Farming Simulator 22",1,29571108901,20369796512,32
1248250,"World of Warships Public Test",3,77071240907,76291904055,2
1248980,"Beyond: Two Souls Demo",3,9058561821,7474879220,18
1248990,"Mýrdalssandur, Iceland",3,1087247175,931381248,15
1249040,"American Arcadia",1,18765842040,18533538137,2
1249110,"Skully",3,15508134416,8320818414,47
1249200,"Ghostrunner Demo",2,7014779319,4358374573,38
1249480,"Ex-Zodiac",3,215240856,144629760,33
1249800,"Xuan-Yuan Sword VII",3,43946229065,23195136467,48
1249880,"Tiny Bunny: Prologue",3,737869360,695049216,6
1249970,"Test Drive Unlimited Solar Crown",1,53239088119,51447507352,4
1250410,"Microsoft Flight Simulator (2020) 40th Anniversary Edition",1,2150599934,1586672698,27
1250440,"Garlic",1,520981682,424197118,19
1250650,"AI＊Shoujo/AI＊少女",0,117892306266,103450815127,13
1250760,"海沙风云 Far Away",2,1567022081,1471372277,7
1251040,"Aegis Descent",2,8951575138,8829945726,2
1251120,"Free Solo: One Life",3,59291066,21165407,65
1251200,"Glitchy Apocalypse Simulator",3,2063593608,511298484,76
1251460,"Tanuki Sunset",3,1105557753,334472967,70
1251850,"Inferno - Beyond the 7th Circle",3,836872703,698466253,17
1251930,"My Lovely Wife",3,670230063,417091509,38
1252240,"Aeon Drive",2,726366573,612648316,16
1252330,"DEATHLOOP",3,31741579946,31575516463,1
1252600,"ANOTHER EDEN",3,8773121714,8511596901,3
1252680,"SENTRY",2,1171146002,964827350,18
1252780,"Bloons Monkey City",3,432182718,410702389,5
1252830,"A Juggler's Tale",3,1971522836,1776854163,10
1253190,"Warhammer 40,000: Dakka Squadron - Flyboyz Edition",3,9319584178,8563615680,9
1253610,"Knights of Braveland",3,1134651657,938407714,18
1253920,"Rogue Legacy 2",3,909791385,791288814,14
1254370,"No one lives under the lighthouse Director's cut",3,446521756,287374937,36
1255130,"Unlock The King 3",2,350992948,161914483,54
1255320,"Strip Card Duel",3,678440379,660337837,3
1255560,"Myst",3,10406321898,10136049340,3
1255630,"WWE 2K22",2,55086645740,54839448840,1
1255650,"Geometry Arena",2,162195529,64032826,61
1255980,"Portal Reloaded",3,6221213543,3444240490,45
1256230,"Hyperbolica",3,902213919,286961750,69
1256610,"Dream Date",3,782903448,259332551,67
1256670,"Library Of Ruina",2,8108220641,4162153991,49
1257030,"Heartworm",3,8093654772,4106501313,50
1257290,"Atelier Ryza 2: Lost Legends & the Secret Fairy",2,23958023102,16888322402,30
1257810,"I'm on Observation Duty 2",3,1030774452,422312377,60
1258040,"Super Bernie World",1,23767987,13182271,45
1258970,"LunarLux Chapter 1",3,439846426,344084023,22
1259230,"Core Defense: Prelude",0,202409763,122955235,40
1259380,"Submarine Titans",3,649190330,475856731,27
1259420,"Days Gone",3,65638814695,63566832451,4
1259430,"First Snow",3,440090117,377911225,15
1259440,"Mist Legacy",0,8529511020,1817529009,79
1259740,"Escape Dungeon",1,1013691649,362733557,65
1259790,"Puyo Puyo™ Tetris® 2",3,3251033648,2758340838,16
1259870,"Golf Extreme",3,110106267,33104466,70
1259970,"eFootball PES 2021 SEASON UPDATE",3,40615464026,35265594608,14
1259980,"RIDE 4",3,54194472116,53339300661,2
1260320,"Party Animals",1,10128614640,8584694782,16
1260520,"Patrick's Parabox",3,202741387,95247972,54
1260590,"Hadean Tactics",1,1533662471,929579655,40
1260810,"东方华彩乱战2 ~ Touhou Blooming Chaos 2",2,3612004892,1101444694,70
1260820,"Third Crisis",3,5443999999,837801276,85
1261010,"NEAVE",3,244716205,118482834,52
1261040,"Streamer Life Simulator",3,5603570499,2114795289,63
1261300,"Racingmaybe",0,604380468,312390574,49
1261430,"Kandria",2,234055511,208335821,11
1261520,"Asterix & Obelix XXL: Romastered",3,5854537234,2476408432,58
1262190,"Without a Voice",3,742968653,448740974,40
1262240,"Plants vs. Zombies: Battle for Neighborville™",0,18885772400,18273354407,4
1262350,"SIGNALIS",3,1034659936,777321859,25
1262460,"Zompiercer",1,25509186779,15591037288,39
1262540,"Need for Speed™",3,14957928170,12867806968,14
1262560,"Need for Speed™ Most Wanted",2,6716672057,6646918482,2
1262580,"Need for Speed™ Payback",3,30325756613,25325964842,17
1262600,"Need for Speed™ Rivals",2,10264765590,9058694118,12
1262950,"Willy Jetman: Astromonkey's Revenge Demo",2,414580388,172711421,59
1263240,"Skate Story",2,11708551327,6524013222,45
1263350,"The Company Man",3,9179514291,749612057,92
1263370,"Seek Girl:Fog Ⅰ",0,1872029747,1565919569,17
1263550,"Combat Arms: the Classic",3,8065696384,3462829937,58
1263850,"Football Manager 2021",0,5963653462,4681643368,22
1264710,"Love and Sex: Second Base",2,1672421795,1508447760,10
1264770,"Coronavirus Evolution",3,125231518,39144673,69
1265720,"RICO: London",3,4702176072,4224884408,11
1265780,"The Lord of the Rings: Gollum™",2,47877478379,47159114722,2
1265800,"Hubris",3,19853749073,18638209203,7
1265820,"Fights in Tight Spaces",2,2123300154,1917517407,10
1265860,"NASCAR Heat 5",0,17316969704,15832633361,9
1265920,"Life is Strange Remastered",2,34893253229,22115606048,37
1265930,"Life is Strange: Before the Storm Remastered",3,26349784992,22091861431,17
1265940,"Fall Guys: Technical Beta",2,3566788885,3116421303,13
1266030,"The Pale Beyond",2,2663046087,1991372404,26
1266220,"Death end re;Quest 2",3,10917259006,9759125768,11
1266540,"Ships At Sea",3,29438039623,28991456407,2
1266630,"懒人修仙传2",2,99017754,89772520,10
1266700,"Destroy All Humans! 2 - Reprobed",3,38717011533,37710224831,3
1266820,"Ultimate ADOM - Caverns of Chaos",3,1717889687,1144106783,34
1266840,"The Last Stand: Aftermath",3,4395489967,3857504378,13
1266980,"Madrun",3,217698472,85705665,61
1267310,"[Chilla's Art] Onryo | 怨霊",0,3419608538,2150938889,38
1267540,"WRC 9 FIA World Rally Championship",3,23558302251,21691950170,8
1267580,"Classic Sport Driving",0,1007911936,964149439,5
1267910,"Melvor Idle",2,475858324,241459356,50
1268110,"ISEKAI QUEST",3,2406507017,379799537,85
1268750,"Starship Troopers: Extermination",2,9902361984,9620151765,3
1269020,"No Plan B",2,995940050,419685064,58
1269300,"This Means Warp",3,1880848679,374291061,81
1269350,"Neuronaut",3,223517549,169231424,25
1269370,"171",2,12465019054,12294180830,2
1269640,"Beacon Pines",3,1011347450,514425890,50
1269690,"Attack on Toys",2,1571741823,1233589535,22
1269950,"Buddy Simulator 1984",3,285692148,232146215,19
1270580,"Mind Over Magic",2,5957183333,3752039628,38
1271050,"Shrine",3,105581379,96469000,9
1271070,"clickbox",3,5840896,5718016,3
1271100,"Deadly Premonition 2: A Blessing in Disguise",3,9757728714,5077580784,48
1271260,"Land of Screens",3,2536667014,312217174,88
1271280,"Rift Wizard",2,558035214,470043742,16
1271690,"Zombie Derby: Pixel Survival",3,200071237,96592979,52
1271700,"HOT WHEELS UNLEASHED™",2,28855118926,28691346816,1
1271710,"LEWDAPOCALYPSE Hentai Evil",3,749279779,210168168,72
1272010,"Destroyer: The U-Boat Hunter",3,9477325496,6119122497,36
1272080,"PAYDAY 3",3,76494657461,45615223530,41
1272160,"The Life and Suffering of Sir Brante",3,3042586758,1107844319,64
1272320,"Diplomacy is Not an Option",2,7913841226,6128566443,23
1272580,"Nine Witches: Family Disruption",2,410759115,249386679,40
1272840,"Dordogne",1,3403710404,3093750765,10
1273220,"Sphere - Flying Cities",3,3796955805,3487798263,9
1273260,"Corpse Party (2021)",3,3723995457,2304680473,39
1273400,"Construction Simulator",1,10343119067,9346626278,10
1274290,"Kidnapped Girl",3,223429852,131469566,42
1274570,"DEVOUR",2,9609687924,6409198692,34
1274600,"The Last Faith",3,2380671606,2028350410,15
1275350,"Ninja Kiwi Archive",3,301604672,126932035,58
1275550,"Arctic Awakening",3,9098437198,3952959729,57
1275670,"Outcore: Desktop Adventure",3,1432337343,671686656,54
1275810,"Stan Lee's Verticus",3,612531713,124057003,80
1275890,"Baldi's Basics Plus",3,937655174,91911588,91
1276390,"Bloons TD Battles 2",3,862817249,814926852,6
1276660,"Tinkertown",3,765842189,283121132,64
1276730,"Undungeon Arena",0,6049314151,1127126628,82
1276760,"DRAGON BALL: THE BREAKERS",0,21682224692,21222434232,3
1276790,"Ruined King: A League of Legends Story™",2,15155602897,14482042804,5
1276810,"The Outbound Ghost",3,4319024171,3922111349,10
1277400,"Monster Hunter Stories 2: Wings of Ruin",3,28582158128,27694446016,4
1277500,"Skeletal Avenger",2,267918322,150406241,44
1277510,"Re:ZERO -Starting Life in Another World- The Prophecy of the Throne",2,6164945019,5954798633,4
1277530,"BLACK STIGMA",2,13693840674,13497985686,2
1277930,"Riddle Joker",2,7601113182,7211427414,6
1277940,"Kinkoi: Golden Loveriche",0,2810179334,2775417800,2
1278060,"FPV SkyDive : FPV Drone Simulator",3,8793170602,7910003507,11
1278480,"Smart Game Booster",0,163800854,102035300,38
1279260,"Lelie Navigation!",2,1239095594,1089789205,13
1279510,"Screw Drivers",2,5752122366,3133188386,46
1279600,"Songs of Syx Demo",3,724604315,554123051,24
1279610,"PrprLive",1,993122580,421610888,58
1279630,"Vampire: The Masquerade - Shadows of New York",3,3515245482,1765583227,50
1279920,"Cobra Kai: The Karate Kid Saga Continues",3,7180537859,3816174173,47
1280260,"Overgrown: Genesis",3,814603629,699423807,15
1280300,"Steel Assault",3,237768012,218335418,9
1280700,"Drekirokr - Dusk of the Dragon",3,218632747,187471677,15
1280770,"Redmatch 2",3,1329322704,430141673,68
1280780,"War on the Sea",1,4492931706,2616870316,42
1280930,"Astral Ascent",2,1597508935,1337306244,17
1281040,"Baby Steps",1,19828278069,14498804752,27
1281160,"Castle in The Clouds DX",3,503459340,446491716,12
1281220,"Task Force Admiral - Vol.1: American Carrier Battles",3,9574383238,4556530100,53
1281270,"Fatum Betula",1,1103585906,1004088119,10
1281590,"The Dark Pictures Anthology: House of Ashes",3,50688774848,28911899509,43
1281630,"Anno 1404 - History Edition",0,4040384360,3504480350,14
1281800,"Samsara Room",3,73670992,61792287,17
1281890,"Defective Holiday",3,6000850810,5919406662,2
1281930,"tModLoader",3,265414532,117220631,56
1282100,"REMNANT II®",2,86174731681,85296657309,2
1282150,"SpongeBob SquarePants: The Cosmic Shake",3,8402944195,7946818328,6
1282210,"DEEMO -Reborn-",2,8475399711,6160747594,28
1282270,"Strinova",2,36512178815,31334500517,15
1282410,"Hard West 2",3,36290886766,21754092154,41
1282590,"Train Sim World® 2",3,14457826219,14006117348,4
1282690,"Crysis® 3 ",2,12538712257,12330541054,2
1282730,"Loop Hero",3,219417396,185901638,16
1283130,"Micro Platformer",3,30070452,10129408,67
1283190,"Neighbours back From Hell",3,4265400020,1308743088,70
1283230,"Autopsy Simulator",3,21319584381,10932932726,49
1283400,"Steelrising",3,72037388170,70701277586,2
1283410,"Tails of Iron",3,1694365894,1525869244,10
1283500,"Euphoria: Supreme Mechanics",3,1257783623,503343030,60
1283700,"SUPERVIVE",0,8655012096,8322823880,4
1283930,"Half-Life: Restored",3,524300086,285109628,46
1283970,"YoloMouse - Cursor Changer",3,17200523,2940531,83
1284130,"Sclash",2,581924493,471045249,20
1284190,"The Planet Crafter",3,6568766612,3885824201,41
1284210,"Guild Wars 2®",0,69462614967,69372487793,1
1284410,"GWENT: The Witcher Card Game",3,8048776516,7650933782,5
1284510,"In a search of a new home",3,78970160,29437131,63
1284820,"Desktop Kanojo",1,239172943,111384340,54
1285080,"Gordian Rooms 1: A curious heritage",3,1190563910,1117908569,7
1285190,"Borderlands 4",0,88897442555,87926435688,2
1285230,"Ultimate Racing 2D 2",3,2562078411,2509734235,3
1285360,"Alien Hominid HD",3,371602923,241373051,36
1285630,"One Try, One Kill",3,105689600,105648128,1
1285670,"Post Void",3,269291856,245708427,9
1285920,"VR Skater",3,18174089786,17985699887,2
1286140,"Dingletopia: Nation Under Siege (by Orcs)",3,63541636,52514461,18
1286220,"Sea Power : Naval Combat in the Missile Age",3,18980317321,10067124500,47
1286280,"Pronty",1,4451151581,1611540813,64
1286350,"BPM: BULLETS PER MINUTE",3,13234358924,7557166232,43
1286560,"BROTHER!!! Save him! - Hardcore Platformer",3,114265535,49320657,57
1286580,"Ship of Fools",2,1206984599,1101329404,9
1286680,"Tiny Tina's Wonderlands",3,52360701707,51693524742,2
1286710,"Hylics 2",3,2515588289,831693506,67
1286730,"Epicinium",2,201485327,163470409,19
1286830,"STAR WARS™: The Old Republic™",1,58573482887,57948840695,2
1286880,"Ship Graveyard Simulator",2,23076029312,11568855080,50
1286990,"CONSCRIPT: Director’s Cut",3,1067180229,901904345,16
1287040,"Gun Devil",2,133409278,92521895,31
1287130,"Island of Penance",2,1396592364,1392287226,1
1287530,"Lords and Villeins",1,892834378,508857570,44
1287800,"Schwarzerblitz",2,1438634986,913673754,37
1287840,"Disciples: Liberation",3,12263717050,9365074834,24
1288170,"Red Planet Farming",3,1110958184,158758174,86
1288320,"Way of the Hunter",0,10891491077,10799832357,1
1288420,"The Secret of Retropolis",2,1731609691,865911744,50
1289310,"Helltaker",3,348150929,78663653,78
1289380,"Sheltered 2",0,2762174241,2652353353,4
1289720,"Neyyah",1,34879242235,34667071619,1
1289810,"Siralim Ultimate",0,501156782,394031066,22
1290000,"PowerWash Simulator",0,8565878445,8149132717,5
1290170,"Titan Chaser",3,4289695358,2252253639,48
1290330,"Time Wasters",2,617352244,284152325,54
1290490,"UNBEATABLE [white label]",0,1128639294,420828493,63
1290760,"Gecko Gods",2,3760865145,2468803252,35
1290790,"Yardlings",3,27465216,27320320,1
1290980,"Extra Coin",2,4618437364,1462901780,69
1291010,"Warpips",3,807176708,351068129,57
1291340,"Townscaper",3,352402846,103208875,71
1291530,"Arena",2,217149193,94626450,57
1291790,"Lakeview Cabin 2",3,2218267629,496398758,78
1292040,"STRIDE",3,6695283381,6352918773,6
1292460,"Adventure of Samsara",1,10490166771,2352089294,78
1292630,"3on3 FreeStyle: Rebound",2,7880452868,7603820166,4
1292690,"Corruption of Champions II",2,647169812,531173814,18
1292910,"Accident: The Pilot",3,5836290436,2960543425,50
1292940,"Cube Escape Collection",3,123918887,108483641,13
1293010,"The Almost Gone Demo",2,218973697,131446474,40
1293160,"The Medium",2,43195409222,42130632706,3
1293180,"SuchArt: Genius Artist Simulator",2,2106036172,1134871274,47
1293290,"Shing! Demo",2,1655219727,917051519,45
1293300,"Space Cats Tactics",3,3560663097,1184284867,67
1293730,"Broken Pieces",3,22716685987,11925399397,48
1293820,"YOU and ME and HER: A Love Story",2,3428211197,3423050663,1
1293830,"Forza Horizon 4",0,94851397954,93398683350,2
1293930,"Jetpack Vacation",3,3225562788,1452094763,55
1294420,"Rollerdrome",3,4574418919,1278887317,73
1294650,"The Mansion",3,10371012009,4960575603,53
1294660,"Divine Knockout (DKO)",2,5644975908,5420521960,4
1294760,"HARD BULLET",2,14968486036,8031510924,47
1294810,"Redfall",3,77079662056,76019070679,2
1294880,"Blind Fate: Edo no Yami",1,30647556026,18819703390,39
1295390,"ADVERSE",3,1384862247,522811164,63
1295500,"Warhammer 40,000: Battlesector",2,12114868668,9288781305,24
1295510,"DRAGON QUEST® XI S: Echoes of an Elusive Age™ - Definitive Edition",3,34365254358,31981188766,7
1295550,"DRAGON QUEST XI S: Echoes of an Elusive Age - Definitive Edition DEMO",2,11547439585,11051847974,5
1295660,"Sid Meier's Civilization® VII",2,21753019784,20408429595,7
1295790,"The Longest Road on Earth",2,4766215884,3833590003,20
1295920,"The Mortuary Assistant",3,3929605063,2068678740,48
1296010,"Stay in the Light",2,2208674079,2130178978,4
1296260,"Sakura Knight 2",0,333322306,275661089,18
1296360,"Archvale",3,1122979979,874646516,23
1296450,"Dust & Neon",1,2434547517,553658745,78
1296510,"Dread X Collection",3,13923882849,6677040620,53
1296540,"Flatworld",2,1078929408,445792851,59
1296610,"Peglin",2,430788215,289130520,33
1296770,"Her New Memory - Hentai Simulator",2,1033534817,927618051,11
1296830,"暖雪 Warm Snow",1,13124883783,3633013523,73
1297300,"The Shore",3,16289491527,8495368316,48
1297330,"Olija",0,368655433,262027641,29
1297900,"Gothic 1 Remake",3,38355642100,33873564559,12
1298140,"Fobia - St. Dinfna Hotel",3,4083862622,3905728358,5
1298410,"Zodiac - Hellish Memory",3,241519262,216905988,11
1299320,"Midnight Castle Succubus DX",3,209768031,151462435,28
1299370,"Friendship with Benefits",2,992213218,872503504,13
1299460,"Wanderstop",3,13627672713,5349425850,61
1299510,"Vampire: The Masquerade – Swansong",3,24704262644,22771861737,8
1299690,"Gori: Cuddly Carnage",3,9664262043,9409047532,3
1300100,"Spectacular Sparky",0,468129444,234357309,50
1300190,"Crystal Story: The Hero and the Evil Witch",3,480065486,145403874,70
1300310,"Move Code Lines",2,194133485,186531857,4
1301010,"World Racing 2 - Champion Edition",0,2757290945,2174589041,22
1301210,"Knockout City™",0,30538800858,29575236550,4
1301220,"Dear Devere",3,402595638,287766583,29
1301720,"Escape Room - Der kranke Kollege",2,1961253276,985791113,50
1301850,"Meditation VR",2,6265339570,6204108092,1
1301930,"Traffic Jams",0,2888037970,1976382331,32
1302050,"Milky Way Prince – The Vampire Star",3,2971093957,496369641,84
1302240,"Labyrinthine",1,17855539438,11537599462,36
1302530,"Cairn: Mathair's Curse",3,1224323911,973487277,21
1302570,"Vampirem",2,18628104154,9625826210,49
1302730,"Nebula Within",3,694483994,538022199,23
1302860,"Assembly Planter",3,276793098,232707821,16
1303740,"Love n Dream",3,539829471,267212910,51
1303950,"Toodee and Topdee",3,145330063,124313769,15
1303990,"Mini Motor Racing X",3,4665022523,2470096372,48
1304350,"Urge",3,2105686832,894173073,58
1304510,"SCP: Nine-Tailed Fox",1,606200983,488604817,20
1304550,"Progressbar95",0,143870172,135344924,6
1304660,"Vagrus - The Riven Realms: Demo (Prologue)",3,2787748051,2139557547,24
1304680,"Voidigo",2,1547345836,1260871767,19
1304770,"The Magister",3,415769872,357837007,14
1304780,"Nongunz: Doppelganger Edition",2,868904831,175287319,80
1304930,"The Outlast Trials",1,47933169624,45050348559,7
1305350,"C-4",3,815817102,259044262,69
1305420,"Agrou",2,9952368988,4241754310,58
1305720,"Delores: A Thimbleweed Park Mini-Adventure",3,65185350,60186657,8
1305730,"Way To Yaatra",3,9919541492,425482174,96
1306180,"Retrocycles",3,10783313,4678360,57
1306620,"[Chilla's Art] Missing Children | 行方不明",2,3275180699,1678880351,49
1306630,"Lost Ruins",3,524267537,417487682,21
1306720,"Mayhem Brawler",2,1331257396,1203366495,10
1306770,"Revival: Recolonization",2,2079867987,1243096817,41
1306970,"Diluvian Ultra",1,6168347244,2352892304,62
1307550,"Craftopia",1,9732371558,5603224668,43
1307580,"TOEM: A Photo Adventure",3,428010861,250455929,42
1307690,"The Darkest Tales",2,10970587472,5117119259,54
1307710,"GRID Legends",1,36635002061,36285603785,1
1307780,"Kinda Heroes: The cutest RPG ever!",3,188526314,72064939,62
1307890,"Kingdoms Reborn",1,3649073589,3356689536,9
1308380,"Super Bomberman R Online",3,4951359320,1465505757,71
1308740,"Hentai Roguelike",0,4750945144,3123623820,35
1309000,"Escape Dungeon 2",1,1732074652,625841963,64
1309480,"DAVIGO KNIGHT'S PASS",2,1474936838,574218966,62
1309610,"Line War",2,1724246843,1450678030,16
1309620,"Bears In Space",3,21701109868,6690327814,70
1309850,"Into the TIMEVERSE",3,1295354220,499793556,62
1309950,"Children of the Sun",3,3861927293,1792795535,54
1310410,"Alone in the Dark",3,31702390703,31063497468,3
1310520,"Occupy Mars: Prologue",1,6258074886,3818554698,39
1310910,"Sexual Void",2,2635014908,1489914061,44
1310970,"RussianPunk 2007",3,2815610123,1151813360,60
1311070,"Greak: Memories of Azur",3,3081646582,1182892705,62
1311570,"Desecrators",2,990479701,850175178,15
1311640,"Swarm",3,205453043,67981959,67
1311660,"Friendly Fire",3,330826960,149382328,55
1312220,"Phantom Path Demo",2,80127028,56433307,30
1312540,"OMG: One Million Guns",3,42431631,37306122,13
1312800,"EVERSPACE™ 2 - Demo",3,21541501475,17745124496,18
1312890,"Greak: Memories of Azur Demo",2,1139080918,386935138,67
1313080,"There’s no Light Demo",0,9474248019,2440113512,75
1313140,"Cult of the Lamb",2,2992243219,2560009001,15
1313290,"Let Them Trade",3,1737777819,1557375972,11
1313860,"EA SPORTS™ FIFA 21 ",1,43253703997,42915340897,1
1314460,"Flicker of Hope",1,1240895454,1199859434,4
1314590,"X-Fitness",2,849369155,538957383,37
1315610,"Source of Madness",3,2275104299,1174069398,49
1315710,"Move 'n' Bloom",2,260863825,172080897,35
1315860,"Work And Girls",3,341673581,186545114,46
1315980,"Tin Can",3,12062498232,3878495520,68
1316230,"Force of Nature 2: Ghost Keeper",2,1236747379,928237273,25
1316560,"Otaku's Rage: Waifu Strikes Back",3,1738449587,321273019,82
1316680,"VLADiK BRUTAL",1,14350465088,10978569634,24
1316910,"Super Monkey Ball Banana Mania",2,3301517110,2902570998,13
1318040,"Shady Knight Demo",3,1089588468,231414411,79
1318090,"Vertigo Remastered",3,3658092594,1751508505,53
1318690,"shapez",3,390743480,263710543,33
1318790,"BROK the InvestiGator - Prologue",2,941085880,873436122,8
1318970,"This Way Madness Lies",3,1327279372,373579722,72
1319420,"Chasing Static",3,985794107,853863892,14
1319460,"Fashion Police Squad",3,3285232648,2751271431,17
1320100,"Wanted Raccoon",1,3905869250,1883986751,52
1320110,"The Adventurer - Episode 2: New Dreams",3,105180827,88513580,16
1320140,"Small Saga",3,400533520,276242432,32
1320550,"The Call of Karen",1,6791546022,3039263676,56
1320610,"Patrick's Parabox Demo",3,150448375,48625224,68
1321440,"Cassette Beasts",3,1107023026,828158226,26
1321450,"American Theft 80s",3,8566661836,4111721962,53
1321680,"Hello Neighbor 2",0,14271796266,8950658187,38
1322170,"Pluviophile",3,2674822134,1489211751,45
1322180,"DriftZ",3,981169328,501673967,49
1322490,"The Charm of Love",3,124639962,76488800,39
1322840,"Mr. Prepper Demo",2,3346419472,1748234342,48
1323410,"Quest 4 Papa: Reloaded",3,510616495,453813154,12
1323540,"Aerial_Knight's Never Yield",3,2851754075,662408887,77
1323590,"CONSCRIPT Demo",2,312879870,267727224,15
1323890,"Ghost on the Shore Demo",2,1676838783,1106230699,35
1324130,"Stranded: Alien Dawn",3,11708313836,11412764228,3
1324340,"Made in Abyss: Binary Star Falling into Darkness",3,30713384798,14046780000,55
1324350,"Turbo Golf Racing",2,11887706822,6659829820,44
1324530,"Warhammer 40,000: Shootas, Blood & Teef",1,1778835091,1548095344,13
1324780,"Easy Red 2",2,13235499593,8376579612,37
1325100,"Gloomwood Demo",2,813465414,468500572,43
1325200,"Nioh 2 – The Complete Edition",3,82010178489,66874603314,19
1325470,"Pianistic",3,548467758,375027687,32
1325860,"VTube Studio",2,2033668049,1244936212,39
1325890,"SILT",2,5529536705,5010474858,10
1325900,"Demon Turf: Queens Edition",3,4926581043,3993113794,19
1325970,"Ghost of Tomorrow: Chapter 1",3,6037158349,2002946394,67
1326000,"Sakura Succubus 2",0,329873297,272291663,18
1326270,"Festival Tycoon 🎪",2,2442954422,1878167462,24
1326470,"Sons Of The Forest",3,16010572204,11773390423,27
1327020,"亭上满月映西枝~The Forever Moon",3,245622733,220543270,11
1328350,"Turbo Overkill",1,8218783362,5460683134,34
1328660,"Need for Speed™ Hot Pursuit Remastered",2,34127258812,33910388256,1
1328670,"Mass Effect™ Legendary Edition",3,116702925458,113346219874,3
1328890,"Succubus Affection",2,1814176532,383788402,79
1328990,"Godsworn",2,4217916743,2806640571,34
1329410,"雀魂麻將(MahjongSoul)",3,4107296040,3689395818,11
1329440,"Detective Solitaire Inspector Magic and the Man Without Face",3,47792469,42339085,12
1329500,"SpiderHeck",3,1546846846,328230838,79
1329540,"CROSSBOW: Bloodnight",3,737905736,356197041,52
1330000,"Stolen Realm",3,5189804028,1225189797,77
1330430,"Celestial Empire",2,33312295499,21911992634,35
1330460,"Becastled",2,1184930666,546842436,54
1330470,"F.I.S.T.: Forged In Shadow Torch",1,23033805726,22929200068,1
1330560,"Hairdresser Simulator",3,42545632688,28483961285,34
1330570,"RUN! GRANDPA! RUN!",3,85183680,26793898,69
1331440,"FUSER",0,27090345904,22158221343,19
1331510,"Battle Talent",2,10290869926,5970020730,42
1331550,"Big Ambitions",2,5334022301,2890105515,46
1331910,"Morkredd",2,5807481072,3455911167,41
1332010,"Stray",3,6635424397,6503458722,2
1332720,"Thief Simulator 2",3,15009970686,7261812934,52
1332970,"Dab on Darkness!",3,103130324,50527704,52
1333090,"Gravity",3,101590559,38941857,62
1333350,"Angel Legion",2,3855085405,2891159077,26
1333360,"Jerez's Arena",0,886819491,696590677,22
1333410,"Stream Racer",3,718089720,258444876,65
1333470,"Alex Kidd in Miracle World DX",3,1104248692,363057288,68
1333700,"Real Heroes: Firefighter HD",3,1849271838,1555425222,16
1333840,"Overshadow",3,49999986,41952546,17
1333910,"Sizeable",3,294054776,214659398,28
1333920,"A Place, Forbidden",3,506172436,352547453,31
1334160,"Sizeable Demo",2,471654161,308722007,35
1334300,"Charge Kid",3,190446712,77094920,60
1334500,"RP7: Spin Your Own Encounter",3,408080685,297933294,27
1334590,"Furry Love",3,826453920,708864127,15
1334730,"Dread Templar",3,4206068116,2361388453,44
1335210,"Stream Smash",3,205510621,65137374,69
1335530,"Alisa",3,574246374,324586222,44
1335790,"Operation: Tango",3,4926477260,3372867251,32
1335830,"Len's Island",0,4682353806,2950166721,37
1335940,"Ball-it Hell",1,185369729,128597850,31
1336120,"Bridge Constructor: The Walking Dead",3,267809587,131838977,51
1336180,"Floodland",3,3920293394,1815225979,54
1336490,"Against the Storm",2,5573125238,3777005169,33
1336560,"Hashiriya Drifter-Online Drift Racing Multiplayer (DRIFT/DRAG/RACING)",3,1475491799,616002391,59
1336950,"VoxFox",3,1203976924,533907299,56
1336980,"NOBUNAGA'S AMBITION: Awakening",2,26925552744,24464524619,10
1337010,"Alba: A Wildlife Adventure",3,687549605,300629839,57
1337100,"Warhammer Age of Sigmar: Tempestfall",3,34422495480,17965499746,48
1337330,"Woden GP",0,447965292,169624033,63
1337520,"Risk of Rain Returns",3,522492160,409520499,22
1337530,"Maskmaker",3,6340593705,6225036616,2
1337590,"Sexena: Arena Tales",3,480013630,248505386,49
1337760,"Potion Permit",3,959646366,233778306,76
1337920,"Serial Cleaners",3,7917021088,7237818832,9
1338250,"Nohra",3,139630545,113764395,19
1338330,"Lemon Cake",3,594133374,197928667,67
1338420,"A Night In Berlin",3,264826117,201291509,24
1338520,"Bouncy Cat",3,1029121635,373242749,64
1338580,"McPixel 3",3,150132200,138031559,9
1338770,"Sniper Ghost Warrior Contracts 2",0,15341990460,15094618520,2
1338840,"Death in the Water 2",3,5476544415,3557600847,36
1339380,"Kabukicho Story",3,294692410,187055180,37
1340130,"Aokana - Four Rhythms Across the Blue - EXTRA1",2,3498619557,3466788522,1
1340180,"Sherwood Extreme",3,901470985,827418593,9
1340480,"The Cosmic Wheel Sisterhood",3,978550096,844192909,14
1340530,"Mr. Prepper: Prologue",2,3861952475,2091563338,46
1340640,"HORROR TALES: The Wine",2,4936231576,2785576645,44
1340990,"Rise of the Ronin",3,160194311294,120100892118,26
1341050,"BALAN WONDERWORLD",3,14469321735,14274527232,2
1341200,"DYNASTY WARRIORS 9 Empires",2,42630921975,38366400701,11
1341290,"We Were Here Forever",3,23612340587,11895860481,50
1341490,"Hellsweeper VR",3,17242979034,8382015478,52
1341820,"As Dusk Falls",3,49762544133,46308571040,7
1341900,"Castle on the Coast",3,713374983,263639040,64
1342060,"The Dead End",1,1207943614,1050645392,14
1342080,"The Maiden, the Butler, and the Witch",2,818888937,809585085,2
1342100,"Evening Starter",2,613948661,601657542,3
1342260,"SAMURAI SHODOWN",2,42285067301,38148000574,10
1342330,"Mad Games Tycoon 2",3,1253234738,461491337,64
1342410,"Muv-Luv Unlimited: The Day After - Episode 02",2,1336866440,1049400296,22
1342490,"Daemon X Machina: Titanic Scion",3,50459055480,41058832760,19
1342620,"Werewolf: The Apocalypse — Heart of the Forest",1,841662567,521315988,39
1342690,"Radiolight",3,4847976883,4686662703,4
1342890,"Who Needs a Hero?",3,645770809,98830029,85
1343240,"Thymesia",3,12299063473,6307510206,49
1343340,"HORROR TALES: The Beggar",3,11297343002,7317785584,36
1343370,"Old School RuneScape",3,15469239,5491949,65
1343400,"RuneScape ®",3,4040356824,3897927304,4
1344740,"FOOTSIES Rollback Edition",3,154218365,53720126,66
1344810,"Homeland: Lay to Rest",3,958928418,905305688,6
1345280,"Slide - Animal Race",0,976070777,521732950,47
1345820,"Ragnarock",0,1711518427,1655168854,4
1345860,"Grapple Dog",2,574177145,231865547,60
1345890,"Deliver Us Mars",3,13013882746,12624003566,3
1346010,"RiMS Racing",3,14043538132,11703279678,17
1346020,"Wargroove 2",3,532775815,505018842,6
1346310,"Project Senko",3,2260622362,797038451,65
1346360,"Old Skies",2,4440426888,4273607315,4
1346390,"ASTRO AQUA KITTY",3,240270277,193961543,20
1346720,"Wicked Games",2,182790565,144414217,21
1346840,"Dead Reset",3,27815506357,27654418841,1
1346960,"The Divine Invasion",3,22966989567,9057382400,61
1346980,"Lawnmower Game: Next Generation",3,1580349104,508548905,68
1347030,"THE CORRIDOR",2,2493644908,1196472918,53
1347310,"Swarm",1,4595707490,2525471898,46
1347430,"Cute Honey",0,1608801130,390851035,76
1347780,"Freedom Fighters",3,666100311,640588305,4
1347970,"Patch Quest",3,748729425,440045673,42
1348060,"Bug Blast",3,262994907,231567196,12
1348690,"Oaken",2,1234875198,982201118,21
1348760,"Karm",2,2318883447,1256374504,46
1349030,"Innocent Girl",3,1115651173,953795538,15
1349060,"It Steals",3,541870450,217856621,60
1349230,"5D Chess With Multiverse Time Travel",3,9759960,7595424,23
1349540,"DPS IDLE",3,42928021,36884577,15
1349960,"[Chilla's Art] The Ghost Train | 幽霊列車",0,2285145098,1247518963,46
1349970,"Tomai",3,706052675,329169954,54
1350200,"IMMORTALITY",2,28406469831,28038514452,2
1350650,"FreshWomen - Season 1",1,4838376382,4698030923,3
1351080,"Pharaoh™: A New Era",3,5949964131,2238759468,63
1351170,"東方催狐譚 ～ Servants of Harvest Wish",3,187096691,178693399,5
1351210,"Gord",2,10686422838,10461763888,3
1351240,"Taxi Life: A City Driving Simulator",3,5705864596,4091933533,29
1351370,"Sakura Knight 3",0,360906104,303141239,17
1351400,"Canvas Hockey",3,1588297236,325427476,80
1351480,"Barely Racing",1,1686402829,1503574033,11
1351630,"Ys IX: Monstrum Nox",3,10330778046,7874806994,24
1352080,"SMASH LEGENDS",0,1984374941,1651625372,17
1353230,"Bomb Rush Cyberfunk",3,1727570303,1530057106,12
1353300,"Idle Slayer",3,266712307,85772530,68
1354830,"Cat Cafe Manager",3,608657391,488001543,20
1354910,"Tiny Lands",0,1191503223,509814591,58
1355090,"RAILGRADE",1,4235985781,4117763368,3
1355310,"Nightmare Puppeteer",0,15490381108,10680510941,32
1355780,"Crushed",3,4440838564,2257353941,50
1356040,"Ampersat",3,1652711656,975451761,41
1356280,"Kitaria Fables",3,790495642,632605773,20
1356480,"helionaut",3,70627328,70582272,1
1356670,"Sakuna: Of Rice and Ruin",2,6526161245,6172728895,6
1356810,"Hexarchy",0,1868769205,825802695,56
1357210,"Galactic Civilizations IV",2,21711687160,18692468136,14
1357710,"Excalibots",3,5056298672,1685649726,67
1357860,"Fuga: Melodies of Steel",3,2628664205,1351515691,49
1358050,"Sanatorium «Anthropocene Retreat»",3,2004339267,1814503424,10
1358090,"Open Hexagon",3,75862814,71959478,6
1358140,"Cooking Simulator VR",2,8152295312,5390107422,34
1358530,"Saint Kotar",1,9606043983,4230421354,56
1358640,"Penny's Path",3,843718474,791773184,7
1358700,"STRANGER OF PARADISE FINAL FANTASY ORIGIN",1,96323321118,93894948498,3
1358710,"Battle Cry of Freedom",1,34492079591,29861752932,14
1358800,"projectM Music Visualizer",2,124539144,59372394,53
1359090,"Zero Hour",0,28201029656,17471955658,39
1359980,"POSTAL: Brain Damaged",2,12968583352,9611509596,26
1360000,"The Infected",1,6765634380,4223022942,38
1360280,"CATMAN-GIMMICK ACTION GAME-",0,105599559,41035031,62
1360390,"Cats and the Other Lives",3,2120806885,1582331011,26
1360980,"Fetish Locator Week One",3,2099786200,1954596730,7
1361000,"In Silence",2,5181782256,3314550268,37
1361210,"Warhammer 40,000: Darktide",0,73028561100,68440367117,7
1361240,"Teenage Blob: Paperperson - The First Single",2,1283939855,313818260,76
1361320,"The Room 4: Old Sins",3,11200274881,5598013697,51
1361440,"DuelVox",3,655060159,202408424,70
1361510,"Teenage Mutant Ninja Turtles: Shredder's Revenge",3,1093037260,716444843,35
1361580,"Armoured Commander",2,82345860,37885937,54
1361920,"Bright Paw: Definitive Edition",3,2912315201,2269985325,23
1362430,"Lairchitect",3,31382016,31240192,1
1362540,"Battle Cry of Freedom - Dedicated Server",0,8610244083,5643303644,35
1362580,"Retro War",3,27819818,20564274,27
1363080,"Manor Lords",2,12249680122,7357643512,40
1363430,"Propagation VR",3,3790729427,1988786622,48
1363850,"THE IMPOSSIBLE",3,277964747,128197804,54
1364020,"Boundary",0,31412888442,15208221971,52
1364100,"Lacuna – A Sci-Fi Noir Adventure",3,1950848901,577199158,71
1364130,"BER Bausimulator Remastered",3,195807696,131985408,33
1364210,"City Bus Manager",3,9583298238,6414155027,34
1364390,"Animaze by FaceRig",3,3944987876,3706794464,7
1364690,"First Racer",2,275210387,201052451,27
1364780,"Street Fighter™ 6",0,78710195487,77847956905,2
1364930,"JDM: Rise of the Scorpion",3,9435300156,9070441892,4
1365760,"Defold",3,324601819,298929335,8
1366290,"Kill It With Fire: HEATWAVE",3,531657369,471280548,12
1366540,"Dyson Sphere Program",3,4235617615,1838587897,57
1366720,"Vidiot Game",3,26790602,18126912,33
1366800,"Crosshair X",3,506654814,183254499,64
1367080,"MOBILE SUIT GUNDAM BATTLE OPERATION 2",1,48429705111,28678390978,41
1367300,"Blade Assault",3,3065510088,247670681,92
1367550,"Kingdom Rush Vengeance - Tower Defense",0,1120883781,866195465,23
1367590,"Tormented Souls",3,15866304376,7538461016,53
1368030,"ANNO: Mutationem",3,9819461052,9069226344,8
1368130,"Park Beyond",1,35424893487,22748873338,36
1368430,"Streets Of Kamurocho",3,35266356,31696188,11
1368440,"Armor Of Heroes",3,1215013423,460950747,63
1368450,"ENDLESS™ Zone",3,1921952642,1090336989,44
1368460,"Golden Axed: A Cancelled Prototype",3,286326150,183492876,36
1368820,"RollerCoaster Tycoon® 3: Complete Edition",3,1422498404,659160962,54
1368850,"Cursed Treasure 2 Ultimate Edition - Tower Defense",3,185331961,154950944,17
1368910,"Super Mecha Champions",2,14582047923,13229208495,10
1368950,"VTuber Maker",2,475531956,209690376,56
1369320,"Virtual Cottage",3,279946143,216684551,23
1369340,"Cats Organized Neatly",2,50275552,44188203,13
1369470,"Pincremental",1,497157255,243652034,51
1369520,"Strangeland",1,4183635727,2083955393,51
1369630,"ENDER LILIES: Quietus of the Knights",3,1308552836,1236959769,6
1369670,"Motor Town: Behind The Wheel",0,2352626027,2159371780,9
1369760,"NINJA GAIDEN 3: Razor's Edge [NINJA GAIDEN: Master Collection]",3,3516753714,3454861312,2
1370050,"Trek to Yomi",3,9999910192,8944101921,11
1370140,"Kao the Kangaroo",1,9683442895,9620711858,1
1370170,"Diorama Builder",3,3587199235,1138279996,69
1370370,"Lands of Sorcery",2,2425070849,2305236778,5
1371560,"DarKnot",3,20755518037,12688181161,39
1371580,"Myth of Empires",2,110583245619,84167215940,24
1371690,"GRAVEN",1,5572625198,5438103123,3
1371720,"Card Shark",1,1349068692,1210432181,11
1371980,"No Rest for the Wicked",3,47948102442,22118322913,54
1372110,"JoJo's Bizarre Adventure: All-Star Battle R",3,5307142259,5239605309,2
1372150,"Fish Game",3,7108801362,2469559015,66
1372280,"MELTY BLOOD: TYPE LUMINA",3,21334311824,10243349162,52
1372320,"Cloud Gardens",3,649375738,141286172,79
1372530,"Fly Corp",2,343345616,134761922,61
1372580,"Planet Zeta",3,131883638,61263872,54
1372660,"An Amazing Wizard",3,3300362221,681562547,80
1372730,"Phaseshift",0,3283655178,1307088249,61
1372910,"Project Crimson",3,48951759,33358029,32
1373090,"Yes, Your Grace 2: Snowfall",2,5090009860,4367244552,15
1373430,"Leisure Suit Larry - Wet Dreams Dry Twice",3,4839670068,1315817585,73
1373440,"Picross for a Cause",3,67847948,14943699,78
1373510,"BloodRayne: Terminal Cut",3,14198076341,10726157706,25
1373550,"BloodRayne 2: Terminal Cut",2,18664578764,11456303392,39
1373960,"INDIKA",1,52166478396,32589263508,38
1374490,"RuneScape: Dragonwilds",2,26472529500,16014551211,40
1374580,"Dirge",1,9790112778,9613291122,2
1374700,"BIG-Bobby-Car – The Big Race",0,1375330141,731178475,47
1374840,"Dark Deity",3,1280762423,876090217,32
1374970,"Moonscars",2,697474161,299450877,58
1375010,"Raccoon Roller Demo",3,492689757,408758146,18
1375400,"Ghosts 'n Goblins Resurrection",2,6333911296,6236718287,2
1375750,"Regions of Ruin: Runegate",3,7007445278,764430254,90
1376070,"Rushdown Revolt",1,6191524153,3281686463,47
1376200,"KARMA: The Dark World",2,26883358298,26519204173,2
1376910,"Super Catboy",3,332954190,243386913,27
1377360,"Vampires' Melody",3,1741381117,1570962288,10
1377380,"Night of the Dead",2,31252259742,15710119598,50
1377550,"~在魔界当女仆~恶魔天使与勇者的秘密喫茶店",0,2793627574,852473668,70
1377580,"Soulworker",2,19627978170,19069750772,3
1378020,"Beasts of Maravilla Island",3,2503403775,1058421168,58
1378040,"Tear and the Library of Labyrinths",2,1292586147,1258639274,3
1378290,"The Citadel",3,823875884,725069670,12
1378890,"Indoorlands",0,2883675280,946388865,68
1378990,"Crash Bandicoot™ 4: It’s About Time",3,25239750420,24940387446,2
1379040,"Pixel Ninja",3,105015646,56254089,47
1379070,"Rise of SamuraizerzZz",3,480178969,306328748,37
1379550,"The USB Stick Found in the Grass",3,4186261411,4081631639,3
1379610,"First Hero - Epic of Gilgamesh",1,12216227785,7923475901,36
1379630,"RealRTCW",2,3087612670,2976683678,4
1379970,"Solar System VR",2,4174055404,2366412681,44
1380150,"Sword Game",3,90922048,61464576,33
1380220,"Starsand",2,4477387294,3664088182,19
1380390,"Dread X Collection 2",3,10298822791,5822706757,44
1380410,"Puzzle Quest 3",2,3019000092,2669063818,12
1380420,"Grow: Song of the Evertree",2,2510241468,1990088104,21
1380650,"Draft of Darkness",2,1049703767,228113053,79
1380780,"Battle Village",3,141472477,70852608,50
1380910,"Stardeus",2,837370156,746348432,11
1381290,"Viking Fight",0,118122477,50239442,58
1381440,"80's OVERDRIVE",3,143285586,133782774,7
1381650,"ACTION SANDBOX",2,2749665586,1279826545,54
1382020,"The Struggles Of Stefan",3,2021716965,381380649,82
1382070,"Viewfinder",3,8393049002,7304552807,13
1382200,"Liquidators",3,8123002313,3956158464,52
1382320,"Antonball Deluxe",3,86674233,70010953,20
1382330,"Persona® 5 Strikers",2,23009324777,22428627348,3
1383170,"100 RUB: Operation Global Denomination",3,15952744,8761382,46
1383220,"Space Crisis",3,109623912,60808799,45
1383400,"Crystal Ortha",2,126388869,92795466,27
1383930,"Swordian Hero",3,109936157,61174600,45
1383960,"Nickelodeon Kart Racers 2: Grand Prix",3,5305263331,4301787136,19
1384160,"GUILTY GEAR -STRIVE-",0,26625595830,26257686380,2
1384320,"Grapple Tournament",1,5665135012,3057580248,47
1384410,"Werewolf: The Apocalypse - Heart of the Forest Demo",2,784469456,280550060,65
1384630,"SWORD x HIME",3,14029026948,7512014570,47
1384660,"Up to Par",0,538797355,451061749,17
1384700,"A Gay Love Story About Gay Love",2,166484205,157898860,6
1385380,"Across the Obelisk",1,4080010951,1692046302,59
1385700,"True Hate",3,6731462138,1849523442,73
1385820,"Ninja Kunoichi",3,101714446,52899333,48
1385830,"MagicalGirl Mimi",3,112673724,63858511,44
1386040,"Jelly Brawl: Classic",2,242318689,160021263,34
1386070,"The Darkside Detective: A Fumble in the Dark Demo",2,439348524,215237486,52
1386650,"ZCREW",3,9408235605,9197550701,3
1386770,"Blip (Open Alpha)",3,11094528,6311936,44
1386780,"City of Gangsters",2,1094538856,420037917,62
1386870,"Wraith: The Oblivion - Afterlife",3,2996853444,2904571238,4
1386900,"Observer: System Redux",3,10281320445,10026358846,3
1386940,"UEBERNATURAL: The Video Game - Prologue",3,73008336,64720896,12
1388030,"Bocce VR Simulator",3,1211720496,547433056,55
1388590,"Yakuza 6: The Song of Life",3,41792353511,37158796307,12
1388770,"Cruelty Squad",3,574127501,267850920,54
1388870,"Arcade Paradise",3,4559187739,2628985738,43
1388880,"Doki Doki Literature Club Plus!",2,3324461566,2658061367,21
1389260,"Isles of Limbo",3,733156169,640030579,13
1389270,"Don't Crash - The Political Game",3,7808339555,3342770517,58
1389300,"Soulcaster",3,300565385,259769248,14
1389560,"Paint Girl",3,4511280487,715455923,85
1389630,"High Entropy: Challenges",2,2092805704,1129383094,47
1389690,"Battle Blocks",3,335007934,281351541,17
1389730,"Abiko The Miko",3,113848358,65086801,43
1389740,"Accel Magician Mimi",3,103525303,54710090,48
1389950,"Amalgam",0,9501051639,6676796096,30
1389990,"Oblivity - Find your perfect Sensitivity",3,1291477353,265012883,80
1390190,"APICO",3,344805049,314718441,9
1390300,"Stream Arenas",3,8338604331,3991860028,53
1390350,"Webbed",3,231277787,125133030,46
1390410,"Midnight Fight Express",2,7179806533,6423483899,11
1390830,"Flower Challenge",3,5211444859,2300056780,56
1391990,"Berries Challenge",3,2996023527,1325369677,56
1392060,"Erzurum",3,5434566199,5280896845,3
1392170,"Schastye",3,579346669,396904521,32
1392820,"Milk inside a bag of milk inside a bag of milk",3,331583133,190337569,43
1392860,"Little Nightmares III",1,13729551848,13427741906,3
1393370,"Actraiser Renaissance",3,4380955204,4014728735,9
1393750,"Ocean's Heart",0,242271329,234586993,4
1393830,"INFLUXIS",3,14006140422,5976745438,58
1394130,"Breach Wanderers",1,985877008,476269859,52
1394340,"DreamDasher",2,169867749,124551435,27
1394800,"Rebirth:Mr Wang",3,1234323047,1024952202,17
1395030,"Kathy Rain: Director's Cut",3,868385031,462584489,47
1395520,"The Séance of Blake Manor",3,11052199398,1556554813,86
1395540,"BOT.vinnik Chess: Winning Patterns",3,64122825,22723262,65
1395560,"Kandidatos",3,193414767,70048026,64
1395600,"Party Parkade",2,622090601,135154478,79
1395760,"Reshaping Mars",3,2456826279,1642682911,34
1395830,"Hoplegs",3,906018169,195108116,79
1396150,"素敵な彼女の作り方",2,2807202978,1354600788,52
1396240,"Contraband Police: Prologue",2,9728732303,6512232527,34
1396980,"The Sealed Ampoule",3,1705139580,934230286,46
1397290,"Comet 64",3,75343461,26292242,66
1397390,"The Break-In",2,6660806576,1890818630,72
1397650,"Jetborne Racing",3,2351497146,777404200,67
1397920,"Mr.Mine",2,301662121,176529582,42
1398210,"Selene ~Apoptosis~",3,1280146559,1106755235,14
1399370,"Cute Honey 2",0,5775971734,993089636,83
1399720,"Antimatter Dimensions",3,328743155,141592242,57
1399780,"Spellbreak",3,24809463720,10467514466,58
1399840,"Neptunia Virtual Stars",3,23371194651,22683110292,3
1399930,"Furry Shades of Gay",3,1466119083,982007242,34
1400110,"Sightbringer",3,405764012,246213109,40
1400290,"[Chilla's Art] Hanako | 花子さん",0,5617936695,2889228186,49
1400500,"Contraband Police Demo",3,11089615015,6419007707,43
1400520,"Nomads of Driftland",3,2624358727,2524430445,4
1400660,"Rise of Piracy",2,28613371757,15182890366,47
1400910,"Soundodger 2",3,290117462,174442667,40
1401590,"Disney Dreamlight Valley",0,9992762365,9516740216,5
1401680,"Lust from Beyond: Scarlet",3,10768928140,6435374556,41
1401730,"Crashlands 2",2,408379548,324184704,21
1402020,"SCP: Labrat",2,3952852908,3037770408,24
1402110,"Eternights",3,9095103317,5925607718,35
1402120,"9 Years of Shadows",3,1864822026,1514354165,19
1402220,"Too Good For School Demo",2,8501016707,3545935872,59
1402320,"Medal of Honor™: Above and Beyond",3,184552812321,183424338942,1
1402790,"Shopping Empire Tycoon",3,150684771,125497371,17
1403020,"SCP Strategy",3,1282266823,378961510,71
1403370,"Zenith: Nexus",3,28630008228,7998374338,73
1403440,"Broken Roads",2,12972760756,11781974740,10
1403520,"Forest Farm",0,736748679,468705911,37
1403740,"Space Architect",3,748460340,304639218,60
1404210,"Red Dead Online",0,128281129347,121519278373,6
1404850,"Luck be a Landlord",3,149375583,104148999,31
1405440,"The Horror Of Salazar House",2,222350189,80767844,64
1405470,"Scars of Summer",3,1408717105,1219406277,14
1405790,"John Wick Hex",3,1825412367,461823441,75
1406020,"Sakura Succubus 3",0,389945519,331265208,16
1406080,"Arc Wizards",3,116311871,67550314,42
1406140,"Wiggly Boy",3,1503574232,1435025408,5
1406780,"Viscerafest",2,4139746828,1670546934,60
1406850,"The Legend of Tianding",3,1426891216,1115383935,22
1406990,"NEKOPARA Vol. 4",3,3344741156,2701480400,20
1407090,"Muv-Luv Unlimited: The Day After - Episode 01",2,1262748214,975315784,23
1407100,"Muv-Luv Unlimited: The Day After - Episode 00",2,943824973,656843517,31
1407200,"World of Tanks",3,87747907501,54027857484,39
1407210,"Space Rescue: Code Pink",3,1102404862,975629968,12
1408100,"Penimorta",3,95982076,45088431,54
1408230,"Walkabout Mini Golf VR",0,5953883816,5298072966,12
1408480,"Sneaky Kitten",2,4181821876,1228685265,71
1408570,"Stand 'em Up",3,96284463,72818978,25
1408610,"Call of the Wild: The Angler™",0,11591476057,11197202570,4
1408720,"Krunker",0,215279503,127852824,41
1409160,"Plasma",3,4977858870,2265409683,55
1409200,"HYPERVIOLENT",1,1197414018,1133994490,6
1409610,"Without Romance",3,194423390,116425560,41
1409740,"Cybernetic Fault",3,2578835971,2508902400,3
1409770,"Cat's Kiss",3,2038674847,1029341138,50
1409830,"Sons of Valhalla",3,5168300131,1530960874,71
1410640,"Syberia: The World Before",3,22682812697,14723269155,36
1410710,"Democracy 4",2,827239318,628764438,24
1410830,"Curse That Magic Cat!",3,932451155,451072015,52
1410840,"Crystal Call",3,3846815283,1318727538,66
1410850,"Space Smack!",3,1866965102,300615648,84
1410860,"Puzzle Box Palace",3,4001215672,1299004854,68
1410870,"Trikaya",3,774963606,691345687,11
1410980,"Serafina and the Key to the Egg",2,924098100,823526412,11
1411740,"Urbek City Builder",3,665060805,193584327,71
1411800,"Goodnight, Lily",3,479960722,433149687,10
1411910,"Fallen Aces",1,7129383999,3928605097,45
1412170,"Janosik",3,336644104,151171731,56
1412500,"Paralyzed",3,129437872,102428672,21
1413020,"Superfly",3,3396292771,1291611611,62
1413350,"Flipper Volcano",2,84541495,39847096,53
1413480,"Shin Megami Tensei III Nocturne HD Remaster",2,12267650743,11261140079,9
1413820,"Balloon Saga",3,347537740,91496479,74
1413870,"Shadow Man Remastered",2,6320979972,5199041641,18
1413960,"Chevalier Historie",2,6384573593,6294516605,2
1413970,"Fox Girls Never Play Dirty",2,2570088995,2424297641,6
1413980,"The Demon Lord is New in Town!",2,3773758080,1558437321,59
1414180,"Motesolo : No Girlfriend Since Birth",3,21760344393,20575475745,6
1414250,"CORPSE FACTORY",3,1700536381,924581714,46
1414710,"Arc Wizards 2",3,113758889,64997332,43
1414850,"Nickelodeon All-Star Brawl",2,16145252150,6344059928,61
1414930,"Tenami",3,600205492,340808117,44
1415140,"Kandidatos Kart",3,802085661,140009442,83
1415220,"It's Only Money",2,2414410601,2186549683,10
1415320,"PalmRide",0,988734754,684923058,31
1415380,"Overlay Studio",3,429068454,180578369,58
1416050,"Shovel Knight Dig",0,423942822,276064384,35
1416130,"Perfect Vermin",3,338009940,289860818,15
1416230,"Panzer Knights",3,3524856494,3327160871,6
1416260,"SpellForce 3 Versus Edition",0,45351082872,37987286706,17
1416450,"Quest: Escape Room",3,228587039,126429609,45
1416790,"Later Alligator Demo",2,387255626,338056311,13
1416920,"中国式网游",0,6333017710,3788964780,41
1416960,"Everafter Falls",3,403001261,285956987,30
1417010,"Shrine II",3,229021426,216954543,6
1417420,"Endless Furry Killer 2020",3,469454559,176814179,63
1417880,"Winter Ember",3,6068008957,3717130181,39
1417890,"Catie in MeowmeowLand",3,1801520557,1637217443,10
1417930,"Lorn's Lure",3,1463347771,773047753,48
1418160,"Happy Quest",2,405148413,326672474,20
1418310,"BreakBlast",3,390989147,293038075,26
1418540,"SEARCH PARTY: Director's Cut",2,472498967,212920847,55
1418630,"Dread Hunger",0,15329721773,9749771874,37
1418760,"Claire's Quest: GOLD",2,2182276691,2065004029,6
1419060,"Retchid",3,3194954405,1614276809,50
1419160,"Souldiers",3,936878944,662125352,30
1419170,"My Singing Monsters",1,1528738789,1073225238,30
1419440,"Truck Truck",3,307485678,106679052,66
1419730,"Seek Girl Ⅵ",0,673152318,598568008,12
1419740,"The Witch in the Forest",3,82212217,59507520,28
1419850,"Saleblazers",3,6028042114,2671179665,56
1419860,"Tukoni: Prologue",3,1934318561,627494117,68
1420050,"Loot Grind Simulator",3,128873057,37817774,71
1420080,"Wonder Boy: Asha in Monster World",3,2381195308,1945907667,19
1420290,"No More Heroes",3,4128729575,1894647466,55
1420300,"No More Heroes 2: Desperate Struggle",3,3939248115,2699592652,32
1420350,"Fraymakers",2,282921487,249354098,12
1420390,"Manifold Garden Soundtrack",3,880522930,878804328,1
1420850,"CyberTaxi",3,11911888445,5203345564,57
1420970,"Fantasy Heroes 2",3,190435316,186338841,3
1421230,"Syberia The World Before - Prologue",3,3408557454,2966288677,13
1421250,"Tiny Bunny",3,3935091202,3734359467,6
1421290,"Battle Shapers",3,12794215502,11422313317,11
1421490,"Rise of the Triad: Ludicrous Edition",3,444547815,395774790,11
1421750,"APICO Demo",2,207485443,192645417,8
1421790,"Labyrinth City: Pierre the Maze Detective",0,2920095809,1901006737,35
1421970,"Time Loader Prologue",3,965455827,473320086,51
1422130,"SimRail - The Railway Simulator",3,61362509835,50406696978,18
1422410,"Into the Pit",1,1736819601,1093094380,38
1422440,"Cataclismo",3,6943616891,2632049753,63
1422450,"Deadlock",3,35440896315,16974557113,53
1423190,"Hole Punch Demo",2,141122462,42477402,70
1423600,"BLUE REFLECTION: Second Light",2,20262777184,13260621988,35
1424250,"Puzzzle",3,78227139,28320064,64
1424330,"Wobbledogs",3,1422829281,277711842,81
1424570,"Delta0",3,268186191,112858409,58
1424660,"9-nine-:Episode 4",2,4297695020,4010778938,7
1424860,"Bish Bash Bots",3,1301741614,1079939558,18
1424910,"KEO",1,10450797878,4522844707,57
1424930,"DMM Connect Chat",1,621965591,284496895,55
1424980,"The Solitaire Conspiracy",3,1141963780,857215711,25
1425110,"Space Empires I",3,6872447,1622560,77
1425130,"Forgotten Hill First Steps",1,147613034,115808181,22
1425730,"Gal*Gun Returns",3,4654830321,4638161983,1
1425760,"Pulling No Punches",1,3253991670,1864210150,43
1425980,"Stone Simulator – Just Be a Rock",3,11878644345,11657663742,2
1426010,"STASIS: BONE TOTEM",3,17456115792,10231162711,42
1426110,"Love n Dream: Virtual Happiness",3,1370905804,575376484,59
1426120,"Re:DESTINY",3,1863612605,581950107,69
1426210,"It Takes Two",3,48102176364,47550145967,2
1426240,"Save The Girl",0,509029380,470178600,8
1426440,"MICROVOLTS: Recharged",3,2759314138,2518619015,9
1426450,"Age of Darkness: Final Stand",2,10188819551,6808755626,34
1427340,"Witchy Life Story",3,1318974814,298789555,78
1427860,"Paradise Lust",2,4647312217,3966249138,15
1427890,"Blaston",2,1206337783,1049924057,13
1427910,"Gem Legends",3,98908140,89185869,10
1428100,"Instruments of Destruction",3,1795276104,1009735966,44
1428140,"Riding Seas",0,1290244743,1071805466,17
1428420,"Nucleares",2,3607879661,3277167506,10
1428520,"Mech Engineer",2,59394461,46420248,22
1428680,"Abiko The Miko 2",3,118639616,69878059,42
1428900,"Tadpole Tales",3,915223475,732834208,20
1429150,"Dungeon Tavern",3,3148199876,316893187,90
1429500,"Frontier Hunter: Erza’s Wheel of Fortune",3,13076179115,5661986209,57
1429640,"HINGE VR",3,13150791039,7677364123,42
1429850,"Sumerian Six",2,29885934109,19129298693,36
1430140,"Space Empires II",3,8059782,2030965,75
1430190,"Killing Floor 3",2,21786681160,21268896039,3
1430200,"Space Empires III",3,35337874,12723434,64
1430310,"NetGunner",3,100087592,70598579,30
1430680,"Clash: Artifacts of Chaos",3,12555557008,12359435178,2
1430760,"Aquarist",3,17506629514,7903244365,55
1431000,"微光之镜 Glimmer in Mirror Demo",2,1290627601,369006237,72
1431200,"Carto Demo",2,1305650194,337532963,75
1431300,"SAND: Raiders of Sophie",3,10802221960,9457600939,13
1432050,"Nobody Saves the World",3,900970311,887934586,2
1432100,"The Bookwalker: Thief of Tales",2,12756489369,7636904419,41
1432530,"Afterparty Soundtrack",3,1362125585,1359924716,1
1432860,"Sun Haven",3,5008864074,1117474745,78
1432910,"Godlike Burger",3,2001397860,624148459,69
1432980,"MOAI 6: Unexpected Guests Collector's Edition",3,639852821,407114231,37
1433030,"MOAI 7: Mystery Coast",3,1796130840,708359900,61
1433140,"The Texas Chain Saw Massacre",3,48516243430,27791508058,43
1433340,"Happy's Humble Burger Farm",2,18408421971,12825349197,31
1433420,"Love n War: Hero by Chance",3,1210523000,558978820,54
1433860,"The Amazing American Circus",3,1829087615,1649946171,10
1433990,"NGU INDUSTRIES",3,136241122,29761427,79
1434320,"Fast & Furious: Spy Racers Rise of Sh1ft3r",1,2649286569,2605515052,2
1434480,"Maitetsu:Last Run!!",3,15588066125,13091479029,17
1434540,"Zoeti",2,819456861,463133407,44
1434950,"HighFleet",0,1503257659,1404823196,7
1435020,"PhotoWorld",3,491104285,170950571,66
1435310,"Shotgun Witch",3,61580949,54546473,12
1435410,"Shrine's Legacy",3,267735172,227611059,15
1435670,"Song of Farca",1,1874603458,1622585067,14
1435690,"Home defender",3,69900087,21464213,70
1435710,"Animaze Editor",0,579029086,367339440,37
1435750,"Ultimate Godspeed",3,5529106540,1487879704,74
1435790,"Escape Simulator",3,30262534080,13305872394,57
1436590,"Phoenotopia: Awakening",3,963352741,296033042,70
1436700,"Trine 5: A Clockwork Conspiracy",3,18163573090,17751595510,3
1436810,"The Door in the Basement",3,1943389085,781957033,60
1437340,"My Name is Mayo 2",1,318711205,294862875,8
1437500,"Dread X Collection 3",3,4874962718,2400711724,51
1437760,"Peripeteia",3,5796547965,3621508085,38
1438760,"Recruit One",1,290244021,153142021,48
1439750,"9-Bit Armies: A Bit Too Far",3,6166391745,3438942949,45
1439770,"Luck be a Landlord (DEMO)",2,125677247,98811911,22
1440440,"Sam & Max Save the World",2,989281013,975746324,2
1440670,"Zeepkist",0,3472090576,1592637905,55
1441090,"Metal Strike",3,186712892,73866518,61
1441180,"Dofamine",3,2030068537,766826348,63
1441590,"Hentai Maid Club",3,137119421,38637234,72
1441780,"Demonizer Demo",2,19274160,14385152,26
1441790,"Miner: Dig Deep",2,263862498,74107530,72
1442530,"Outbreak Island",2,16526449749,16327869392,2
1442650,"White Day VR: The Courage Test",3,3872962553,1710124312,56
1442670,"Hamster Playground",2,5895990478,5555794417,6
1442840,"DIG - Deep In Galaxies",2,369287595,322795351,13
1443200,"Class of '09",3,928794459,782255908,16
1443630,"Turbo Sloths",3,7025576537,6767448852,4
1444020,"Reactor Tech²",3,99509454,94430830,6
1444300,"Teacup",3,2436926391,306861172,88
1444320,"Cat Saves Halloween",2,2754099523,1018193482,64
1444350,"House",3,97967970,78389309,20
1444480,"Turing Complete",2,318890182,273138207,15
1444520,"Tribal Hunter Demo",3,384244559,338845034,12
1444650,"Haydee 2",3,3919368694,1109366692,72
1444670,"Greed Knights",3,252369352,103406498,60
1445330,"Catizens Demo",2,1535322516,476398995,69
1445700,"The Edgar Mitchell Overview Effect VR Experience",2,4026803611,2191168481,46
1445790,"Make Way",0,1012087682,532724275,48
1446000,"Fishy 3D",2,30426624,30322688,1
1446230,"Chasing Tail",3,1945133519,391880396,80
1446650,"BRAVELY DEFAULT II",3,13677869941,13459342404,2
1446720,"Is It Wrong to Try to Shoot 'em Up Girls in a Dungeon?",2,376764546,341319680,10
1446780,"MONSTER HUNTER RISE",3,35510748960,35058652384,2
1446890,"Shadow Fight Arena",3,7790470568,6950192120,11
1447570,"Monkey King vs Transformers",3,88710810,76983041,14
1448030,"Press Any Button",2,237041222,210288688,12
1448440,"Wo Long: Fallen Dynasty",0,53372558432,53004080372,1
1448530,"Soccer Manager 2021",3,450586780,138647771,70
1448600,"Sheepy",3,102226307,39669084,62
1448750,"Hentai Beach",3,201486495,99987456,51
1449110,"The Outer Worlds 2",3,82469575724,81642749542,2
1449200,"AI: THE SOMNIUM FILES - nirvanA Initiative",3,15157561894,13859365400,9
1449280,"Ghostbusters: The Video Game Remastered",3,25055157701,24045679616,5
1449320,"Alfred Hitchcock - Vertigo",2,21258335166,19849045074,7
1449560,"Metro Exodus Enhanced Edition",3,84830350235,80777060137,5
1449580,"The Gurion Mountains",3,800650272,527139107,35
1449640,"Revenge on the Streets 2",3,239888693,138883072,43
1449690,"The Walking Dead: The Telltale Definitive Series",3,48838278383,48747216415,1
1449740,"PixARK Soundtrack",2,21708332214,7258262702,67
1449850,"Yu-Gi-Oh! Master Duel",3,9135814344,8642214210,6
1450650,"Osteoblasts",2,182237932,125589326,32
1450830,"At Dead Of Night",3,5114054846,4955259393,4
1450900,"Desynced",2,1506029960,1394894085,8
1451080,"DUNGEON ENCOUNTERS",3,1846756967,1667385721,10
1451090,"Tactics Ogre: Reborn",3,12207344370,12120932951,1
1451190,"Undisputed",3,20855881916,18285249736,13
1451480,"The Greatest Penguin Heist of All Time",3,7381554285,2894161137,61
1451740,"Children of Silentown: Prologue",1,755206696,289282363,62
1451810,"LEGO® 2K Drive",2,11064795507,10793168459,3
1451870,"Sunset Drive 1986",1,5366432420,2746133645,49
1451940,"NEEDY GIRL OVERDOSE",3,1347425819,995931293,27
1452210,"INPUT6",2,1978299961,1108096682,44
1452500,"The Good Life",3,4001519170,3556371592,12
1452630,"Toast Defense",3,95112858,21421291,78
1452910,"Soul Shifter",3,3621255441,436862435,88
1453220,"Be a Pirate",3,85666704,32304293,63
1453490,"Deducto",1,1036718167,409654769,61
1453730,"Liminal",3,2002118082,1823637683,9
1453740,"DUNGEON OF NAZARICK",2,127031093,85780449,33
1453790,"The Serpent Rogue",3,1357986904,624353477,55
1454030,"Lotharus - Bacon, Ale & Repeat",3,724415541,602244758,17
1454090,"Army of Numbers",2,116745965,57350176,51
1454160,"One More Island",2,881584541,181464718,80
1454190,"Nominal",3,1210327373,182510054,85
1454210,"STASIS: BONE TOTEM Demo",3,2319750457,1264784934,46
1454370,"STARSEEKER: Astroneer Expeditions",0,5184006436,4537688962,13
1454400,"Cookie Clicker",3,226688545,115826332,49
1454430,"Arc Apellago",3,166149658,125181230,25
1454500,"VTuber Editor",2,427499143,177342955,59
1454640,"A Tale of Paper: Refolded",3,4162635867,4051007373,3
1454700,"Cube Conflict",3,503067280,309988735,39
1454890,"Titanfall™",2,42455639132,25929960708,39
1454970,"New Tales from the Borderlands",3,31058638661,30437147554,3
1455220,"Succubus Farm",2,286311449,224111984,22
1455630,"THE GAME OF LIFE 2",2,1395943346,1179439901,16
1455840,"Dorfromantik",3,577473728,339195406,42
1455900,"Plunder Panic",3,367931851,270172147,27
1456200,"Initial Drift Online",3,4905927364,1766447308,64
1456650,"Pascal's Wager: Definitive Edition",2,12912536759,9339251805,28
1456710,"Blood Knot",3,331226985,142359108,58
1456820,"溶鉄のマルフーシャ",3,554942941,104761170,82
1457220,"Robin Morningwood Adventure - A gay RPG",2,1508500259,1158898626,24
1457550,"Melody/心跳旋律",3,1061535143,689848921,36
1457740,"Stars Die",3,494235458,347252387,30
1458140,"Pacific Drive",1,19647559548,18631581546,6
1458390,"Rule No. 1",3,557605573,473065558,16
1458560,"I'm on Observation Duty 3",3,4348309005,1766940922,60
1458680,"Bookshelf",3,227645404,91510212,60
1458960,"Tip Top",3,1000213416,284338487,72
1459760,"Mickey Storm and the Cursed Mask",1,4783197535,2467019418,49
1460290,"Loop",3,227089787,145133676,37
1461770,"Fantasy Tavern Sextet -Vol.2 Adventurer's Days-",2,1420214171,1215987712,15
1461910,"Rogue Command",3,4626403582,722299934,85
1462040,"FINAL FANTASY VII REMAKE INTERGRADE",1,101397385238,100569363564,1
1462570,"Lost in Random™",3,9693697385,7090507887,27
1462810,"WRC 10 FIA World Rally Championship",3,39834333613,36922667838,8
1463120,"College Kings - The Complete Season",3,15062962204,14678615826,3
1463730,"Arid",2,9396448644,6148595716,35
1463870,"Jumping Knight",3,83450935,29835763,65
1463920,"hexceed",3,1231725930,226411848,82
1464200,"Divine Stone",3,85992448,85950464,1
1464620,"Oona the Druid's Path",2,2252557625,913508564,60
1464900,"VR RETRO SNAKE ON GIRLS",3,463960094,108428997,77
1464910,"Quest: Escape Room 2",3,269117888,165725502,39
1464930,"Seek Girl Ⅶ",0,1145439964,1043639326,9
1465070,"Legendary Tales",2,5264341766,5170054244,2
1465170,"Seasons With Furry",3,237052261,214065152,10
1465260,"Cyberpunk SFX",3,3766277483,1365897216,64
1465360,"SnowRunner",0,45835609831,39075932942,15
1465380,"Hello From Darkness",3,2247625774,1955457306,13
1465460,"Infection Free Zone",3,6181711836,4193089385,33
1465470,"The Crust",2,6087361474,5955878996,3
1465510,"DUSK '82: ULTIMATE EDITION",3,112508113,59024250,48
1465560,"Against All Odds",3,863176747,750171975,14
1466060,"Tainted Grail: The Fall of Avalon",3,39621169354,24269442523,39
1466640,"Road 96 🛣",3,14940120060,8051175800,47
1466680,"Sakura MMO Extra",0,305352107,244332663,20
1466690,"Sakura Succubus 4",0,359562944,300619666,17
1466860,"Age of Empires IV: Anniversary Edition",1,39424227890,38286335096,3
1467450,"The Chronicles Of Myrtana: Archolos",1,2584165068,1947993614,25
1467920,"A Guidebook of Babel",1,261182721,210324566,20
1468160,"Cube Racer 2",1,2881103385,1280120787,56
1468260,"Leaf Blower Revolution - Idle Game",3,64773038,46341765,29
1468720,"Ultimate Epic Battle Simulator 2",1,32011065621,19040852336,41
1468810,"鬼谷八荒 Tale of Immortal",3,21135311048,6389865384,70
1469280,"SuchArt: Creative Space",3,1493564336,859094928,43
1469370,"Lighthouse Keeper",3,289007717,190181598,35
1469540,"Maximus 2: Street Gladiators",3,930334015,162060379,83
1469610,"Last Train Home",2,23060251441,22238159153,4
1469620,"Epic Battle Fantasy Collection",3,526570045,473338885,11
1470110,"Who's Your Daddy Playtest",0,6048519580,3892781341,36
1470390,"City of Beats",2,2946929070,1233567722,59
1471180,"梦江湖",2,3390039174,1031432838,70
1471410,"SYNTHETIK 2",2,10023311700,6668096823,34
1472070,"RetroArch Playtest",2,1930599536,1490313115,23
1472250,"ROG CITADEL XV",3,21780960300,10619445820,52
1472560,"I Am Fish",3,11094999888,4430511341,61
1472660,"No Place Like Home",2,14122461447,8319308728,42
1473050,"100 hidden birds",3,10155751,10109159,1
1473250,"Cafe Owner Simulator: Prologue",1,6919557196,3522156540,50
1473350,"(the) Gnorp Apologue",3,61430057,54118162,12
1473480,"A.V.A Global",2,22843033151,12504636049,46
1473960,"Wreck Runners",0,8173372164,6996293093,15
1474090,"VAIL Alpha",3,16170854215,16008954209,2
1474700,"MONOPOLY Poker",3,437619519,158226049,64
1474740,"Horse Tales: Emerald Valley Ranch",1,5782298927,2741808156,53
1475260,"A Murmur in the Trees",1,1160418646,479397163,59
1475380,"TheDawn",1,631924394,508267411,20
1475400,"Run Prop, Run! - Puropu Pursuit",0,890817176,404247518,55
1475460,"3 Minute Heroes",2,1782432787,489701544,73
1475810,"Ghostwire: Tokyo",2,22647009482,22278217442,2
1476520,"GunSoul Girl",3,6355868487,3258680776,49
1476970,"IdleOn - The Idle RPG",3,300742566,161262813,47
1477070,"Depersonalization",3,8848160014,2853558748,68
1477590,"EZ2ON REBOOT : R",2,42647052531,39375750382,8
1477610,"Myth of Empires Playtest",2,78100241762,56864956184,28
1477770,"Shokuo Shoujo",3,651409931,507813281,23
1477810,"RoboLife-Days with Aino",3,1408717354,713886877,50
1477830,"HudSight - crosshair overlay",3,25879615,20084414,23
1477880,"Super tanks RPG",3,267921253,130799990,52
1477940,"Unknown 9: Awakening",3,35472819756,34522492291,3
1478160,"咸鱼喵喵",3,711224849,447684635,38
1478220,"Puzzle Together Multiplayer Jigsaw Puzzles",3,221488661,90654312,60
1478280,"Fashion Police Squad Demo",2,1626870290,1420524516,13
1478500,"Big Walk",3,3793440229,3370860438,12
1479460,"Naginata",3,106636872,57821659,46
1479730,"Commandos: Origins",1,29976244869,16754383848,45
1479810,"Legendary Hoplite",2,3787232442,3472351953,9
1480140,"RPG Sounds",2,525238709,374986214,29
1480560,"Lawn Mowing Simulator",3,22990273580,15698972895,32
1481080,"DRAMAtical Murder",2,5126436580,5121062471,1
1481170,"ZEPHON",1,4862220973,2655973870,46
1481400,"Dagon: by H. P. Lovecraft",3,2269021104,1401248631,39
1481440,"Guardians Frontline",1,13759506221,9294724495,33
1481600,"Fake Racing",1,43842674,34658503,21
1481780,"Dragon Fist: VR Kung Fu",1,8796261991,5265396498,41
1481970,"Drugs and Crime Idle",3,30860071,21569701,31
1482130,"Teodoro",3,141865112,35557073,75
1482380,"Maniac",3,1347471249,405932009,70
1482520,"Space Station 14 Playtest",3,124485858,51902362,59
1482620,"Slappyball",3,4188591354,1326607652,69
1482770,"Terra Firma",3,30575259,26871599,13
1482860,"Idle Research",3,380327630,48201426,88
1483090,"Hentai Neon",3,116625675,50327529,57
1483200,"Billie Bust Up Demo",0,2243625425,1639578432,27
1483370,"The Use of Life",2,3401557512,1199004058,65
1483420,"ANNO: Mutationem Demo",2,1005207987,775043614,23
1483870,"Draw & Guess",3,617842432,443131815,29
1483980,"Phi",3,11903513,8171157,32
1484720,"Dead Estate",2,592179834,540962669,9
1485080,"Just Act Natural",3,2650354767,874574454,68
1485120,"BoomBox",3,1625833774,568795032,66
1485240,"Virt-U-Mate",3,8960422489,5778243136,36
1485250,"Frame of Mind",3,257420664,62197486,76
1485590,"ENDLESS Dungeon™ - Definitive Edition",3,12652818436,7486758961,41
1486350,"VRoid Studio",2,1065453525,662776844,38
1486630,"Intravenous",3,560089381,555421004,1
1486880,"Gurney to Gurney",3,487034300,68051789,87
1486920,"Tempest Rising",3,45344045335,42163684422,8
1487080,"DressMaker",1,1216331922,176343363,86
1487460,"Battle Bears 1: Zombies",3,185121080,101559971,46
1487940,"Nuumonsters",3,34480285,22548549,35
1487990,"Relax Memory Game",3,8720896,8679424,1
1488100,"IncrediMarble",3,258439290,59957267,77
1488200,"Symphony of War: The Nephilim Saga",2,1190249084,1096618659,8
1488330,"Space Wreck Demo",2,605275390,494524155,19
1488520,"GRUNND Demo",2,2319176665,873322212,63
1488650,"Velocity Noodle",2,154636698,132140904,15
1488810,"Rabbit Hole",3,11562281220,6032810311,48
1489630,"Carrier Command 2",3,1294003259,573866303,56
1490060,"Disillusion",3,683851967,672652901,2
1490190,"Happy New Year, Zeliria!",3,154465362,98334200,37
1490610,"METALLIC CHILD",3,1655539905,589959612,65
1490840,"Bloodshore",3,11303126945,10867675347,4
1490890,"Demon Slayer -Kimetsu no Yaiba- The Hinokami Chronicles",3,26403547170,25946944762,2
1491000,"War Robots: Frontiers",3,10246787661,9878110380,4
1491040,"Binarystar Infinity",3,15383731,11055145,29
1491120,"Galaxy's Extreme",0,461573239,418680998,10
1491490,"Cosmonious High",1,4242773456,1453689560,66
1491670,"Venba",0,1167251530,721325771,39
1492070,"Sker Ritual",3,20395709098,11373580538,45
1492200,"Soviet Hentai",3,466780857,236590446,50
1492360,"Recipe for Disaster",2,982870626,473315082,52
1492450,"Pixel Poops",3,25529560,6498966,75
1492680,"The Pathless",3,6327894466,4894306014,23
1492730,"DORAEMON STORY OF SEASONS: Friends of the Great Kingdom",3,2106137318,1830670487,14
1493300,"100 hidden aliens",3,8293595,8245467,1
1493520,"Beat Hazard 3",0,2130098938,1488366721,31
1493640,"Banishers: Ghosts of New Eden",3,55191811394,54320988884,2
1493720,"Hentai Coloring Game",3,59091765,19034310,68
1493750,"Evil Dead: The Game",3,16916370129,16572705648,3
1493760,"Youtubers Life 2",3,2621031304,1992777720,24
1494110,"QV",1,976279382,232456868,77
1494260,"Loot River",3,2370534598,670218360,72
1494420,"Silica",1,24255492185,17425891749,29
1494460,"Desktop+",3,148548339,116944578,22
1494470,"BUSTAFELLOWS",2,3054351558,2966929920,3
1494560,"Rogue Voltage",1,955864000,302677550,69
1494810,"Mortal Sin",2,2663722436,1484825854,45
1495000,"Succubus Research Diary",3,927348071,824949407,12
1495080,"Asian Riddles 4",3,32702398,23244135,29
1495250,"LineVox",3,508111077,161018132,69
1495320,"Carnal Instinct",0,3347667204,3284240246,2
1496250,"Mary Skelter 2",0,8921128213,8874659088,1
1496380,"艾斯菲尔的谎言",3,420337518,188379263,56
1496550,"Glitchpunk Demo",0,11420619134,6972883070,39
1496590,"Tchia",3,13093334216,4011017859,70
1496790,"Gotham Knights",0,44565504386,44256187950,1
1497150,"The Hayseed Knight Demo",3,1178063246,886740888,25
1497440,"COCOON",3,1657904118,945348701,43
1497830,"Apsis",3,352474490,136728553,62
1497950,"EARTH DEFENSE FORCE: WORLD BROTHERS",3,6560838138,6421087138,3
1498040,"Bio Prototype",3,227339359,131031696,43
1498130,"Tank Squad",2,15909915281,13045236417,19
1498570,"THE KING OF FIGHTERS XV",3,46150946455,38275461126,18
1498740,"Troublemaker",2,5629233994,5454916352,4
1499120,"I Expect You To Die 2: The Spy and the Liar",3,1889469978,969010729,49
1500020,"GodGirl",3,1544084323,1140938603,27
1500740,"Snail Simulator",3,879026243,290813393,67
1501120,"Samurai Cat",3,78725166,31586523,60
1501430,"Battle Talent Demo",3,5592602818,3075420870,46
1501610,"Nova Lands",3,1045954054,190693639,82
1501750,"Lords of the Fallen",3,35109472271,34537893423,2
1502180,"Gnomes Garden: Return Of The Queen",3,1080300286,361006161,67
1502190,"From Space",1,3764819020,2474081453,35
1502380,"Combat Mission Black Sea",2,6593696629,3829564478,42
1502560,"The Smurfs - Mission Vileaf",2,5171416510,2104401801,60
1502600,"Alien X",3,168327766,91669934,46
1502710,"Agent Intercept",0,2904316588,2551865180,13
1502730,"Street Football",3,519637957,171624181,67
1502970,"Atelier Sophie: The Alchemist of the Mysterious Book DX",3,10088249760,8164385231,20
1502980,"Atelier Firis: The Alchemist and the Mysterious Journey DX",2,20807842538,16334355715,22
1502990,"Atelier Lydie & Suelle: The Alchemists and the Mysterious Paintings DX",2,25161197729,16903496348,33
1503440,"DreamScapes Dimensions",3,7557940230,4890074513,36
1504020,"Mosaique Neko Waifus 4",2,1284949844,377901927,71
1504250,"Paper Planet",3,196716399,138876784,30
1504660,"Arc Wizards 3",3,119332269,70517056,41
1504930,"Legends of Astravia Demo",3,286015472,242574830,16
1504980,"It Takes Two Friend's Pass",1,46895642734,46668173319,1
1505770,"Meow Lab",3,135210327,38988714,72
1506280,"EroPhone",3,897530667,734438036,19
1506420,"Agent X",3,518062722,131410200,75
1506440,"Batora: Lost Haven",3,17773312004,17426083959,2
1506450,"DIY MY LADY IN VR WORLD",3,10637041859,5786154039,46
1506510,"The Ramp",3,718858084,160013727,78
1506600,"My boss is weird",3,123294228,81937788,34
1506660,"Battle Cube",3,176450776,99792855,44
1506720,"Smoked Gun",3,7648049,7389196,4
1506830,"FIFA 22",3,45842199081,45175157308,2
1506900,"The Epic of Inanna",3,2136295401,1981729723,8
1506980,"葬花·暗黑桃花源",3,5027400717,1821916562,64
1507120,"The Spirit of the Samurai",3,5508219527,5125618854,7
1507190,"Machinika: Museum",3,1605922763,701835690,57
1507420,"WanderLust",3,12611317345,6192032473,51
1507580,"Enigma of Fear",2,9989540878,8459085927,16
1507720,"Märchen Forest",3,10527160052,4661306283,56
1507780,"Space Warlord Organ Trading Simulator",3,1248542467,1041669758,17
1508000,"Venice 2089",3,7338388889,1701382446,77
1508170,"Magical Waifus Academy",3,156434512,140374153,11
1508260,"Tortured Hearts - Or How I Saved The Universe. Again.",2,21413120771,12171711383,44
1508460,"Annalynn",3,39829377,24119041,40
1508530,"Epiphany City",1,7783732633,1107491823,86
1508630,"Star Melody Yumemi Dreamer",3,1468817045,725626916,51
1508680,"Love n War: Warlord by Chance",1,3362752272,1561009043,54
1509040,"Lonely Catgirl is the Purrfect Pussy",1,744937578,655466691,13
1509350,"Club Girl",3,449031879,200338001,56
1509510,"Settlement Survival",3,1831309356,1128485652,39
1509960,"PICO PARK",3,79863613,9493257,89
1510030,"Knights College",3,2087395351,1286384429,39
1510410,"Inkslinger",3,351600196,119457453,67
1510460,"Chicken Invaders Universe",1,428786733,152100897,65
1510580,"Toy Tinker Simulator",3,10720217955,10606122725,2
1511270,"Ann",2,1509814701,999070846,34
1511460,"InfraSpace",2,6641659673,3580981210,47
1511650,"Andromeda: Rebirth of Humanity",2,2661545706,1456488000,46
1511780,"Last Call BBS",3,165081732,99487454,40
1511860,"Swallow the Sea",3,289177397,46030242,85
1512050,"World Turtles",2,2035356675,1786941423,13
1513840,"V.O.D.K.A. Open World Survival Shooter",3,3474840512,1772185493,49
1514950,"Neodash",0,2808250686,1015429258,64
1515210,"The Past Within",3,556846317,302282647,46
1515230,"LOLLIPOP!",3,3252553702,1866921429,43
1515280,"Detective Story",3,484258869,381922169,22
1515290,"Boodunnit",2,1673028882,279177734,84
1515640,"Arcadegeddon",3,7757564110,7373478889,5
1515870,"Hentai Balloons 2",3,178612103,176214016,2
1515950,"Capcom Arcade Stadium",3,1753737558,1616542416,8
1516050,"PixageFX Studio",2,9308772797,6376169829,32
1516240,"Mitoza",3,54081918,34386583,37
1517150,"Vedelem: The Golden Horde",3,3936595655,1605703343,60
1517290,"Battlefield™ 2042",2,90299664761,86986883415,4
1517350,"Hidden Memory - Neko's Life",2,876683937,303780851,66
1517850,"Quickie: A Love Hotel Story",2,5466502470,1952549285,65
1517960,"Rebirth:Beware of Mr.Wang",2,7185213885,6125919963,15
1517970,"Aeterna Noctis",1,6452052963,5404714393,17
1518220,"Spells & Secrets",0,2340947698,1950968022,17
1518870,"Across",3,1902348185,829642692,57
1518940,"Conductor: Creative Joy Engine",3,279069720,122086796,57
1519090,"Welcome to ParadiZe",1,32377086467,19900406515,39
1519310,"AI Dungeon",3,458917513,215020835,54
1519350,"Madden NFL 22",3,49131510397,47901618279,3
1519370,"Boomerang X Demo",2,2128204106,1582386692,26
1519470,"Endless Furry Killer 3D",3,3117411107,1023312096,68
1519690,"STAY",3,162075088,105302488,36
1520110,"Etched Memories Demo",3,7408583434,3988874198,47
1520370,"Mon Bazou",3,1145756724,598390711,48
1520500,"Succubus Cafe",3,9950499592,4733262285,53
1520810,"Flatline",3,224156356,211326162,6
1521070,"The Pegasus Expedition",2,4440920935,3060461881,32
1521580,"Perfect Heist 2",1,7155913447,2167581673,70
1521770,"Ero Tennis",3,280365702,88547465,69
1521810,"Salamander County Public Television",3,1168504556,1074531624,9
1521870,"Riddle of the Sphinx™ The Awakening (Enhanced Edition)",1,5283602143,5014895621,6
1522080,"Jitsu Squad",0,1703261363,1662539017,3
1522160,"Disney Epic Mickey: Rebrushed",1,28923201605,28694687154,1
1522530,"Ero Snooker",3,292300204,89699029,70
1522820,"Orcs Must Die! 3",3,13603861474,11925412821,13
1522870,"Supraland Six Inches Under",3,4547944084,4401529762,4
1522930,"Transiruby",2,185250403,134693971,28
1523390,"Fantasy Tavern Sextet -Vol.3 Postlude Days-",2,1745037653,1540137806,12
1523400,"Livestream: Escape from Hotel Izanami",3,437217095,394710476,10
1523510,"Cave Digger 2 Dig Harder",2,5341491081,3295117371,39
1523650,"Stargate: Timekeepers",1,36529502155,22464287091,39
1523720,"Cook-Out",3,798940007,652666424,19
1524090,"GRIME Demo",2,3678081524,1855497303,50
1524650,"Sakura Forest Girls",0,288509178,231870055,20
1524710,"Dark Flowers",3,402238948,240244181,41
1524750,"Dude Simulator 4",3,379281230,137582253,64
1525700,"Tavern Master",3,1616474945,741707290,55
1525770,"The Dark Side of the Moon: An Interactive FMV Thriller",3,10898385490,10757227048,2
1526370,"Bilkins' Folly",3,651991383,501545171,24
1526780,"Dark Podval",3,24921388,20954980,16
1527060,"Cat Gets Medieval",3,3768085266,1098090179,71
1527910,"Gladio and Glory",3,370952893,232909293,38
1527950,"Wartales",3,35971326422,15165704211,58
1528130,"距离男主自杀还剩七天",3,845380411,689660837,19
1529470,"Ethereal Estate",3,2237385965,1322627903,41
1529790,"Dead Estate Demo",3,179163719,147558441,18
1530160,"Digimon World: Next Order",3,7385063107,5406436547,27
1530300,"Auto Chess",0,6248340286,5842417589,7
1530670,"Buyhads",3,3088744660,77859735,98
1530890,"Car Constructor",3,921662830,543379191,42
1531250,"Defend the Rook",2,2613423138,620462703,77
1531430,"Paragon: The Overprime",3,8127604257,7653649377,6
1531540,"Distant Worlds 2",1,12134394459,6797368526,44
1531550,"Megacraft Hentai Battlegrounds",3,323405686,91673207,72
1531720,"Need for Drive - Open World Multiplayer Racing",3,227459457,155277029,32
1531730,"Japanese Drag Racing (JDM) - ジェイディーエム",3,193994066,52070727,74
1531840,"OLEG MONGOL",3,475632849,206674515,57
1531850,"AdventNEON Demo",2,132766158,67342402,50
1532170,"Veneficium",3,5876481269,3414904363,42
1532180,"Evo\Wave",3,4006658364,2663346176,34
1532190,"Halo: CE Mod Tools - MCC",3,1115303233,1079722925,4
1532200,"Mars First Logistics",2,886636088,630906391,29
1532360,"Joyspring",2,382504544,307716096,20
1532460,"The Fridge is Red",3,2040937432,884853200,57
1532690,"BLACKTAIL",3,11601381553,8179399190,30
1532770,"Sex and the Furry Titty",2,2353759502,1863135198,21
1533070,"Oracle Trials",3,542938879,77471244,86
1533280,"Eternal Cave Escape",3,87273591,27485124,69
1533390,"Gorilla Tag",0,1014656762,607034728,41
1533420,"Neon White",3,5775031102,2789313706,52
1533720,"Over The Phone",3,216815617,144254739,34
1534180,"Super Woden GP",0,1306660856,506422416,62
1534520,"STRAY KITTEN",3,7993740,6692864,17
1534840,"Hyper Light Breaker",3,5474997193,5138293496,7
1535020,"The Fridge is Red Demo",2,1154079635,583571260,50
1535100,"Nadir: A Grimdark Deckbuilder",2,1414500134,1192609912,16
1535190,"Middle Age Conquest",3,68274109,55390235,19
1535420,"Stream Toys by Zokya",3,314328866,122256266,62
1535560,"Farmer Against Potatoes Idle",0,227937077,165914041,28
1535890,"Minicology Demo",3,1964220198,1646231148,17
1536520,"Equinoxe",2,1046312939,915334812,13
1536610,"OpenTTD",2,47560131,28796429,40
1537080,"Return",3,1838006072,1523704856,18
1537710,"The Dark Pictures Anthology: Little Hope - Friend's Pass",3,59682611036,35616755780,41
1537830,"Disney Speedstorm",2,18164404429,13417258125,27
1538410,"Gangster War",3,434655386,43765931,90
1538550,"LEGO® Voyagers",3,3646550805,2556920316,30
1538570,"Patron",3,4959369104,2470375796,51
1538970,"Hammerwatch II",1,608702307,551357147,10
1539010,"GALAHAD 3093 Playtest",1,13330656283,7659318726,43
1539140,"STONKS-9800: Stock Market Simulator",3,78753655,65239118,18
1539580,"Bird",3,1683758561,1065767848,37
1540000,"Mocap Fusion [ VR ]",2,5493169014,2429852230,56
1540210,"Arizona Sunshine® VR 2",3,49854441532,24119341602,52
1540350,"The Fabulous Fear Machine",3,3436090966,2784269670,19
1540960,"Underworld Idle",3,16898108,10016928,41
1541250,"Super Raft Boat Classic",3,76143162,64778403,15
1541850,"Endless Furry Clicker",3,175909839,97081824,45
1542280,"明星志願2",1,318417026,302238901,6
1543030,"Sword and Fairy 7",3,38842642348,38443622136,2
1543210,"Quest: Escape Room 3",3,461070068,355621319,23
1543240,"Gigapocalypse",3,2048798006,97198986,96
1543280,"Espresso Tycoon",2,5582927422,3570885767,37
1544020,"The Callisto Protocol™",0,75654848535,75188370139,1
1544260,"Meor Playtest",1,209435331,102073291,52
1544360,"LEGO® Builder's Journey",3,3651445243,1341255086,64
1544460,"The Third Day",3,417313936,400982518,4
1545450,"Incredibox",2,186122127,186121332,1
1545560,"Shadow Gambit: The Cursed Crew",3,25948722400,15041894992,43
1545710,"Snowpainters",3,1541653881,607799784,61
1545990,"Deadeye Deepfake Simulacrum",3,1506733342,470742733,69
1546010,"堕落千金—黑蔷薇与欲望之火",3,1256500463,338671607,74
1546080,"Every Day We Fight",2,15267546255,8618860976,44
1546310,"El Paso, Elsewhere",3,6418271973,2403796357,63
1546320,"Your Chronicle",0,198896028,99285415,51
1546360,"Easter Riddles",3,60167457,40430532,33
1546400,"GigaBash",0,11213662698,10417787096,8
1546440,"Lycanthorn II - Rain of Beasts",3,57751630,48169743,17
1546970,"Grand Theft Auto III – The Definitive Edition",3,4850409536,4670734769,4
1546990,"Grand Theft Auto: Vice City – The Definitive Edition",1,9911043204,9747027692,2
1547000,"Grand Theft Auto: San Andreas – The Definitive Edition",3,20280564393,19111778225,6
1547380,"KINGDOM of the DEAD",2,1651422861,1486756981,10
1547670,"A Day Out",1,12398681721,12306551268,1
1547820,"TOP TRUCK DRIVER",3,138782600,125321274,10
1547890,"Let's Build a Zoo",3,306715449,232919040,25
1548540,"Z.O.M.B.I.E.",3,14314385,14041100,2
1548750,"Dahlia View",3,18892814750,7636249682,60
1548850,"Six Days in Fallujah",2,29129569786,19512648105,34
1548930,"Viking Story",3,173252714,96594882,45
1549180,"Propnight",2,20379541304,20225953566,1
1549250,"UNDECEMBER: The Forge",0,7682481340,7557945980,2
1549550,"Haven Park",3,399901512,208114672,48
1549690,"SPRAWL",2,3333922790,3235180190,3
1549750,"Vomitoreum",2,137354837,129462372,6
1549970,"Aliens: Fireteam Elite",3,39312946737,21280222272,46
1550010,"The Witch of Fern Island",2,21242036630,11047033230,48
1550180,"9th Dawn Remake",3,1173027149,259316690,78
1550270,"Togges",2,3555960521,1431490482,60
1550710,"Warbox",3,3614787441,1854998696,49
1550990,"Jurassic Attack",3,12319831,11678730,6
1551000,"Captain Pawsome",3,1639298945,387042581,77
1551360,"Forza Horizon 5",0,151832750166,147011577988,4
1551530,"Pray Game",3,2449818666,2244440466,9
1551550,"Philana and the Elixir of Life",2,1085122153,956530413,12
1551590,"Loretta's Brand-New Job",2,1230499466,1119843386,9
1551630,"Sujimon Quest",2,368516639,342009863,8
1551640,"Mai and the Legendary Treasure",2,919741202,902166617,2
1551670,"Samurai Vandalism",2,9037294880,8723457090,4
1552250,"세 장의 카드",2,640984491,198020118,70
1552310,"JANITOR BLEEDS",1,6157400904,2142303695,66
1552350,"The Jackbox Party Pack 8",3,1525226525,1461361208,5
1552460,"Sinking Inn",3,217825885,114111394,48
1552500,"Slimekeep",3,233375246,180439204,23
1552550,"Castlevania Advance Collection",3,511071821,467877641,9
1552620,"Expedition Agartha",0,13341928379,13142347050,2
1552810,"Twin Mirror",2,26762309180,22421383161,17
1553890,"Lewd Girls, Leave Me Alone! I Just Want to Play Video Games and Watch Anime! ~ Hentai Edition",3,235286578,169217261,29
1554070,"Fore Score",0,486565083,159274950,68
1554140,"Jetpack astronaut",3,42574759,34689065,19
1554220,"Paleon",2,123944885,75934615,39
1554340,"Toys & Physics",3,135000610,64380928,53
1554380,"Cyberpunk Madness",3,13105601,12255244,7
1554550,"Unlock The Cat",3,224859761,120998371,47
1554600,"Wife Quest",3,1394246188,270984554,81
1554700,"Inglorious Waifu VS Nazi Zombies",3,1322977127,524589051,61
1554860,"Cognition Method: Initiation",3,4035744170,1953719611,52
1555110,"Chasing Tails ~A Promise in the Snow~",3,979962876,829966326,16
1555140,"Born of Bread",3,4327815274,3597866956,17
1555150,"Pocket Bravery",3,6218545298,5856669189,6
1555710,"OMFG: One Million Fatal Guns",3,403642241,130550528,68
1556100,"Killer Klowns From Outer Space: The Game",2,15254134076,14995545548,2
1556200,"Predator: Hunting Grounds",3,47165634164,28589119547,40
1556420,"Wide Open",0,1506644327,558844016,63
1556790,"Isonzo",3,18369581579,10638998061,43
1557050,"Combat Chess",3,660059520,613459568,8
1557240,"Sheriff Rage",3,67489347,33640489,51
1557540,"Cutie Bear",3,120707351,102035554,16
1557550,"Rogues Adventure",3,6137188,2379848,62
1557740,"ROUNDS",3,972318221,358846264,64
1557860,"Gear.Club Unlimited 2 - Ultimate Edition",3,24007610767,11792571426,51
1557990,"Retail Royale",1,3310652947,3216219617,3
1558420,"Galaxy Arena",3,582981123,197944952,67
1558490,"Firelight Fantasy: Resistance",3,3776991946,1989279744,48
1558680,"Colossus Mission Playtest",2,146897507,67201760,55
1558830,"RIPOUT",3,8946650753,8739656106,3
1558840,"Path of Kami: Journey begins",2,5053442064,2609000448,49
1559600,"The Ranch of Rivershine",1,5961945399,3051528192,49
1560250,"Rising Front",2,11819805922,5723917620,52
1560320,"Endless Furry Pinball 2D",3,135187992,51155625,63
1560330,"Utopos",1,1015094112,480715954,53
1560410,"HereSphere VR Video Player Demo",3,414962729,166763494,60
1560770,"Tower of Waifus 2",1,1204768472,597616148,51
1561340,"Berserk Boy",1,1069042345,214007911,80
1561520,"Extended Stay",3,1905087996,1623836393,15
1561870,"FALCO AXE",3,139397821,121172009,14
1562230,"Entity Researchers",3,431795370,384917762,11
1562420,"FOREWARNED",2,9154455447,5073461802,45
1562430,"DREDGE",3,808139427,641552496,21
1562700,"SANABI",2,3645729008,2838644237,23
1563180,"Internet Cafe Simulator 2",3,7174932823,2780109281,62
1563490,"Doggone Hungry",2,3561074108,1110264086,69
1563780,"BOK-BOK: A Chicken Dating Sim",3,138827592,50291740,64
1563850,"DIY MY LADY",3,9364701350,4888023404,48
1564600,"The Last Plague: Blight",2,5340864715,3094033449,43
1564790,"Submachine: Legacy",2,698803649,673700575,4
1565430,"Hentai Royale",3,751040481,268939502,65
1565480,"Mysterious Blocks",3,978685583,239330616,76
1565940,"Maya Treasures",3,65972143,59531305,10
1566060,"Miss Furry",3,899724598,764516816,16
1566160,"Operation: Harsh Doorstop - Multiplayer Playtest",2,34169847475,18907667257,45
1566200,"Tape to Tape",3,2104796608,935702272,56
1566390,"Seed of the Dead: Sweet Home",3,16584698162,16225071417,3
1566490,"LONER",3,458749352,355760440,23
1566690,"Outpost: Infinity Siege",2,39785453209,35128587166,12
1566840,"Eden's Ritter 1:2 - Priestess of Pleasure",2,4177420403,4153970544,1
1566880,"SWORD ART ONLINE Last Recollection",3,19124159665,18833800762,2
1567000,"illWill",3,14896563297,7012804930,53
1567020,"The Dark Pictures Anthology: The Devil in Me",3,67849154205,42703715487,38
1567080,"Furry SexyTails",3,844654504,313025313,63
1567620,"Read Only Memories: NEURODIVER Pilot Memory",2,190277808,74104283,62
1567800,"星空列车与白的旅行",3,5088222237,1491382916,71
1568180,"USA Truck Simulator",3,693109251,226418146,68
1568400,"Sheepy: A Short Adventure",3,433767779,273693664,37
1568590,"Goose Goose Duck",3,932124980,711213311,24
1568620,"MetaPhysical",2,13631493528,12424034912,9
1568940,"花妖物语/Flower girl",2,246682753,205789753,17
1569040,"Football Manager 2022",1,6378657369,4916628929,23
1569200,"Brewmaster: Beer Brewing Simulator",3,3628471300,3318326535,9
1569440,"OneShot: Fading Memory",0,538680425,485814202,10
1569470,"TEOCIDA",3,756383737,669859867,12
1569550,"Dread X Collection 4: The Hunt",3,5974171786,2579710192,57
1569580,"Blue Prince",3,4779020890,3690725839,23
1569650,"Palladise Island",3,95528947,90876650,5
1569760,"Lab BreakOut",3,208816128,93961651,56
1570010,"FAR: Changing Tides",2,2932311324,1864502241,37
1570070,"Beholder 3",3,11020954205,2775813284,75
1570510,"Undernauts: Labyrinth of Yomi",3,2345853829,2115782832,10
1570790,"2D Platformer GAME (Toy Factory)",3,614281177,324449349,48
1571090,"BEAST CRIMES",2,3132828806,825716635,74
1571120,"Crucible",3,156165924,145891924,7
1571180,"Eos",3,638312706,139173560,79
1571340,"VR HOT",3,17898180456,8984935286,50
1571820,"Life With College Girl",3,837431814,676620794,20
1571940,"Ctrl Alt Ego",2,16356553228,7147248188,57
1572040,"Through The Fragmentation",1,248956036,130583999,48
1572190,"Hyposphere Z",3,504245870,463140558,9
1572810,"МЕМОЛОГИЯ",3,208974967,132268016,37
1573070,"Endless Furry Blackjack",3,173059355,89081348,49
1573090,"Impaler Gold",2,412716914,369968829,11
1573100,"Subterrain: Mines of Titan",3,689854514,415182607,40
1573280,"WW2 Rebuilder",0,44096787497,43773250429,1
1573720,"Agatha Christie - Hercule Poirot: The First Cases",3,5085779855,2679841160,48
1573750,"100 hidden mushrooms",3,9872107,9826539,1
1574000,"Industry Idle",3,258393410,111838393,57
1574240,"Dread Delusion",3,1302169366,470486785,64
1574250,"SPOOKWARE",3,1230308247,650222411,48
1574260,"My Friendly Neighborhood",2,10833710206,7373532174,32
1574270,"Sucker for Love: First Date",3,1179031255,768657453,35
1574310,"OXENFREE II: Lost Signals",1,5051450861,4526713873,11
1574370,"Catsperience",3,13192274305,6228903869,53
1574480,"Agent 64: Spies Never Die",2,3097992947,1635482308,48
1574580,"Strange Horticulture",3,716009385,280854699,61
1574820,"Until Then",3,2333714711,1587826688,32
1574900,"Salt 2: Shores of Gold",2,3005446226,2615007156,13
1575070,"Ticklish Tessa",3,440586860,76217537,83
1575470,"Frogun",2,1641633435,607900844,63
1575670,"SNK VS. CAPCOM: THE MATCH OF THE MILLENNIUM",1,139688453,135311322,4
1575690,"Super Maze Labyrinth",3,179178636,138674344,23
1575830,"ArcRunner",0,9239171403,3934269178,58
1575940,"Sins of a Solar Empire II",2,16556746253,10249298226,39
1576240,"The Shadow of Yidhra",0,1069855419,555488885,49
1577120,"The Quarry",3,49828775791,48965523787,2
1577150,"Tafl Champions: Ancient Chess",3,270852013,104499981,62
1577160,"HENTAI PRINCESS",3,683139474,194882635,72
1577250,"The Chant",2,31381898812,30214493885,4
1577420,"Love Sucks: Night One",3,251978139,175347470,31
1577530,"Spider-Robots War",3,116344829,48146961,59
1577620,"The Signal State",2,1081796993,539618737,51
1578160,"Bots Are Stupid",3,924837158,699232256,25
1578390,"My Garage",3,9174053718,4051389981,56
1578550,"Aero Battle",3,59695039,48173097,20
1578650,"Citizen Sleeper",3,1219162464,337152787,73
1578750,"Endless Furry Asteroids",3,107097471,32254216,70
1579000,"Super Head Ball",0,234031132,91768982,61
1579020,"Golfie",2,693570132,516077195,26
1579030,"Caveman",3,136442023,65798144,52
1579280,"The Last Worker",3,3305559998,2714516259,18
1579350,"Birb Café Demo",3,157124472,126631936,20
1579380,"Shadow Tactics: Aiko's Choice",0,4527153312,3077756512,33
1579880,"The Light Brigade: Definitive Edition",3,2832526344,2343298074,18
1580240,"Rune Factory 4 Special",3,5282215338,2532948514,53
1580520,"Lost Eidolons",3,15060452917,13788277453,9
1580780,"NINJA GAIDEN Σ [NINJA GAIDEN: Master Collection]",3,3811411765,3691687870,4
1580790,"NINJA GAIDEN Σ2 [NINJA GAIDEN: Master Collection]",3,4323570938,4268193448,2
1580800,"Erannorth Chronicles",2,8230474555,3379390547,59
1580970,"Samorost 1",3,71684190,58134031,19
1581040,"El Shaddai ASCENSION OF THE METATRON HD Remaster",3,8199163206,5535250190,33
1581220,"L.S.D.: Prologue to Lasting Spiritual Derangement",3,1093399709,841757080,24
1581370,"Into the Evernight",3,468911570,400702838,15
1581990,"Memorize V",3,53780579,16074961,71
1582180,"Hello Puppets: Midnight Show",2,7325797517,3705805289,50
1582430,"VR cute tanks: Girls and Dinosaurs ",3,676079851,218986478,68
1582600,"The Palace on the Hill Prologue",2,785587599,283324094,64
1582650,"Caravan SandWitch",3,3271235175,2848278283,13
1583230,"High On Life",3,62232131610,60268417864,4
1583300,"Cute Girls: Find Secrets",3,55665101,37707824,33
1583320,"Pro Soccer Online",2,2387950898,1433141144,40
1583500,"Eternal Dread 3",0,3959997968,2051100716,49
1583720,"Entropy : Zero 2",3,13686180912,7815483488,43
1583850,"Asleep: Act 1",1,1110283632,511142503,54
1583950,"Brian the Brain",3,256665465,150206690,42
1584090,"东方夜雀食堂 - Touhou Mystia's Izakaya",1,1775888754,1335182800,25
1584350,"Battle for Sea 3D",3,452570418,179031086,61
1584450,"Rooten",3,906482485,249435196,73
1584750,"Cloud Cutter",3,6659806855,4189666774,38
1584810,"Plan A",0,917095156,917095156,0
1585030,"Dark Forest: Lost Story VR",3,3182361741,1860156603,42
1585160,"Secrets of Egypt",3,50358027,42127401,17
1585180,"Drova - Forsaken Kin",3,3677114064,1396284766,63
1585440,"They Always Run",2,11708275215,3966805908,67
1585850,"Car Mechanic Simulator 2021 Demo",0,11189874073,7471704097,34
1586290,"CARNAL",3,927440811,378016235,60
1586350,"NEOGEO POCKET COLOR SELECTION Vol. 1 Steam Edition",3,959854259,934462016,3
1586700,"MARSUPILAMI - HOOBADVENTURE",3,2916838767,2364060120,19
1586800,"Lil Gator Game",3,270953851,192654951,29
1586880,"Essays on Empathy",1,3671521775,3558155154,4
1587130,"Blood West",2,3958719412,3326722798,16
1587540,"Anvil Saga",1,1983075985,501341159,75
1587560,"100 hidden cats",3,14777062,14725350,1
1587940,"DuelVox: Max Quality",3,11031559722,6113034618,45
1588010,"PGA TOUR 2K23",0,15453282599,14838978738,4
1588140,"Monkey vs Dino",3,660990787,144235061,79
1588550,"Cairn",3,12044344684,10533395929,13
1588910,"Peppy's Adventure",3,134363112,129859286,4
1589040,"Fruit Juice",3,57454819,50962473,12
1589120,"Above Snakes",2,1568313753,1016829433,36
1590130,"Car Drive",3,158517993,138421245,13
1590320,"Bro Falls",2,2303158272,923714643,60
1590760,"Metal Slug Tactics",3,1638963840,1328148074,19
1590840,"Depths Of Horror: Mushroom Day",3,779347415,381273016,52
1590850,"DeadOS",0,287496679,168396693,42
1590910,"Forgive Me Father",2,4389116762,4234862685,4
1591310,"World Racing '95",0,198989944,110148001,45
1591420,"Hmmsim Metro",3,2984871626,2729353569,9
1591520,"Clownfield 2042",1,5862755468,1939982224,67
1591530,"SAMURAI WARRIORS 5",3,16169710965,15686279643,3
1591690,"DEATHRUN TV",3,716720592,253001822,65
1591760,"Undying Symphony",3,5182425618,1136004296,79
1591770,"Agent 64: Spies Never Die Demo",3,205934662,133126339,36
1592110,"Spirit of the Island",2,2987990620,1333767585,56
1592190,"BONELAB",3,11831881984,10742010404,10
1592260,"Metamorphos",3,2305541680,1069380932,54
1592280,"Selaco",3,1464719588,1424560041,3
1592640,"Sakura Alien",0,326133197,242874022,26
1592750,"Anode Heart",3,556025808,258283420,54
1592780,"ELIF",2,1535562324,486186841,69
1593030,"Terra Nil",3,1759711561,966572906,46
1593170,"Veil of Dust: A Homesteading Game",3,709444338,545414819,24
1593310,"NEKOPARA - Catboys Paradise",3,457956985,357882394,22
1593500,"God of War",3,68998108063,42565984528,39
1593750,"Creatures of Aether",3,122905624,68253681,45
1593780,"Organs Please",3,5441161570,1400199941,75
1594040,"Wreckreation",1,38697241165,38526379248,1
1594060,"Victory Heat Rally",3,342649815,211802957,39
1594320,"Captain of Industry",0,980113476,899473346,9
1594410,"Hellevator",3,2099743049,140013923,94
1594460,"I See Red",3,13529989593,4845729515,65
1594940,"Little Witch in the Woods",2,1419873909,247568775,83
1595030,"Bad Memories",2,2958970819,2858497734,4
1595300,"Kells",3,316026852,271517177,15
1595630,"Underwater Life",3,45123459,37462057,17
1596070,"Angry Squirrel",3,163401961,86744129,47
1596170,"One True Hero",2,8353120634,5126119456,39
1596310,"Crypto Mining Simulator",1,562812448,486543247,14
1596610,"Dead Night",3,34779383,34521100,1
1596730,"Dynopunk",1,1398214983,419251326,71
1597080,"Killer Bean",3,22439295787,13468417772,40
1597170,"Endless Furry Killer Infinity",3,186512764,56588455,70
1597310,"Airship: Kingdoms Adrift",2,13660178566,6491270116,53
1597430,"Office Love Affair",3,937832709,762451441,19
1597480,"Zombie Gunship Survival",3,1813844974,1787055361,2
1597720,"Feed All Monsters",3,226188698,196906200,13
1597730,"Dogs Organized Neatly",3,64936636,52421740,20
1598710,"Wild world",3,74016199,61522018,17
1598780,"Silly Polly Beast",3,3191468379,1683099749,48
1599020,"Tinykin",3,4646086632,3829427741,18
1599210,"Line of War",3,25840673,25587708,1
1599250,"BORIS RUSSIAN BEAR",3,1102501676,395393745,65
1599330,"Wildmender",2,2673812420,1534238683,43
1599340,"Lost Ark",0,90805451936,88422706644,3
1599560,"Wanderer",2,32813548114,32079620464,3
1599600,"PlateUp!",2,1318530483,504058782,62
1599660,"Sackboy™: A Big Adventure",3,57018801701,47105379307,18
1599880,"Cats in Time",3,1132932855,426682424,63
1600250,"Jurassic mahjong",3,46557963,43232718,8
1600370,"Not Tonight 2",2,3604356185,678206160,82
1600530,"3D Aim Trainer",3,819098190,456112389,45
1600600,"ZAR",3,1106175742,561678132,50
1600780,"MY LITTLE PONY: A Maretime Bay Adventure",3,2528092434,2161301729,15
1600820,"Pill Puzzle",3,139055002,25193883,82
1601340,"Psycho Bathroom",2,415279174,301077095,28
1601570,"The Alters",2,51398871463,50962411231,1
1601580,"Frostpunk 2",1,13357119057,11526766906,14
1601970,"Tunguska: The Visitation - Final Cut",3,4820384281,2557635492,47
1602000,"Hotel Architect",3,1547545652,1179662568,24
1602010,"Persona 4 Arena Ultimax",3,23051342650,17401768759,25
1602080,"Soulstice",2,25447264277,25168606565,2
1602280,"Gravity Snake",2,131963000,51051614,62
1602560,"The Many Pieces of Mr. Coo",3,1927381021,742731815,62
1602900,"SnOut",3,39583251,25002993,37
1603180,"Mining Mechs",3,117764801,109959600,7
1603770,"On Space",3,54142054,20404440,63
1603780,"Pincushion",3,55513753,12778639,77
1603790,"Twin Jump",3,43997076,14550670,67
1603960,"Mini Madness",0,5143307836,2791684420,46
1603980,"If On A Winter's Night, Four Travelers",3,986481602,212140464,79
1604000,"Milk outside a bag of milk outside a bag of milk",1,798614722,707702258,12
1604030,"V Rising",2,11752379522,6826622688,42
1604270,"Broken Arrow",3,77864704067,71208530698,9
1604300,"LOVE 3",1,208210288,193739418,7
1604540,"TURK: The Demon Slayer",3,33775661,32751628,4
1604780,"Lovely Planet Remix",2,249188877,125048622,50
1605250,"Moros Protocol",1,2674919084,1466256724,46
1605440,"Ragdoll Madness",3,590263593,128647349,79
1606340,"Conquest of Elysium 5",1,1358979647,988688687,28
1606590,"The Killer of Dishonor",3,69268423,40969700,41
1606900,"Deathbound Demo",3,4736006083,4457091072,6
1607240,"Mail Time",2,1735054027,672648484,62
1607250,"MY HERO ULTRA RUMBLE",0,6491719430,6232349257,4
1607680,"Bread & Fred",3,1074713497,395085001,64
1608070,"CRISIS CORE –FINAL FANTASY VII– REUNION",2,19242836520,18976296353,2
1608210,"Jungle Rumble",3,10289998,6066577,42
1608230,"Planet of Lana",3,9996125908,6347983184,37
1608290,"GNOSIA",1,827987671,686533876,18
1608450,"Hellslave",3,678029417,643020836,6
1608640,"OTXO",3,240190046,160651210,34
1608700,"Soundfall",2,3770376111,3077148708,19
1608730,"Dawn of Corruption",3,370839628,136114371,64
1609100,"Skald: Against the Black Priory - the Prologue",3,288252007,212572600,27
1609230,"Scarlet Hollow",2,6342701892,6082405973,5
1609390,"DataJack",3,49442184,46790908,6
1610460,"Monster Energy Supercross - The Official Videogame 5",3,20643719445,20342139008,2
1610560,"Cyber Hunter: Awakening",3,161945749,144580667,11
1610660,"Throw Knives",3,211699804,91691046,57
1610820,"Secrets Of Soil",2,4607874521,2818140386,39
1610870,"Chair Simulator",0,1053006848,537631311,49
1611410,"Stardom 3",1,1213808155,821431549,33
1611490,"[Chilla's Art] Night Delivery | 例外配達",3,4974446764,2125635293,58
1611600,"WARNO",1,35267353328,33096918844,7
1611740,"BattleBit Remastered Playtest",3,1537901780,416117326,73
1611910,"Warhammer 40,000: Chaos Gate - Daemonhunters",1,18647017638,15290213184,19
1611960,"Doomed Lands",3,271593110,146057663,47
1612420,"Suit for Hire",3,3601039360,3376617200,7
1613470,"Roboplant",3,2068071512,420523233,80
1613670,"Anglerfish",3,447877105,434798748,3
1614270,"Submerged: Hidden Depths",3,11833848184,6220053879,48
1614440,"Bō: Path of the Teal Lotus",3,4102258380,1247236276,70
1614550,"Astro Colony",2,3069804923,2971801738,4
1614740,"Ink Paper Minesweeper",3,261837341,145561498,45
1614850,"Colosseum VR",2,7850055993,4714316227,40
1614990,"Grid Leaper",2,1974974640,1687076283,15
1615100,"The Last Stand Legacy Collection",2,180511850,159283014,12
1615290,"Ravenous Devils",1,1592043923,1520481960,5
1615930,"[International] AbsentedAge: Squarebound",2,392127282,280842549,29
1616110,"Glitch Busters: Stuck On You",3,4958295672,4782072165,4
1617020,"Alien Planet Explorer",3,598509606,100095596,84
1617030,"tERRORbane",3,3461863488,996705500,72
1617400,"The Bazaar",2,543829372,314035648,43
1618050,"Synth Retro Vapor Wave",3,811816926,427353326,48
1618240,"The Alien Way",3,282681094,68470306,76
1618290,"TRAIN CREW",2,6521163087,3830435722,42
1618380,"Spellmasons",2,922899306,503882936,46
1618540,"Ghost Exorcism INC.",3,5905464672,3003618045,50
1618740,"Cloud Bashers DX",3,81871511,55799879,32
1619040,"Exvelten",3,1158094084,1048339753,10
1619230,"The Star Named EOS",3,1062262107,874479470,18
1619330,"Firelight Fantasy: Force Energy",3,3495552824,3388626995,4
1619570,"Death Roads: Tournament",3,1286287172,710858878,45
1619750,"Karryn's Prison",0,1639216567,1474861650,11
1619990,"SUPER PEOPLE FINAL BETA",2,30445876786,30142878784,1
1620040,"Nickelodeon Kart Racers 3: Slime Speedway",3,8453617592,8249304374,3
1620340,"Wrestling Empire",3,414786964,200981878,52
1620540,"Pixel Cup Soccer - Ultimate Edition",3,587113188,441513580,25
1620730,"Hell is Us",3,23378242284,21131420802,10
1620890,"Hentai Boy",3,469828913,448901161,5
1621070,"DeadPoly",3,1671394542,1487027763,12
1621310,"Atelier Sophie 2: The Alchemist of the Mysterious Dream",3,21765749674,15211258142,31
1621540,"Spooky Milk Life",1,3911424909,1187603035,70
1621560,"Black One Blood Brothers",1,45021032309,25446844582,44
1621690,"Core Keeper",3,705662424,400022088,44
1621750,"Good Girls",3,176406131,87065758,51
1621760,"Decision: Red Daze",3,2327338005,1347297145,43
1621990,"Stray Blade",2,30195558900,14282435951,53
1622090,"Water Ball",3,78930651,71888937,9
1622350,"Copycat",2,15217852036,7167140140,53
1622710,"Oceanhorn 2: Knights of the Lost Realm",2,3658406451,3571876431,3
1622770,"Doors: Paradox",3,2015733687,1772418538,13
1622780,"Latex Dungeon",3,2080134451,1945204521,7
1622910,"Still Wakes the Deep",2,13303942104,11327924973,15
1623210,"Soulash",3,247327097,233251438,6
1623420,"Serious Sam: Kamikaze Attack!",3,82160578,31729123,62
1623660,"MIR4",2,11973379193,11724488447,3
1623730,"Palworld",2,30066591459,25460051027,16
1623880,"Noob - The Factionless",2,8364216744,7311735117,13
1623940,"Bramble: The Mountain King",1,7429357781,7378936519,1
1624960,"Solitaire Bonbon",3,82297104,76906032,7
1625060,"Lost Scale: Part One",3,324241920,278867968,14
1625450,"Muck",3,422460918,123211471,71
1625720,"The Dream Libra had",2,548450924,269317640,51
1625790,"Unicorn and Sweets",3,70474061,61685801,13
1626110,"Space Porter",3,41206875,34299945,17
1627350,"DEAD LETTER DEPT.",2,2567442583,1817017274,30
1627520,"2236 A.D. Secretary Stories",3,675058171,390009735,43
1627570,"The Plucky Squire",0,26559778403,24981867069,6
1627680,"Love n War: Hero by Chance II",3,5937699594,3334190335,44
1627720,"Lies of P",3,55697992303,49485621567,12
1627840,"Universe For Sale",3,987377980,739248800,26
1628350,"Steam Linux Runtime 3.0 (sniper)",2,638658779,286407795,56
1628390,"Starship Simulator Demo",3,3002245068,2884101177,4
1629190,"Spin the World",3,118023163,103764066,13
1629520,"A Little to the Left",2,1745268786,1249436035,29
1629530,"Spark the Electric Jester 3",3,14052788654,12008838432,15
1630080,"College Bound - Episode 1",3,2116305911,1994001358,6
1630110,"Gungrave G.O.R.E",3,37115301962,36760358631,1
1630290,"Yu Crossing Animals",3,225114344,159035392,30
1630490,"Sakura Forest Girls 2",0,499080547,370686654,26
1630570,"EXS1～EthnologySister：Cultural functionalism",3,360781086,341009253,6
1630860,"Pocket Bravery Demo",1,2488546511,309867741,88
1630910,"SATANIC PANIC 666",3,233316412,122687488,48
1630920,"Bright Lights of Svetlov",1,3868246430,3810692603,2
1630960,"Centipede: Recharged",3,282085711,156831414,45
1631080,"HoneySelect2Libido DX",3,23847008526,12817443890,47
1631270,"StarRupture",3,41971316386,12792843246,70
1631470,"Critter Cove",1,8834204015,6533707171,27
1631490,"Affectus Demo",1,1431290605,649394558,55
1631850,"PolyClassic: Wild",3,665556402,579618931,13
1631910,"Severed Steel Demo",2,3668136173,2054673554,44
1632490,"Shashingo: Learn Japanese with Photography",3,775347878,588449691,25
1633060,"Time of Piracy",3,171058642,94400810,45
1633230,"FREEDOM: Hunt Kill Fly",3,1064261795,979265439,8
1633370,"Boat Crew",3,792736285,651365049,18
1634080,"Nocturnal",3,1455324982,966310110,34
1634110,"Sculpture Hentai Edition",3,2479265483,974018667,61
1634150,"Behind the Frame: The Finest Scenery",3,2515023682,756984888,70
1634410,"Animal Rivals: Up In The Air",3,7588650576,3152229874,59
1634860,"Minishoot' Adventures",3,1607181194,197849177,88
1634870,"Open Brush",3,832336798,309232867,63
1635250,"Legend of Chilli Tree",3,1168103518,342620420,71
1635450,"Longvinter",0,5298999298,1992857182,63
1635590,"My Friend Peppa Pig",3,2781935310,1304017633,54
1635730,"VIVE Console for SteamVR",1,1902521655,1123013759,41
1636030,"Crossfire: Sierra Squad",3,31296720387,30728655470,2
1636310,"Portal: Forbidden Testing Tracks",3,9595343122,5607259444,42
1637120,"Hyde & Seek",3,608994595,214567579,65
1637230,"METAL MAX Xeno Reborn",3,7462814574,5046335202,33
1637320,"Dome Keeper",1,1091722415,892764762,19
1637370,"Letters From a Rainy Day -Oceans and Lace-",2,2244170706,2183194467,3
1637730,"Crystal Project",2,540904622,521145623,4
1637910,"Red Algorithm",3,50767847,27172903,47
1638340,"Cat Simulator : Animals on Farm",3,328172795,164019456,51
1638660,"Blood Spear",2,5067549646,2528618025,51
1639340,"Waifu vs Evil",3,2667007116,1023680172,62
1639650,"Mirlo Above the Sun",3,4694772680,1709480951,64
1639790,"Northern Journey",3,7171909453,2796221282,62
1639900,"SexStone",3,208563895,52070816,76
1640300,"Project Warlock II",3,10764034424,4245691176,61
1641020,"my brother lives in a canyon",2,96486626,61503485,37
1641890,"Lust from Beyond: M Edition",3,40211592922,23389751510,42
1641960,"Forever Skies",0,17980863650,10325012355,43
1642130,"Runo",3,2681311895,1533348824,43
1642220,"FIND ALL",3,120113290,62864870,48
1642370,"Terra Nil Demo",1,379773577,235337915,39
1642580,"明星志願2000",1,420413466,392485981,7
1642690,"DREAMWORLD",2,1964875095,1640198478,17
1642790,"Deepening Fire",3,4319191595,1030282124,77
1643310,"Dungeons 4",3,19534491027,9855642007,50
1643320,"S.T.A.L.K.E.R. 2: Heart of Chornobyl",2,171540397095,163184130381,5
1643850,"Slaycation Paradise",2,1860144182,1273935470,32
1644150,"OshiRabu: Waifus Over Husbandos ~Love･or･die~",2,3681682550,3442653307,7
1644930,"Fastlane Bowling",1,224246055,204160327,9
1644940,"Loddlenaut",3,1493129759,335531540,78
1644960,"NBA 2K22",0,126910213565,125624266936,2
1645820,"SurrounDead",2,1341066620,1209114950,10
1646030,"Cat Slide Tiles",3,264940937,143112866,46
1646730,"POLE",1,1470379111,1418324680,4
1646850,"SpaceBourne 2",0,11967738820,11784370361,2
1647070,"Fast Food Mania 3D",3,103284718,66314281,36
1647160,"Deepest Sword",3,73722575,24103468,68
1647550,"NEO: The World Ends with You",3,13378884420,13166769827,2
1647730,"Zool Redimensioned",3,764500458,103938293,87
1647770,"Ankora: Lost Days",2,890238308,614467412,31
1647780,"Stories of Mara",3,838595602,180214215,79
1647920,"Valfaris: Mecha Therion",2,1238856343,812982254,35
1648190,"QANGA",0,30595950567,29954771873,3
1649010,"Miasma Chronicles",3,18772433028,18362402578,3
1649080,"Two Point Campus",1,4109917359,3673252203,11
1649240,"Returnal™",3,57353399938,56443911843,2
1649730,"修仙立志传",3,313919077,165898098,48
1649740,"Hunt the Night",2,6378351140,1695787386,74
1649820,"Unicorn and Sweets 2",3,112994944,68148585,40
1649950,"News Tower",2,3116054868,1032174579,67
1650010,"RIDE 5",3,52232929241,51446729614,2
1650080,"Mysterious Blocks 2",3,1061928912,249989434,77
1650980,"Dome Keeper Demo",2,698470484,557826504,21
1651360,"Fisticubes - One Button Boxing!",3,256974233,136004701,48
1651560,"Fabledom",3,4001887841,1868965569,54
1651760,"Japanese Puzzle",3,76029840,68481082,10
1651790,"Peripeteia Demo",1,2211995316,1313949555,41
1652250,"Tales & Tactics",3,3962362729,3459982016,13
1652690,"Alterium Shift Demo",2,1912582130,643640744,67
1653230,"Guild & Gals",3,556357491,343102328,39
1653970,"Jigsaw Puzzle Dreams",2,9157121316,6644966282,28
1653980,"Goblin Town",0,958895356,573037778,41
1654660,"En Garde!",3,7432075212,7223245226,3
1654800,"RC Rush",0,7511756732,3995119119,47
1654900,"Orakyubu",2,197450610,148993335,25
1655140,"Alpaca Stacka",3,519131700,158654717,70
1655220,"Star Trek Prodigy: Supernova",1,13590510815,11762711445,14
1655240,"Please Be Happy Demo",2,706024994,621288234,13
1655410,"Witchaven",2,307175781,168127876,46
1655430,"Witchaven II: Blood Vengeance",2,688348593,416847762,40
1655880,"Kings and Pigs",3,456628909,128790743,72
1656780,"Hero's Hour",2,387745137,328915562,16
1657090,"Mini Royale",1,16451809977,10164637031,39
1657170,"Suspicious Downpour",3,300919842,123598668,59
1657630,"Slime Rancher 2",0,2877525450,2521736143,13
1658150,"Moonstone Island",3,412458198,259758778,38
1658280,"Eiyuden Chronicle: Hundred Heroes",2,26641244958,21513970021,20
1658290,"Eiyuden Chronicle: Rising",2,4597705635,2117559548,54
1658620,"Idle Atomic",3,77076217,65702125,15
1659040,"HITMAN World of Assassination",2,81347692900,77071475122,6
1659150,"SUPER 56",0,2150208391,909716510,58
1659420,"UNCHARTED™: Legacy of Thieves Collection",3,124395641836,99488756551,21
1659470,"Mouse Hunter",3,59876609,52887593,12
1659600,"Teenage Mutant Ninja Turtles: The Cowabunga Collection",3,9040093706,9031788266,1
1660080,"Aloft",3,15450912473,7343688643,53
1660290,"Monmusu Gladiator",2,844023114,207541762,76
1660480,"Arausio",2,257381550,162100121,38
1660590,"Detective Story: Reporter",3,484890979,383708929,21
1660720,"Frank and Drake Demo",2,3503379159,2019768250,43
1660840,"Wild Bastards",3,7713941581,2702724254,65
1661660,"Common'hood Demo",3,9896732902,3214842357,68
1662480,"Nuclear Blaze",0,226307743,149250083,35
1662740,"RunnerDot",3,75919343,32526284,58
1662780,"Moon Farming Demo",3,3917081235,1811980473,54
1662830,"Salt and Sails",3,238998788,39044613,84
1662850,"Renai Karichaimashita: Koikari - Love For Hire",2,4049649821,4043126859,1
1663040,"Amber Isle",3,2019744044,1597035626,21
1663220,"Coffee Talk Episode 2: Hibiscus & Butterfly",2,603229514,360404124,41
1663270,"Below The Ocean",2,175414397,58914431,67
1663640,"The Last Oricru - Final Cut",3,27496910776,26871207151,3
1663850,"REPLACED",3,5976429420,3986121485,34
1664220,"TRAIL OUT",3,25089239268,24718564917,2
1664990,"1001 Jigsaw: Earth Chronicles 5",3,266335716,262727843,2
1665130,"PAC-MAN MUSEUM+",3,1627770950,717561000,56
1665140,"SCARLET NEXUS Story Demo",3,26399904771,25190305657,5
1665190,"Monster Prom 3: Monster Roadtrip",2,1813800629,1382257713,24
1665210,"Sakura Forest Girls 3",0,516818729,388338501,25
1665260,"Beyond Sunset",3,464541366,416862991,11
1665280,"Skábma™ - Snowfall",3,4644336576,2432055216,48
1665460,"eFootball™",2,50110494758,49635915541,1
1665500,"Hypnagogia 無限の夢 Boundless Dreams",1,667473381,601414232,10
1665520,"Fire and Dungeon",3,10883584,10768384,2
1666350,"Berserk Boy Demo",2,1816204114,1644775706,10
1666660,"Destruction Time!",3,706246397,629810589,11
1667130,"Beautiful Mystic Defenders",3,2880025166,946252826,68
1667250,"Lovely Composer",0,408168991,73131790,83
1667490,"Fostering Apocalypse",0,1037265336,213002945,80
1667730,"Forgotten Journey",3,3594206900,1437596677,61
1668080,"Flåklypa Grand Prix",0,9936104776,6594241820,34
1668170,"Track and Burn",0,407681879,185994337,55
1668290,"Dungeons of Aether",3,104513510,78590318,25
1668460,"The Fancy Pants Adventures: Classic Pack",2,152040640,138897017,9
1668510,"The Legend of Heroes: Trails from Zero",3,3943434116,3724411000,6
1668520,"The Legend of Heroes: Trails to Azure",2,6515998813,6208960625,5
1668530,"The Legend of Nayuta: Boundless Trails",3,4314200338,3922607129,10
1668540,"The Legend of Heroes: Trails into Reverie",3,30197945534,26504089416,13
1668690,"Alina of the Arena",3,281466487,154800278,46
1668780,"Firelight Fantasy: Vengeance",3,1935235043,1822914714,6
1669000,"Age of Wonders 4",2,21691568667,16691982439,24
1669420,"Islets",2,552795861,471698884,15
1669480,"Firefighting Simulator: Ignite",0,39924722704,39632679544,1
1669500,"We Are One",3,8992486405,2448853884,73
1669980,"Volcano Princess",3,5177003818,1582416842,70
1670120,"Turn the Line!",1,294883773,123738379,59
1670460,"GameMaker",3,364675058,182403372,50
1670780,"Out of Action",3,1578460633,1430506369,10
1670870,"MADiSON",2,8770547740,5204620284,41
1671200,"Honkai Impact 3rd",2,17351823629,15405026995,12
1671210,"DELTARUNE",1,704212799,578471669,18
1671310,"Trash is Fun",3,672863721,206510054,70
1671340,"Fears to Fathom - Home Alone",3,1782898811,851121236,53
1671410,"Somerville",3,10699250446,5467087606,49
1671480,"ABRISS - build to destroy",2,1941450381,1736616429,11
1672500,"GUNDAM BREAKER 4",3,11550475488,11346957269,2
1672810,"MIO: Memories in Orbit",1,3779002012,3238013323,15
1672940,"ASKE Demo",2,170523905,82735269,52
1672970,"Minecraft Dungeons",3,5839685525,2609062821,56
1673360,"MY TIME ALIVE",3,1316256923,1168824642,12
1674170,"Sprocket",2,3045098488,2269623222,26
1674430,"Crown Alpha",2,2072503449,809220696,61
1674640,"XEL",1,10343132738,6474914791,38
1674780,"Lone Fungus",3,621875334,612012032,2
1674920,"Sovereign Syndicate",2,11298494093,6468842000,43
1675040,"Asfalia: The Cranky Volcano",2,1662004863,604747750,64
1675670,"Priest Simulator: Heavy Duty",2,9927152830,9816781267,2
1675830,"1000xRESIST",2,7997079140,7027329359,13
1675900,"Warlander",0,11258309129,11150888276,1
1676130,"Deadlink",3,8198349808,3592984308,57
1676840,"For The King II",1,7475564645,6672147440,11
1676920,"Save The Octo",3,26140726,20959280,20
1677110,"Lightyear Frontier",2,3239597441,3050232637,6
1677280,"Company of Heroes 3",1,28556038741,26528177773,8
1677310,"In Stars And Time",3,562542915,325999141,43
1677350,"EA SPORTS™ PGA TOUR™",1,60375006381,52916360395,13
1677490,"청춘향전 Cheongchunhyang Jeon",3,25858390055,25678370690,1
1677740,"Stumble Guys",3,943232272,709080053,25
1677770,"The Case of the Golden Idol",3,1833203637,604958217,67
1678010,"The Case of the Golden Idol Demo",2,180062648,148414464,18
1678150,"World of Shooting",3,18324230450,10089837908,45
1678420,"Blade Runner: Enhanced Edition",3,12799886660,11728806878,9
1678430,"PowerSlave Exhumed",3,579423210,510047073,12
1679210,"The Spirit and the Mouse",1,925990569,353055174,62
1679220,"Portal Dungeon",3,415705029,154252982,63
1679290,"Fire & Maneuver",3,10529906154,7491255461,29
1679320,"100 hidden cats 2",2,12463312,12423376,1
1679740,"Once in Flowerlake",3,427480668,354432836,18
1680000,"Rewrite+",3,8533875148,8057760783,6
1680310,"Cubiverse",2,593445038,142512714,76
1680650,"Astonishing Baseball Manager",3,198178992,90891528,55
1680880,"Forspoken",2,131780691046,112724567174,15
1681060,"Exogate Initiative",2,4451083625,2182367219,51
1681120,"Dark Side of Fate",3,537769573,430553129,20
1681430,"RoboCop: Rogue City",0,40688271373,40403781223,1
1681510,"Trenches - World War 1 Horror Survival Game",3,821476003,365265952,56
1681840,"Abalon: Roguelike Tactics CCG",2,160700671,143994467,11
1681870,"Cobra Kai 2: Dojos Rising",3,50563090503,23066565391,55
1682050,"PropHunter",0,4041137810,3961763093,2
1682340,"Plane Accident",3,11530966478,6538537590,44
1682970,"Uncrashed : FPV Drone Simulator",2,19695016703,19436139437,2
1683150,"Railroader",2,7156806796,3847248162,47
1683320,"Power & Revolution 2021 Edition",0,7979766877,5798194407,28
1683340,"Kayak VR: Mirage",1,15744562544,15611438286,1
1683620,"Plan B from Outer Space: A Bavarian Odyssey",3,812429848,253421280,69
1683720,"Hungry Fish",3,7217037,3768361,48
1683860,"Eronoctosis: Put Yourself Together",3,307201701,94696403,70
1684080,"Toroom",3,38668004,31265008,20
1684170,"Fetish Locator Week Two",3,5133181919,4977495942,4
1684350,"The Thaumaturge",3,23743917575,22094601856,7
1684660,"ナツノカナタ",2,558950372,460439622,18
1684710,"CAT Interstellar: Recast",3,5384070653,5128735155,5
1684930,"CULTIC",2,4275014566,786489859,82
1685510,"Couch Combat",3,433626024,95557005,78
1685730,"Cynthia: Hidden in the Moonshadow",3,3689429934,1389502832,63
1685750,"Capcom Fighting Collection",3,3680670052,3649866436,1
1686940,"Bopl Battle",3,575343174,144299830,75
1687000,"Fading Afternoon",3,716443716,567910596,21
1687340,"Athenian Rhapsody Demo",3,1724656190,1499500700,14
1687670,"LAST CLOUDIA",3,406833268,218502205,47
1687700,"Crash Time - Undercover",1,1719341001,1629227930,6
1687950,"Persona 5 Royal",3,42204192073,39510540474,7
1688100,"Cat Museum",3,1468699516,451794277,70
1688470,"Rat Prison",3,4932096,4812800,3
1688580,"A YEAR OF SPRINGS",1,259294219,167028753,36
1689190,"RAYZE",2,2202430797,663781032,70
1689500,"Dune: Imperium",3,854431819,609722723,29
1689620,"BLEACH Rebirth of Souls",3,78634969360,71036611906,10
1690730,"Incremental Cubes",3,320975568,238348081,26
1690940,"DELTARUNE (Chapter 1 & 2 DEMO)",3,199670498,149454596,26
1691340,"Steel Hunters",2,54661158676,34121966059,38
1691560,"Mido and Di",3,1154100159,1044787432,10
1691970,"Danganronpa S: Ultimate Summer Camp",3,2435978262,1536293793,37
1692200,"DRAGON BALL: THE BREAKERS Playtest",1,7444024897,7228630508,3
1692240,"Fortune's Run",0,3239415916,1573020550,52
1692250,"F1® 22",3,50878576644,48447163965,5
1693040,"Synthwave Burnout",3,4605392431,1349505024,71
1693250,"Ancient Wars: Sparta Definitive Edition",3,6536863056,6407694517,2
1693430,"Dungeon Overseer",3,1069551932,534124598,51
1693980,"Dead Space",3,39023909851,37615110449,4
1694420,"Card Survival: Tropical Island",0,444427219,222535142,50
1694510,"Barista Simulator",3,2058017815,807947884,61
1694600,"THE HOUSE OF THE DEAD: Remake",3,7697038896,6977462640,10
1695040,"Cupid's Palace",3,1240724470,664555951,47
1695795,"Halo MCC Mod Uploader",3,187820430,111618365,41
1695830,"Baldur's Gate: Dark Alliance",3,4147326172,3402788586,18
1695970,"CUBE-e",3,3816960,3764224,2
1696440,"绝世好武功 The Matchless KungFu",2,2614600988,2465502955,6
1696700,"Unusual Findings Demo",2,1165318223,819362817,30
1696730,"B.I.O.T.A. Demo",2,222007188,146833442,34
1696810,"Railroads Online",2,34419799962,20329461579,41
1697080,"Pill Puzzle: One Move",3,141352829,23587970,84
1697310,"Demon Sighting",2,284065699,188821010,34
1697460,"Coin Pusher World",3,203679860,118827307,42
1697700,"Who's Lila?",3,1701348601,792363932,54
1697720,"The Heilwald Loophole",0,194441159,150638343,23
1697880,"Junkyard Truck",3,5688167801,2580210704,55
1698030,"NinNinDays2",2,725510830,634834944,13
1698220,"Teslagrad 2",2,2982140806,1991082518,34
1698640,"Pill Puzzle 2",3,230517923,26893724,89
1698750,"Thomas' Tales",3,5973625620,1783812372,71
1698960,"Project Kat - Paper Lily Prologue",2,204358580,146520206,29
1699200,"Zombie Carnage 2",2,14636895695,14535953360,1
1699480,"KLETKA",2,1517375105,1251366421,18
1700650,"Who's Lila? Demo",2,1808169255,755897571,59
1700870,"Clanfolk",3,699727575,278924720,61
1700890,"Asteroids: Recharged",3,422497424,228883461,46
1701040,"Hexagon World",3,328151204,120416807,64
1701520,"Afterimage",3,3993884094,3747680755,7
1701800,"Lunistice",3,661881562,258932605,61
1702010,"Sengoku Dynasty",2,17599724322,11866047835,33
1702330,"Rune Factory 5",3,9265049512,8438636218,9
1702830,"BLACKJACK and WAIFUS Hentai Version",3,278020671,125283215,55
1702840,"Paradox of Hope",3,9987373488,4712933542,53
1702970,"Kibbi Keeper",3,1059725006,823107714,23
1702980,"AGRYOS: Recovering Eden",3,4321648975,1690376400,61
1702990,"Legend of the Outlaw Mage",3,1810729220,1239763290,32
1703140,"Isle of Jura",3,526700649,141804608,74
1703340,"The Stanley Parable: Ultra Deluxe",3,7737359859,3981176300,49
1704080,"Bean Stalker",1,16639365911,9620948854,43
1705180,"Gunner, HEAT, PC!",3,9729995950,3771096484,62
1705870,"CUBE-e 2",3,5871104,5763072,2
1706610,"PIXASSO",3,18704678,12456033,34
1706820,"Milf City",3,1726661826,281919895,84
1706930,"A Taste of the Past",3,447215892,111989754,75
1707550,"Granny 3",3,808237737,362926842,56
1707650,"Swords and Sandals Immortals",1,1067434816,995606528,7
1707900,"Delta Particles",3,441183809,245175556,45
1707990,"Skydance's BEHEMOTH",3,50591864565,49914576430,2
1708010,"The Expanse: A Telltale Series",3,10888276588,10680275440,2
1708110,"Misericorde: Volume One",1,909404266,861514580,6
1708150,"Juice Galaxy",3,299739949,184913140,39
1708200,"On Your Hands",0,3330878614,1533492900,54
1708480,"暖雪 Warm Snow Demo",2,1465614752,1195102001,19
1708520,"F1® Manager 2022",0,20084638352,19773268020,2
1708850,"Drug Dealer Simulator 2",3,17463158631,17167235943,2
1708870,"第七号列车 - Train No. 7",3,50625431,45392399,11
1709050,"Nitro Kid",2,1619156726,622930760,62
1709070,"Car Tehc",2,294751198,124880611,58
1709350,"Bat Boy",2,131194462,83309294,37
1709900,"Tower Tactics: Liberation",1,88700208,57774080,35
1710170,"Blade of Darkness",1,2256710583,1824234837,20
1710580,"MotoGP™22",1,31856376846,31477368355,2
1710820,"Cleared Hot",3,4771029102,1657818506,66
1710850,"Fall Of Porcupine: Prologue",0,2270718097,1340668843,41
1710930,"Bubble People",2,197577098,158724196,20
1711950,"GWENT: Rogue Mage (Single-Player Expansion)",1,2727895074,2597108769,5
1712350,"Riven",0,24564442400,24362579414,1
1712830,"Baldi's Basics Classic Remastered",3,493841048,136479017,73
1712840,"Tiny Tina's Assault on Dragon Keep: A Wonderlands One-shot Adventure",3,12997444046,11436995142,13
1713190,"Neko Candy Shop",3,201499441,87236608,57
1713610,"Purrgatory",3,186486288,131244032,30
1713640,"Ransack Raccoon",3,350368030,337964027,4
1713810,"Lumencraft",3,2195058520,1404108800,37
1714040,"Super Auto Pets",3,445202624,108024019,76
1714080,"---Red---Tether-->",1,897399919,768748977,15
1714180,"Black Widow: Recharged",3,400417747,200955687,50
1714190,"Breakout: Recharged",3,377645475,188149444,51
1714320,"Find Love or Die Trying",3,1206470623,1089365774,10
1714420,"Fursan al-Aqsa: The Knights of the Al-Aqsa Mosque",2,24113073748,15476509657,36
1714580,"moon: Remix RPG Adventure",3,808055183,748984427,8
1714590,"Buck Up And Drive!",1,104145212,55912286,47
1714870,"CULTIC Demo",2,1198064503,246004965,80
1715130,"Crysis Remastered",3,21330906670,19630488002,8
1715350,"UNDETECTED",2,1534405006,1462282218,5
1715590,"Wizordum",3,938597116,330411143,65
1716200,"Holiday Solitaire Easter",3,64421107,58707906,9
1716220,"Holiday Jigsaw Easter",3,133547861,129620695,3
1716240,"Holiday Jigsaw Halloween 2",3,144538588,140486447,3
1716740,"Starfield",2,135834090938,115823198884,15
1717020,"Ed-0: Zombie Uprising",3,9784214960,9540773849,3
1717270,"Arkanoid - Eternal Battle",3,502602182,429168145,15
1717290,"Subspace Discovery",2,696361893,436740096,38
1717510,"Time on Frog Island",2,302116014,207334327,32
1717570,"Pompom",3,420994797,118918356,72
1717730,"LUCID",2,2129936567,248387311,89
1717770,"The Upturned",2,747132627,323430646,57
1718070,"EFO: Escape From Outerworld",3,82269023,68699517,17
1718130,"SCP : Secret Files",2,14703148415,11603496503,22
1718160,"Crimzon Clover World EXplosion",3,1556341719,1235453987,21
1718460,"Terminator 2D: NO FATE",3,646882004,546756709,16
1718570,"ASTLIBRA Revision",3,3359547082,3328613112,1
1718860,"Mayflower Reflections",2,2213444264,1235657379,45
1718870,"Spaceflight Simulator",3,117311970,59981165,49
1719040,"Morsels",2,1866076422,878410998,53
1719100,"Ruins of Albion",0,535522350,157739409,71
1719130,"The Ghost Cage",2,259431449,131655477,50
1719310,"Love Sucks: Night Two",2,789478725,731223070,8
1719690,"MerFight",0,1895352134,1015287846,47
1719730,"METROPOCRE",3,273920684,114192382,59
1720090,"Aspire: Ina's Tale",3,1655827455,563179100,66
1720540,"Unlock Kimono Cuties",3,3016113490,1341007151,56
1720850,"A=B",2,240576936,90958083,63
1720950,"Zombie Killer Drift - Racing Survival",3,1300024417,570188362,57
1721060,"Mandragora: Whispers of the Witch Tree",3,16932037623,16562109941,3
1721110,"Abyssus",2,4998504997,4794819819,5
1721170,"What Lies in the Multiverse",2,260111616,172549709,34
1721470,"Poppy Playtime",1,20172253658,19925536914,2
1721530,"The Captain",1,1333533719,694790404,48
1721870,"Neon Sundown",2,626487108,309356351,51
1721940,"PIXASSO 3",2,18820582,13070433,31
1722520,"FIND ALL 2: Middle Ages",3,368860454,274725454,26
1722570,"Jerma's Big Adventure",3,318816751,177829574,45
1722620,"Toree 2",1,403467496,172477820,58
1722750,"Halt The Heist!",3,45215652,24576154,46
1722780,"Witch Stone",3,18206208,18165760,1
1722860,"Munchkin Digital",3,439113144,135349990,70
1722890,"Power Pals",3,1902008942,260792952,87
1724000,"Time Lock VR 2",3,2179917294,952164603,57
1724020,"Space Tower Defense",3,111094290,32635867,71
1724050,"Furry Shades of Gay 2: A Shade Gayer",2,1947465583,1446549971,26
1724190,"Come Home",3,2281350648,2113346227,8
1724320,"Noelle Does Her Best!",3,877216632,543921318,38
1724660,"New World: Aeternum Open Beta",2,82440359303,76922368068,7
1724770,"Castle Of Alchemists",3,3647237925,283194201,93
1725640,"Sudocats",2,225405774,198650128,12
1725910,"Shards of Chaos",2,5651580432,2267582632,60
1726120,"Cursed to Golf",3,1280286453,696902328,46
1726190,"No Straight Roads: Encore Edition",3,18430650690,11061528998,40
1726750,"Hidden Cats in Santa's Realm",3,919046432,717420624,22
1726760,"Curse Crackers: For Whom the Belle Toils",2,555280463,231155135,59
1727210,"MINDHACK",1,4783126423,1889807764,61
1727650,"死寂（Deathly Stillness）",0,7910989751,7837600074,1
1727670,"Home Office Tasker",3,211609582,82198528,62
1728660,"Rush Rally Origins",1,310343568,154299520,51
1728830,"Space Docker VR",3,3992025104,1718508590,57
1729050,"The Fox in the Forest",1,229600763,120354600,48
1729740,"Luto",0,20026150281,14301390033,29
1730360,"I'm on Observation Duty 4",3,4600586148,2013361964,57
1730520,"1000 hidden snails",3,731086403,530614380,28
1730590,"The Entropy Centre",3,12173527033,12000012880,2
1730650,"REQUISITION VR",1,14811398013,12909646238,13
1730680,"Klonoa Phantasy Reverie Series",3,7974447063,6944614596,13
1730700,"We Love Katamari REROLL+ Royal Reverie",3,5461587008,4890868437,11
1731070,"Asterigos: Curse of the Stars",2,12622661922,10552841128,17
1731460,"LEGO® Brawls",0,4423125182,3049329629,32
1731720,"FURRY SEX: Cabaret 💋🔞",3,296743864,91135401,70
1731860,"Space Adventures",3,23974455,17539113,27
1732040,"Fech The Ferret Demo",2,422644354,202923140,52
1732180,"Kaiju Princess",3,2329322207,422981071,82
1732190,"FATAL FRAME / PROJECT ZERO: Maiden of Black Water",2,19745120053,14671826513,26
1732330,"Ys IX -Monstrum NOX-",3,15999673832,11804039868,27
1732340,"デモンゲイズ エクストラ / DEMON GAZE EXTRA",3,4361132622,3442547178,22
1732430,"Neighbors: Suburban Warfare",0,5780482978,5513814380,5
1732760,"ENF Novels: Dress Code",3,1330333148,1231760551,8
1733060,"Ever Seen A Cat?",3,78477096,71401472,10
1733110,"Of Life and Land",3,376267011,250159015,34
1733240,"Phantom Fury",3,7359283761,7141299135,3
1733460,"Lirica",3,4164693934,1926927555,54
1733620,"Cursed Pantsu",3,2278585074,774302606,67
1733880,"Gunvolt Chronicles: Luminous Avenger iX 2",3,2355170071,2347030816,1
1733890,"Warhammer 40,000: Battle Sister",3,14559950016,7884045162,46
1734070,"東方紅夜狂宴 ~Red Empress Devil.",3,535373037,77673861,86
1734280,"Card Storm Idle",3,57071043,52395859,9
1734320,"Brutal Orchestra",3,735808015,172973469,77
1734400,"Mental Hospital - Child of Evil",3,4281474978,3500371024,19
1734680,"INCISION",3,4219134794,2258792376,47
1734890,"Visual Novel Sisters",3,2447614807,628678656,75
1735700,"Back to the Dawn",2,2886049002,1014809630,65
1736490,"Lazy Girl",3,53821994,44323676,18
1737100,"Treasure of Nadia",2,9537369189,8195153696,15
1737870,"REKA",3,2464766680,2049313104,17
1739050,"Victory Heat Rally: Shakedown Demo",2,70265278,57995877,18
1739070,"Bone's Cafe",1,374071920,147663369,61
1739300,"Smack Studio",3,10232738662,9355560092,9
1739530,"EXCALIBURIAN!!",3,405640236,205057737,50
1739900,"Death of the Reprobate",2,1885187800,1004100180,47
1740000,"Cute Honey: Bunny Girl",3,783337038,693603729,12
1740060,"Lunistice Demo",1,392768796,237226568,40
1740100,"At Home Alone Final",3,200575659,178151781,12
1740150,"A.W.O.L.",3,254859024,248783314,3
1740230,"Furquest",2,1568051546,1392087106,12
1740350,"SpiderHeck Demo",3,512276818,162778784,69
1740660,"Miraculous: Rise of the Sphinx",0,4579101245,4222855198,8
1740720,"Have a Nice Death",3,1829113488,1485366882,19
1740930,"JellyCar Worlds",1,471714737,415191367,12
1741160,"Catch Me!",1,2948021627,640121092,79
1741400,"Wander Hero",3,2181937742,922181007,58
1742020,"Idol Showdown",2,1683972421,788655311,54
1742050,"Hypnagogia: Boundless Dreams Demo",2,162328776,124912678,24
1742290,"They came from another planet",3,38147207,29827228,22
1742840,"Puff Town",0,674980293,214230162,69
1742930,"Looking Up I See Only A Ceiling",3,766508588,622088192,19
1742940,"Poly Puzzle: Furries",3,76996939,73744384,5
1743080,"Night Cascades",2,201869478,184587960,9
1743810,"The forgotten phobia",3,17527296,17473536,1
1743850,"HYPER DEMON",1,316443260,288168366,9
1744330,"No More Heroes 3",2,25682043424,23686535026,8
1744570,"U-ena-遠花火の少女-",3,2614598713,2443552680,7
1744910,"[Chilla's Art] The Radio Station | 深夜放送",0,5183580522,3114860919,40
1745480,"Phantom Project",2,5639617224,3317497185,42
1745510,"Lunacid",3,1378201318,741086594,47
1745690,"Deluge: Threnody of Crashing Waves",3,1104654035,1013934312,9
1745710,"Cato, the cat",3,333548894,76861511,77
1745740,"Laserboy",3,89047550,44643163,50
1745790,"City Zoomer",3,836584081,679379575,19
1746030,"山河旅探 - Murders on the Yangtze River",3,7269674827,6087521001,17
1746080,"You are a slave!",3,1438475233,1360574565,6
1746590,"Crystal Story: Dawn of Dusk",3,1158786309,920748399,21
1746930,"SunnySide",3,25596960948,7667042414,71
1747050,"Sam & Max: Beyond Time and Space",3,3194806466,2063216639,36
1747110,"Base Wars",2,176540537,111524961,37
1747310,"Catana",3,414094028,113708803,73
1747650,"The Darkest Tales — Into the Nightmare",3,6914153688,3317539643,53
1747760,"Momodora: Moonlit Farewell",3,1283896401,192127562,86
1747790,"Catellite-609: feline space adventure",3,2260723734,402432915,83
1748230,"RESTLESS SOUL",2,222460977,92265112,59
1748390,"Rocket Bot Royale",1,52077556,31993916,39
1748620,"FlipWitch - Forbidden Sex Hex",3,3390645075,491920720,86
1749350,"Gobby McGobblenutz Presents: The Art of the Dad Joke: Chapter 1",3,839729823,736288265,13
1749630,"Chill Corner",0,1097758532,919388194,17
1749860,"Lushfoil Photography Sim",3,16606401818,12985465933,22
1750030,"Post Trauma",3,22323302393,11211811418,50
1750770,"Starcom: Unknown Space",2,2192216340,1351263505,39
1751270,"GunsBox VR",3,4148510032,3628345934,13
1751350,"Wild Indigo Ranch",1,1745688200,817449334,54
1752690,"thEiAoLoGy",3,372067634,169622796,55
1753090,"CYBERDAD",3,219774288,55596451,75
1753400,"Visite virtuelle de l'Assemblée nationale",0,2148432166,2056524789,5
1754840,"Hacker Simulator",2,4591110399,2664763392,42
1754850,"The Planet Crafter Demo",0,4518319980,3072640878,32
1755070,"DRAGON BALL Z: KAKAROT Demo Version",3,2775541072,2561899847,8
1755100,"The Last Clockwinder",2,4714848763,2345001020,51
1755270,"Cosmic Cube",3,1902172626,524800009,73
1755300,"Smart Factory Tycoon",2,576406378,519706317,10
1755580,"The Jackbox Party Starter",3,5096445588,4916913138,4
1755830,"Astrea: Six-Sided Oracles",2,2472201250,748664343,70
1755910,"Capcom Arcade 2nd Stadium",2,1846573004,1727349276,7
1755940,"PlateUp! Demo",2,974903885,146318051,85
1757300,"Jump Space",3,21812123526,10549258244,52
1757490,"女拳主義F-ist",3,971436225,953941889,2
1757580,"Open Wheel Manager 2",3,13043709742,3177594666,76
1757610,"Puppet Master: The Game",2,3516484490,3197929319,10
1758910,"Time Commando",3,626767643,543364249,14
1758950,"Banzai Escape 2: Subterranean",2,4713416314,2313813891,51
1759350,"Space Trash Scavenger",0,15171565152,9396486334,39
1759480,"Funny puzzle",3,135874598,120788475,12
1759580,"Tower To Heaven",3,16742141,14110720,16
1760250,"Madden NFL 23",2,43273975768,42332437762,3
1760670,"Mystery Swords",3,162152827,148584593,9
1761070,"ASTLIBRA ～生きた証～ Revision Demo",3,1908157025,1887649850,2
1761270,"Half-Life: MMod",3,787169820,382759925,52
1761320,"Poly Puzzle: Furries 2",3,77235580,73859072,5
1761380,"Otherworld Legends",3,1465968857,411635985,72
1761390,"Hatsune Miku: Project DIVA Mega Mix+",2,37953478982,37590810943,1
1761600,"JETT: The Far Shore + Given Time",1,6685592969,5679647345,16
1761780,"Creepy Tale 3: Ingrid Penance",1,3898730372,777172858,81
1761900,"EXOME",1,4977051066,4905545728,2
1762010,"Wrought Flesh",3,687538356,458165616,34
1762570,"Space Reign",2,13824608772,7314444200,48
1762930,"Goat Simulator: Remastered",3,13850619183,13468993458,3
1763030,"Master Key",2,528680999,354934305,33
1763050,"Fears to Fathom - Norwood Hitchhike",3,6805448703,3206255471,53
1763150,"Everglow",3,317046359,219898659,31
1763200,"Bread & Fred Demo",2,388763885,140551918,64
1763250,"SWORN",2,5133121992,3091421372,40
1763740,"Cover Fire: Offline Shooting Game",2,836575998,463746035,45
1763920,"Impostor Factory Soundtrack",3,263534687,255558871,4
1764210,"News Tower Demo",2,1709891496,486540476,72
1764400,"Tea For God",3,387038184,286275304,27
1764450,"Alien Hominid Invasion Beta",2,835111048,750157845,11
1764530,"Sailwind",3,4213279423,1107155665,74
1765110,"Elsie Demo",2,609287298,117233211,81
1765300,"Ultimate Zombie Defense 2",3,17890242323,16219169409,10
1765540,"Red Button",3,104861029,32982893,69
1765780,"ADACA",3,2622746424,2427776452,8
1766010,"Force Reboot",3,120628193,75774139,38
1766060,"HumanitZ",2,24793855955,24567079897,1
1766100,"The Last Hero of Nostalgaia",1,7558924242,5064095986,34
1766540,"Wonderputt Forever",3,126695187,107301179,16
1766740,"Choo-Choo Charles",3,2244160679,2046905413,9
1767170,"Super Bullet Break",3,595100883,480537096,20
1767750,"Wild Life Demo",1,23925206606,13670981632,43
1768200,"Hood Story: Kaito Yamazaki",3,7448311350,6613784902,12
1768280,"Ozymandias: Bronze Age Empire Sim",3,789315692,721718836,9
1768480,"ASTRA",3,17914880,17776640,1
1768550,"Alien Removal Division",3,5971190273,5805217900,3
1769170,"Shattered Pixel Dungeon",3,127189025,109803051,14
1769510,"FEWAR-DVD",3,25631694,18826998,27
1769980,"Mask of the Rose",1,2692660932,1148208101,58
1770080,"Superfuse",1,9961473804,9808559837,2
1770400,"Re:BF",2,1111488392,1098102675,2
1770490,"PAW Patrol: Grand Prix",0,2686565527,2628821434,3
1770500,"Gigantosaurus: Dino Kart",0,1815991826,1761030725,4
1770760,"Codename: TIARAS",3,166292442,154557496,8
1771300,"Kingdom Come: Deliverance II",1,90060043976,88180950757,3
1772020,"COGEN: Sword of Rewind - Special Mission (Demo)",2,251167089,213753100,15
1774580,"STAR WARS Jedi: Survivor™",3,139586115629,138516204997,1
1776160,"You Will (Not) Remain",3,93219858,34621131,63
1776170,"Barton Lynch Pro Surfing",0,15605632805,14556113306,7
1776380,"STAR OCEAN THE DIVINE FORCE",3,47883791590,46930629455,2
1776410,"Back to the Dawn Demo",2,1005317055,294141892,71
1776970,"月に寄りそう乙女の作法",0,11897685785,5023975574,58
1777510,"Game Pauser by Jase",1,67123992,34001278,50
1777620,"Soul Hackers 2",3,21966703567,18553872084,16
1778030,"Hunt Together",3,4710677220,4542281466,4
1778820,"TEKKEN 8",0,104449406548,94811620088,10
1779200,"Thrive",2,1842467427,799116597,57
1779990,"My Furry Detective 🐾",2,259139884,184444815,29
1780470,"Chastity Catastrophe",2,633508957,314856485,51
1780490,"Skull Bullets",3,34535120,27497193,21
1780780,"Adult Puzzles - CamGirls",3,128231977,40239059,69
1780940,"Inquisitor’s Heart and Soul",3,4739984546,2025541632,58
1780990,"Fallen Flowers",3,319591818,161945846,50
1781350,"Fireboy & Watergirl: Fairy Tales",3,153855705,74871174,52
1781590,"Valley Knights",3,4782894895,1652633276,66
1781710,"Hentai Detective",3,522451797,405715773,23
1781750,"Fly Dangerous",1,2464667033,1919446109,23
1782080,"Das Boot: German U-Boat Simulation",3,35410052,17143221,52
1782120,"ZERO Sievert",2,259909961,205870650,21
1782210,"Crab Game",3,525571017,182536771,66
1782330,"Green Hell VR",0,6129339375,4328868213,30
1782380,"SCP: Containment Breach Multiplayer",3,525570571,363629363,31
1782460,"Hell Clock",3,1578538116,1405390240,11
1782670,"Tru Or Die",0,6686507154,6533733971,3
1782680,"Caribbean Legend: Sandbox",0,24408697181,14294769040,42
1783090,"Marmoset",3,499063806,147403011,71
1783280,"Ghostlore",3,805854134,173108352,79
1783530,"Movavi Video Editor Plus 2022",2,323462857,173414477,47
1783560,"The Last Caretaker",3,15325433069,14735575825,4
1784220,"Chesskoban - Chess Puzzles",3,338732301,48319146,86
1784570,"Trainz Railroad Simulator 2022",3,11307175744,10821847234,5
1785000,"Mokoko X",3,901263690,736134070,19
1785150,"Friends vs Friends",3,10526788429,1342976969,88
1785820,"Urbek City Builder: Prologue",3,317104497,135590566,58
1786070,"Edge of War",3,10181895801,5671635695,45
1786210,"Automobilista 2 Demo VW TSI Cup",2,13103423323,8983007323,32
1786790,"Magical Girl Celesphonia",2,2321157025,2170619802,7
1786830,"NecroBouncer",2,721351504,277991277,62
1786950,"Klaus Veen's Treason",3,4660325125,2827768134,40
1787010,"Campground Owner",3,98938110,42692880,57
1787090,"MyDockFinder",2,90809200,59165365,35
1787640,"Kings and Pigs Prequel",3,465929105,130244823,73
1788490,"Adult Puzzles - Hentai NightClub",3,126177788,37429211,71
1788800,"Soma Union",2,134533233,130165760,4
1789030,"Maid Cafe on Electric Street",2,2756675426,1268821449,54
1789060,"Adult Puzzles - Fantasy Ladies",3,160329364,37983449,77
1789480,"Marauders",0,9877881837,9712390415,2
1790340,"空気読み。オンライン",3,395309559,265421692,33
1790360,"Heist Kitty: Multiplayer Cat Simulator Game",3,5078525638,1407894443,73
1790600,"DRAGON BALL: Sparking! ZERO",1,29914391654,29654796494,1
1790700,"Alien worm",3,67591259,55906345,18
1791040,"Chorus Demo",3,10141150440,9951793442,2
1791610,"Touhou Mystery Reel",3,204139894,72749599,65
1791680,"KAREN SEES",3,881642459,365633193,59
1792010,"The Timeless Child - Prologue",1,3805927229,2139905153,44
1792250,"Serious Sam: Siberian Mayhem",2,30646546900,30546901658,1
1793030,"Romancing SaGa -Minstrel Song- Remastered",2,10736535363,10263302348,5
1793250,"Take Me To The Dungeon!!",3,3734824046,1714212438,55
1793930,"COVEN - Halloween Demo",2,1102457532,263273628,77
1794240,"SysAdmin Odyssey - Back to the office",3,2921128392,852104936,71
1794250,"After Dark VR",1,16303030502,10007617582,39
1794440,"dig",3,90777099,39112909,57
1794680,"Vampire Survivors",2,775501021,412096726,47
1794960,"Sonic Origins",1,8023044395,7611092329,6
1795430,"Sakura Succubus 5",0,428056429,343024084,20
1795470,"Flooded",3,572626587,482964077,16
1796220,"Laika: Aged Through Blood",3,14803445360,1195251843,92
1796450,"Momo's Mansion",2,733132797,540493414,27
1796470,"Haste",3,6634328703,2381097650,65
1796590,"Adult Puzzles - Pole Dancer",3,128267571,40452054,69
1796790,"Chef RPG",3,4899427330,476544638,91
1797680,"Wee Tanks!",3,1240149834,281481965,78
1797840,"Cyberpunk Fighting",3,432517311,327317365,25
1797880,"Lost Light",3,18334651251,15631380812,15
1798010,"Mega Man Battle Network Legacy Collection Vol. 1",1,1203941205,1148783160,5
1798020,"Mega Man Battle Network Legacy Collection Vol. 2",3,2357761592,2244729808,5
1798220,"Adult Puzzles - Hentai Halloween",3,147358847,35055771,77
1798780,"Dimension Tripper Neptune: TOP NEP",3,24681911,18651477,25
1798960,"The Spirit and the Mouse Demo",2,827359755,253377336,70
1799930,"Redout 2",1,25156459603,24902773105,2
1800360,"小虎的禮物 Tigey's Gift",3,138459571,133169152,4
1800730,"I MAED A GAM3 W1TH Z0MB1ES 1N IT!!!1",3,92387913,52592657,44
1800940,"The Enjenir: The Engineering Physics Building Simulator",1,8730663334,3909335647,56
1800970,"Arcade Galaxy",3,21290496,21151744,1
1801110,"違う冬のぼくら",3,436283700,255380390,42
1801280,"SCP: CB Multiplayer Dedicated Server",2,441618244,320161243,28
1801520,"Zombieville USA 3D",2,2237379399,2109868851,6
1801630,"HIGHBLAST",3,590047468,327274776,45
1801650,"Lost: Find",0,1155779549,1080390980,7
1801850,"Cats War",3,403922272,334264309,18
1802190,"Puzzles For Clef",3,1615847876,1597779565,2
1802340,"Adult Puzzles - Fantasy Ladies 2",3,160477294,38036699,77
1802700,"I Told You So!",3,269120426,162198018,40
1802710,"Momentum Mod Playtest",3,4404196903,2362594808,47
1802720,"Sixtar Gate: STARTRAIL",3,12687954700,10525986453,18
1802870,"Secret Pie (Adult Version)",3,1895364836,1155177332,40
1802880,"The Devil Within: Satgat",1,7704126118,7562988736,2
1803190,"SimRail - The Railway Simulator: Prologue",3,10626204900,8718803629,18
1803390,"Bounty: Drag Racing",3,25581138665,12028473109,53
1803400,"Beneath Oresa",3,7288863403,2552836726,65
1803840,"Lucky's Tale",3,4381023855,3860020663,12
1804630,"Outbreak Island: Pendulum",2,23614773092,14779557801,38
1805070,"Another Day in Paradise",3,17082657302,6471519146,63
1805110,"Solarpunk™",0,2344924730,1310571882,45
1805210,"Solaris Rift",3,744284174,678832268,9
1805320,"Romestead",3,1703969191,330138831,81
1805480,"Like a Dragon: Ishin!",0,62554508553,36085609413,43
1806040,"Snake Force",3,714257102,152251781,79
1806420,"Do U Copy?",3,7860475320,938099985,89
1806460,"FirePuzzle - Save the House",3,193924391,49188520,75
1806700,"Monster Girl Manager",3,466803157,385783942,18
1806840,"100 hidden frogs",3,10310204,5147196,51
1807080,"Ghost Exile",3,19184443497,10283698307,47
1807160,"Celestial Empire Playtest",2,22602241862,14746757422,35
1807540,"Cat Swap Tiles",3,437151992,114807469,74
1807810,"The Axis Unseen",3,26236008241,25709105519,3
1808060,"Obama Maze",3,779570711,309047436,61
1808120,"THE BUTTON",2,158792882,106571185,33
1808320,"Lake of Creatures",3,576479089,455366421,22
1808360,"Mason and Strings",3,260165421,176045606,33
1808400,"Tag: The Power of Paint",3,78996524,61485788,23
1808480,"Poly Puzzle: Cats",3,133589064,130211840,3
1808500,"ARC Raiders",3,43592544438,43306960364,1
1808580,"Crazy Alien",3,111472171,27709096,76
1808680,"Snufkin: Melody of Moominvalley",2,4358219788,4196677030,4
1808800,"Duck Simulator 2",3,204939380,98232748,53
1809540,"Nine Sols",3,6758526186,4407755566,35
1809700,"Persona 3 Portable",3,7842762673,6906402536,12
1809770,"Lust for Darkness VR: M Edition",2,15532630355,10136012437,35
1810310,"Hidden Ghost Town",3,11059982070,2448887570,78
1810670,"Cat Detective Albert Wilde",3,14343015877,7694033985,47
1810820,"Etrian Odyssey III HD",3,2577936800,1093157194,58
1810920,"Operation Lovecraft: Fallen Doll Closed Beta",1,10323582394,10148695517,2
1811040,"South of the Circle",1,2419536319,1257729932,49
1811180,"Operation Lovecraft: Fallen Doll Demo",3,15358738038,14809524862,4
1811260,"EA SPORTS™ FIFA 23",2,49792046900,49077219869,2
1811950,"The Legend of Heroes: Kuro no Kiseki",0,11705706610,11673081431,1
1811990,"Wildfrost",3,1017425686,501821755,51
1812060,"Yokai Art: Night Parade of One Hundred Demons",2,3823903448,1511512074,61
1812090,"Escape Academy",3,5386510028,4685848949,14
1812280,"Cave Story's Secret Santa",3,129043689,60598219,54
1812290,"The Elder Scrolls: Arena",3,97093949,62375744,36
1812300,"Aquatico",2,7874950090,4460866455,44
1812370,"Little Goody Two Shoes",2,7579970025,6417651321,16
1812390,"The Elder Scrolls II: Daggerfall",3,914014037,279642362,70
1812410,"The Elder Scrolls Adventures: Redguard",2,1216639477,1057975202,14
1812420,"An Elder Scrolls Legend: Battlespire",3,808054673,625559874,23
1812450,"Bellwright",2,17465351738,16875661977,4
1812620,"DSX",2,45240591,30326400,33
1812820,"Bitburner",1,256777071,132281776,49
1812850,"Race for Your Life",3,13022290,9072681,31
1813430,"Beat Banger",1,1358960761,1185745464,13
1813560,"Deranged",3,5628767737,5259785645,7
1814630,"FarmD",3,2517848353,1569280759,38
1814980,"2310 seconds in HELL",3,177856858,82069111,54
1815160,"Adult Puzzles - Hentai Christmas",3,143820211,39976955,73
1815270,"PRIMAFLOOWS",3,26421018,22159587,17
1815330,"Swelter",3,19473890835,10185247865,48
1815340,"Jivana",2,5007438496,4833707300,4
1815400,"SKAZKA",3,431925740,322767455,26
1815570,"Aces & Adventures",0,2165726165,1853264858,15
1815630,"Fences 4",1,15664441,15074033,4
1815780,"Asphalt Legends ",2,7340552685,7097739351,4
1816010,"Crush the Industry Demo",3,1086327094,228559671,79
1816300,"HARVESTELLA",2,11596556830,11362611581,3
1816670,"GUNDAM EVOLUTION",2,19491178571,19142736797,2
1816880,"EXIT 2",3,654695752,477004242,28
1817000,"Zodiacats",3,289401776,259514784,11
1817070,"Marvel’s Spider-Man Remastered",3,71455939143,60719814658,16
1817190,"Marvel’s Spider-Man: Miles Morales",3,51357004539,43620683467,16
1817230,"Hi-Fi RUSH",1,16800744106,16480968710,2
1818150,"Pinecone Game",3,294082404,116417051,61
1818370,"My Furry Dragon 🐾",3,241561008,207445239,15
1818450,"STALZONE",0,24378590969,22770473008,7
1818690,"Grindstone",3,1257125049,1092527399,14
1818750,"MultiVersus",0,7030264247,6713762215,5
1818820,"Maze Art: Rainbow",3,276161021,275116032,1
1819460,"Mika and The Witch's Mountain",3,2949255889,1753068067,41
1820170,"The Two of Us",3,80153469,24020783,71
1820240,"Stray Souls Demo",2,3349811651,1887531008,44
1820690,"One Line",3,190423131,93555192,51
1820740,"Sucker for Love: Prelude",3,232128717,145311888,38
1821310,"Kitten Lost Her Box",2,24154446,15245357,37
1821630,"They Сame From Above",3,651859317,267868712,59
1822060,"Those Who Rule",3,3448745371,742831586,79
1822190,"Momotype",3,223205736,114764118,49
1822240,"Stars In The Trash",3,7277606304,2393913878,68
1822340,"AGNI",3,354528278,277542322,22
1822460,"Pwnk: Stream Battle Royale",3,807651054,631013660,22
1822550,"Microcivilization",2,1155260868,623039657,47
1822710,"Automon",2,49942182,44634160,11
1822910,"Capybara Spa",1,426384106,209389260,51
1823340,"*NEW* SCUFFED BHOP SIMULATION 2026 GOTY EDITION",3,701704534,605809431,14
1823350,"Forest Star",3,274294264,116841051,58
1823360,"Buffet Knight",3,264818370,105785693,61
1823600,"Power & Revolution 2022 Edition",3,8661578060,5365899251,39
1823930,"Wavetale",3,4750159960,2357489980,51
1824220,"Chivalry 2",1,26412028622,25596774576,4
1824760,"Hentai Memory - Sexy Couples",3,126000273,43704311,66
1824960,"Propagation: Paradise Hotel",3,9701276440,4599961042,53
1825160,"The Backrooms",2,3310284578,3134892033,6
1825680,"Gedda Cake Demo",2,1904387085,160873098,92
1825740,"Fat Baby",3,1340510254,155660752,89
1826420,"CarX Drift Racing Online 2",0,16072969285,15376586024,5
1826960,"Trip In Another World",2,535209665,455104833,15
1827180,"Toram Online",3,188241922,73402588,62
1827980,"Idle Spiral",3,187245109,55670059,71
1828210,"Requiem Of Science",0,7963922941,5136844283,36
1828690,"Security Booth: Director's Cut",2,1054891359,474392362,56
1828750,"They Came From Below",3,690184769,280721960,60
1829350,"V Rising Dedicated Server",0,2415973361,1067125456,56
1829420,"Before The Night",0,164367670,136876859,17
1829770,"MultiVersus – Technical Test",2,4398270679,4075326666,8
1829940,"Downfall of Krynto",3,842043739,582167050,31
1829980,"Café Stella and the Reaper's Butterflies",2,7470102379,7003492829,7
1830720,"MOTHERED - A ROLE-PLAYING HORROR GAME",2,463011240,262819729,44
1830840,"The Planet Crafter: Prologue",2,8509922956,5435139951,37
1830970,"The Last Flame",1,5355147703,2712016257,50
1831060,"Chesskoban Bishop",3,342196585,49924758,86
1832040,"Flintlock: The Siege of Dawn",3,19191738934,15909670234,18
1832070,"Desperate Vlad",3,2204104245,2069763216,7
1832300,"Fantasy Memory - Sexy Mermaids",3,119780336,33323257,73
1832640,"Mirror 2: Project X",1,10756890233,10207546173,6
1833000,"N0va Desktop",2,856887880,701780934,19
1833100,"FrameFusion Motion Interpolation",3,5398471269,3454913446,37
1833200,"DuneCrawl",3,3405471740,791829940,77
1833820,"From Red to Green",3,185362285,166856250,10
1834310,"100 Hidden Animalnaults - Felicat & Laika",2,228411503,70780807,70
1834340,"Unmetaverse",3,491927988,149416552,70
1834870,"Lily's Well",3,422083254,185677890,57
1835560,"Endless Zombie Weekend",3,44766245,36479017,19
1835870,"黑猫魔法师",3,370935533,199178700,47
1836120,"QUICKERFLAK",3,195917556,160912725,18
1836160,"PANELKI",2,2063048430,2006841190,3
1836200,"Fallout 76 Public Test Server",3,98031965483,95314145826,3
1836450,"Monster Hunter Rise: Sunbreak Demo",2,8098923370,7991988764,2
1836500,"Memory Puzzle - Hentai Angels",3,125565958,39944184,69
1836730,"Echo Point Nova",3,3491398037,3263003964,7
1836860,"Neptunia x SENRAN KAGURA: Ninja Wars",1,15406658095,8803269147,43
1837480,"Vietnam War",2,18507035355,6372647980,66
1837770,"Ardenfall Demo",3,1219633327,889019285,28
1838290,"LOUD: My Road to Fame",0,1122106855,496653696,56
1838340,"Unwelcome",2,403528381,100419587,76
1838970,"Crush the Castle Legacy Collection",1,131581182,108391110,18
1839060,"Polylithic",2,2761021891,1426534496,49
1839430,"Dolls Nest",1,11121267371,11040575488,1
1839590,"Moonlaw",3,113020966,59525119,48
1839610,"Hammer Kid",3,72621135,40697856,44
1839700,"Milk Bottle And Monster Girl",3,329605076,94474181,72
1839820,"Never Mourn",3,4924072408,3112065880,37
1839840,"Memory Puzzle - Mystery Mermaids",3,119794012,35047675,71
1839930,"Lifecraft",2,98825246,65621229,34
1839950,"Terminator: Dark Fate - Defiance",3,17160519586,17007903459,1
1840080,"Homeworld 3",3,31815030142,29332750956,8
1840130,"Sword of Atlas",3,4492503763,4252324107,6
1840610,"Apocalyptic Vibes",3,489314321,477796625,3
1840660,"Mad Adventures",3,920291741,471483679,49
1841250,"Hard Times at Sequoia State Park",2,3647524509,1000041959,73
1841340,"Beyond Sunset Demo",2,150714320,137183270,9
1841780,"It follows you",3,4312169149,2387914790,45
1842220,"3D  Lover",3,13763623356,6646682185,52
1842320,"Slayer : the Demon Haunted World",3,6430941033,1421170342,78
1842480,"NeuraGun",3,3009824799,1980746340,35
1842730,"Nightmare: The Lunatic",2,1452268731,294338316,80
1843030,"Grandpa's Cheese",3,579823165,496081109,15
1843350,"RUKIMIN's Disappointing Adventure!",2,228667854,60985531,74
1843540,"Akimbot",3,19304047243,8731561236,55
1843730,"Last Group Out",3,459739025,117692559,75
1843760,"Rogue Tower",3,197304983,75656624,62
1843840,"Rogue Point",3,8375966055,8009047716,5
1843940,"Brigandine The Legend of Runersia",2,22579613066,18285015647,20
1845630,"Aim Lab VR",2,6955582826,4614758220,34
1845760,"MOLOGA",3,910696383,401978659,56
1845910,"Dragon Age™: The Veilguard",3,97257693689,90578621954,7
1845990,"Relic Space Demo",2,1523395873,714559323,54
1846170,"Iron Lung",3,224028613,161329093,28
1846380,"Need for Speed™ Unbound",2,36638877954,35610139600,3
1846460,"Burnhouse Lane",3,2187866083,933061112,58
1848450,"Nightmare of Decay",3,317970337,149536565,53
1849000,"SEX with HITLER",1,1137465355,418430423,64
1849040,"lure",3,254753310,119453151,54
1849250,"EA SPORTS™ WRC",2,102956462001,91674635965,11
1849790,"Uncle Chop's Rocket Shop",1,1281775787,1193837993,7
1849820,"Telepath Tactics Liberated",2,10142696703,2031559874,80
1849870,"amazin' George Remastered",3,4139855414,2469847967,41
1850050,"Alien: Rogue Incursion VR",3,43161477494,42405503034,2
1850270,"Dream Hacker",3,1950036786,437159215,78
1850510,"TRIANGLE STRATEGY",3,9215545771,8923349922,4
1850550,"I'm on Observation Duty 5",3,10421278154,4492420932,57
1850570,"DEATH STRANDING DIRECTOR'S CUT",1,79046732176,78939194077,1
1850690,"Zombies Killer Machine",3,43578761,19743972,55
1850740,"Ghost Watchers",3,14249109469,7921211826,45
1850960,"The Jackbox Party Pack 9",3,9334085209,8906697792,5
1851020,"River City Girls Zero",2,5338700722,5287311149,1
1851210,"Strinova Demo",2,27129933121,26346077114,3
1851280,"Samurai Bringer",2,324404351,262520832,20
1851350,"Stampede: Racing Royale",0,8189554581,5630348440,32
1851490,"Vaultbreakers Playtest",3,7077945396,2935100098,59
1851640,"Police Hot Pursuit",3,61637207,19065462,70
1852130,"Robot chariot battle",3,1931652881,672480136,66
1852650,"Operation Wolf Returns: First Mission",3,18456515857,15957279623,14
1852760,"Memory Puzzle - Sexy Fairies",3,119968088,35428596,71
1852830,"SPACE ACCIDENT",3,1783009278,647305267,64
1852890,"Farmer Adventure",2,16400974,10092644,39
1853200,"TYRONE vs COPS",3,2228355876,687381869,70
1853380,"FOONDA",3,228435307,54205325,77
1853790,"Saviour of Humanity",3,148837794,72167424,52
1854250,"Demon Speakeasy",2,1232109972,1112991547,10
1854360,"SpaceKraft! Demo",2,295255026,174875420,41
1854430,"How Fish Is Made",2,1111960900,691091264,38
1855100,"Dog Adventure",3,428344224,347887633,19
1855610,"Happy Island Life",3,560995598,266201542,53
1856010,"Eagle Simulator",3,56527207,24101930,58
1856730,"Poly Puzzle: Dogs",3,96409548,92856320,4
1857070,"Golden Mine Pickaxe",3,240195598,233289576,3
1857080,"The Last Starship",1,861841178,854762341,1
1857090,"Norland",3,943742191,769876065,19
1857580,"Get Achievements for Achievements",2,238357877,150583788,37
1857950,"VEIN",3,57872458015,30394458335,48
1858430,"Fuga: Melodies of Steel - Demo",3,2567015255,1610886699,38
1858530,"Kitty Ball",3,1177591440,253982222,79
1858630,"SWORD ART ONLINE Fractured Daydream",3,52962967003,52378722171,2
1858650,"In Sink: A Co-op Escape Adventure",3,3622302794,631279452,83
1858670,"Mocap Fusion [ VR ] Playtest",1,3195480521,1083608122,67
1858750,"SpriteMancer",2,306045275,203767645,34
1859020,"Porcelain Tales",2,1727605141,789428709,55
1859060,"Jigsaw Puzzle Beach Season",3,149493209,144912840,4
1859100,"Royal Jigsaw",3,33024537,29643413,11
1859110,"Holiday Jigsaw Christmas",3,40704608,36675788,10
1859140,"Pirate's Solitaire",3,36366546,31271067,15
1859280,"7 Days to End with You",1,111032905,41203599,63
1859290,"Crypto Miner Tycoon Simulator",3,331535303,273491990,18
1859470,"PAC-MAN WORLD Re-PAC",3,5158217943,4674788299,10
1859590,"The Zombie Smasher",3,256024869,95131706,63
1859620,"BRUTAL JOHN 2",3,2982461806,1235951416,59
1860510,"Total Conflict: Resistance",3,34118206466,33231889954,3
1860700,"Outmode",0,1747704131,856311798,52
1860860,"Flower girl 2",3,1026925316,923022588,11
1861290,"Devil Spire",3,89379165,76747890,15
1861680,"Bio-Gun Demo",2,916142059,799647051,13
1861780,"Psychic",3,468865028,365066159,23
1862500,"Catch them!",3,152086942,75426284,51
1862660,"garage:VAMP",2,980969387,822515887,17
1863100,"Spooky Shooter 3D",3,93924664,85479436,9
1863290,"SpunkStock: Music Festival",2,1207379357,357147890,71
1863430,"Dragonkin: The Banished",2,36960353212,32564459192,12
1863540,"月出之时",3,1792950908,515214077,72
1863670,"Mystwood Manor",2,1928260742,1734696491,11
1863750,"挂机神话",3,234193943,140842581,40
1864450,"Devil Spire Demo",3,89379037,76747890,15
1865150,"Catnight Demo",3,1248902445,1167902400,7
1865440,"Cave Crawler",3,51475135,25309191,51
1865780,"Downfall - A Slay the Spire Fan Expansion",3,800729134,737113800,8
1866130,"Morbid Metal",3,15537177920,7386712012,53
1866180,"Hooked on You: A Dead by Daylight Dating Sim™",2,1839589844,1123648718,39
1866250,"Dangerous Hobby",3,158996687,82321408,49
1866320,"Baladins",3,805966670,629274168,22
1866420,"La Pucelle: Ragnarok",0,866432932,856719360,2
1866520,"Gust of Wind Demo",0,8246969048,5343088687,36
1867240,"WARDOGS",0,65178541861,64865200789,1
1867510,"WrestleQuest",3,11180144750,2151193860,81
1867520,"Homestead Arcana",1,7135132582,3426896828,52
1867530,"Solar Ash",3,3673232640,3573008976,3
1868000,"Resist the succubus—The end of the female Knight",0,4865915510,2945569958,40
1868140,"DAVE THE DIVER",1,3469932507,2989187509,14
1868170,"Etrian Odyssey II HD",3,1251724062,805191498,36
1868180,"Etrian Odyssey HD",2,881808359,571988258,36
1868280,"Coins Collector Simulator",3,364250524,112290753,70
1869290,"Supraworld",2,3825345549,3478788869,10
1869590,"Omega Strikers",0,3242889340,1707937346,48
1870210,"amazin' George 2 Digital Deluxe",3,2768316817,769932574,73
1870410,"Gangsta: The Return",3,12568198445,12426197108,2
1871500,"One Line: Letters and Codes",3,192042250,95283868,51
1871580,"Our Life: Now & Forever Demo",1,1178226057,1072679481,9
1871990,"Engine Evolution 2022",2,2665179559,1577000110,41
1872130,"Cat and fish",3,31950838,31924224,1
1872200,"IRON GUARD",3,6100966414,3319158935,46
1872470,"HardWorker Simulator",3,507390583,406304635,20
1872550,"Destroy All Humans! – Clone Carnage",3,14831514555,14569175667,2
1872680,"The Knight Witch",2,11565199721,2542369441,79
1872860,"Conrad Stevenson's Paranormal P.I.",0,8856426406,8790413049,1
1873030,"Wolfenstein: Enemy Territory",3,235472424,230818029,2
1873860,"Fayburrow",2,4433692537,1873824486,58
1873990,"3D PUZZLE - Old House",3,3344351183,1279123365,62
1874000,"Life is Strange: Double Exposure",3,24537828633,24254455917,2
1874190,"Vorax",3,35139419683,20167675025,43
1874340,"WILD WEST",3,8949872,8372236,7
1874880,"Arma Reforger",0,16699175749,15218366733,9
1874900,"Arma Reforger Server",2,6287773533,5591111552,12
1875060,"Reus 2",2,5028499798,1276242560,75
1875580,"Mina the Hollower",3,883218971,779344381,12
1875830,"Shin Megami Tensei V: Vengeance",3,32409353385,28085182946,14
1876280,"PAIcom (furry computer assistant)",3,1197265983,870935917,28
1876590,"I Am Your Beast",3,2914118351,1555328679,47
1876850,"Babushka's Glitch Dungeon",1,520777696,203087872,62
1876890,"Wandering Sword",0,4344409487,4198915087,4
1877370,"ConflictCraft 2",3,67443672,56618496,17
1877960,"Trimps",3,202601074,76144396,63
1878910,"WooLoop",2,440501988,217038237,51
1879330,"WARRIORS OROCHI 3 Ultimate Definitive Edition",3,21915773953,21757812736,1
1879340,"MuseSwipr",3,1636903556,439152144,74
1879620,"1000 Needles",3,172876725,96218893,45
1879970,"Gun Ugly",3,440610316,125028312,72
1880470,"The Inquisitor",3,23120241046,14971637759,36
1880480,"Aquatico Demo",0,6404176139,3784736135,41
1880620,"Once Upon A KATAMARI",2,3918344546,3467214808,12
1880690,"Familiar",3,2164513762,625213937,72
1880710,"Tuition Academia",3,363986475,256549710,30
1881200,"TRYP FPV: Drone Racer Simulator",2,28475341980,26874883423,6
1881340,"Shadow Burglar",3,2354822544,2270265344,4
1881350,"The Odyssey of the Mammoth",3,3609102178,1662078976,54
1881700,"Undawn",3,39510889905,38352217666,3
1881800,"CatNab",3,142471660,42187131,71
1882190,"LiDAR Exploration Program",3,336429278,260664204,23
1882240,"Forgotten Realms: The Archives - Collection One",3,379521090,314821770,18
1882280,"Forgotten Realms: The Archives - Collection Two",3,462611348,370671989,20
1882330,"ELEVATED",3,1426571217,1351430688,6
1882500,"Cattails: Wildwood Story",3,486985709,371832570,24
1883260,"Little Noah: Scion of Paradise",2,1387535678,1255163420,10
1884300,"Deathsmiles I・II",3,5866293790,4630751003,22
1884990,"Skala",3,14741792,11321376,24
1885090,"3D PUZZLE - Modern House",3,4323452673,1489756258,66
1885110,"Cryptmaster",3,2018366179,1843706858,9
1885540,"SEARCH ALL - CATS",2,93818943,32703145,66
1886070,"USAC: Code Breach",2,3048240063,2945591851,4
1886990,"Racing the Gods",0,8144886406,5144888808,37
1887260,"Timberman VR",2,1100377290,548491752,51
1887400,"ANTONBLAST",0,516812356,431607888,17
1887840,"Another Crab's Treasure",3,8011463744,3184397295,61
1887960,"Shadow of Egypt",3,11084776,10612748,5
1888160,"ARMORED CORE™ VI FIRES OF RUBICON™",0,64222227389,64147896336,1
1888930,"The Last of Us™ Part I",2,84834570128,82564008644,3
1889620,"AI Roguelite",3,843894628,426357438,50
1889740,"Paper Trail",3,922349049,414066197,56
1889930,"Baldur's Gate: Dark Alliance II",3,4628631030,3726435956,20
1890120,"9-nine-:NewEpisode",2,2285929067,2220948928,3
1890520,"Tide Up",2,568035155,425298655,26
1890860,"Arma Reforger Experimental",2,27404729499,27404464193,1
1891090,"Final Vendetta",3,417333735,343881961,18
1891230,"Hidden Tavern Top-Down 3D",3,3217603361,1177679382,64
1891700,"Tap Ninja - Idle game",3,104020193,44827541,57
1891910,"CyberCorp Demo",3,5966878695,4585975158,24
1892030,"Dummynation",3,298482390,178719935,41
1892370,"Riding to Bounce City",3,3271379098,1245714034,62
1892900,"WarBots",2,818450331,554947621,33
1893020,"Nekomew's Nightmares",3,544648231,484455233,12
1893350,"ULTRARUSH",3,206409398,101988322,51
1893590,"Cat Follow Me",3,191298253,130320102,32
1893810,"Solium Infernum",2,5452599487,4857684977,11
1894080,"I got a millenary cat",3,896738227,292392545,68
1894430,"Plan B: Terraform",0,787565191,392897049,51
1895080,"Zombie City",3,278556179,198322022,29
1895130,"Darza's Dominion",2,323146747,141477729,57
1895300,"Shinobi Warfare",2,161958529,153237562,6
1895630,"VRM Posing Desktop",0,215137540,162245710,25
1895810,"Infinity Strash: DRAGON QUEST The Adventure of Dai",3,12989996768,12671151508,3
1895880,"Ratchet & Clank: Rift Apart",3,41792621414,39028922511,7
1896170,"Prince of Suburbia - Part 1",3,3525214942,3346632394,6
1896390,"Stickman Trenches",3,597436506,221810799,63
1896700,"Wylde Flowers",1,4322786666,3455471407,21
1896710,"Project Xenoflora",3,93273148,43379019,54
1896750,"Cursed",3,26735036,25636864,5
1896900,"Rail Route: The Story of Jozic",2,577552967,355778775,39
1896920,"Magic crystals",3,174195099,150708322,14
1897130,"MythBusters: The First Experiment",1,7499730574,5467360762,28
1897630,"Garbage Pail Kids: Mad Mike and the Quest for Stale Gum",2,1487859453,1487043037,1
1898290,"LEGO® Bricktales",3,1074034621,366383684,66
1898300,"ASKA",3,6703699452,4130784817,39
1898830,"VBridger",1,247281914,116885682,53
1899060,"Pocket Mirror ~ GoldenerTraum",3,2401213864,2140261431,11
1899700,"Graphwar",1,217738377,104907148,52
1899810,"Dread X Collection 5",3,15045320852,8517373266,44
1899950,"Dolmenjord - Viking Islands",3,320662096,71402994,78
1900250,"Demonschool",2,1496679870,1003726164,33
1900260,"虚拟主播模拟器 测试版",3,2786863053,2590427069,8
1900970,"The Red Hood",3,728482211,382975441,48
1901370,"Ib",3,303880500,176403493,42
1901620,"Dungeon Travelers: To Heart 2 in Another World",3,4812786830,3181032620,34
1902210,"Hidden Floating City Top-Down 3D",3,4341461060,1982844075,55
1902490,"Aperture Desk Job",3,4658170340,3704928558,21
1902690,"Fate/Samurai Remnant",0,23730686761,23539893305,1
1902710,"奇怪的RPG",3,3070136262,1972277190,36
1902750,"PIPELINE RTX",3,1872711160,896133674,53
1902960,"Lost Records: Bloom & Rage",3,44605156043,40290122097,10
1903270,"Sunset World Online",0,1034430886,932868159,10
1903340,"Clair Obscur: Expedition 33",1,45955875576,40544931005,12
1903510,"Technicity: Prologue",2,1599756317,706956129,56
1903600,"Zombie VS Police",3,345819228,266004325,24
1903620,"Killer Frequency",3,3004932771,1342223327,56
1903640,"Hex Rally Racers",3,2026225083,1780225999,13
1904480,"Absolum",3,4691468831,4600912147,2
1904530,"Forgotten Realms: The Archives - Collection Three",3,539932617,382391327,30
1904540,"Football Manager 2023",3,5409113958,3879805168,29
1904560,"Dungeons & Dragons: Ravenloft Series",3,1281327232,729481934,44
1904580,"Dungeons & Dragons: Dark Sun Series",3,391210297,252531963,36
1904610,"Dungeons & Dragons: Krynn Series",3,139988753,96140321,32
1904650,"Dungeons & Dragons - Stronghold: Kingdom Simulator",3,92600478,48700123,48
1904790,"Agatha Christie - Murder on the Orient Express",3,22507819008,9896730096,57
1904800,"REBEL",3,43633269,39923724,9
1904820,"Prison Life",0,990046349,506578191,49
1904860,"Legends of Kingdom Rush",2,772663077,629879456,19
1905110,"Fantasylandia World",3,610687209,151332523,76
1905170,"Hell Pie Demo",2,2413380072,1777636104,27
1905180,"OBS Studio",3,569132250,222587934,61
1905430,"Gravitar: Recharged",3,415646559,155471834,63
1905530,"Hammerwatch Anniversary Edition",1,386300642,340281396,12
1905640,"OBS Studio Beta",3,2004401934,963939224,52
1905910,"Steel Hunters Beta Playtest",0,35987142254,22807285062,37
1905950,"Shelter 69 🔞[ADULT NSFW]",3,582648299,221104385,63
1906150,"Pixel Trouble",3,159832267,143851579,10
1906270,"Minishoot' Adventure Demo",0,1613759769,345865704,79
1906310,"Traffic Dispatcher",3,110449452,32130992,71
1906320,"Arena Drift Master",3,177533798,29768400,84
1906950,"Wrath of Anias",2,13330383816,7328827187,46
1907380,"Arcane Vale",0,469638284,403502023,15
1907720,"Autonauts vs Piratebots",3,964659637,429294365,56
1907980,"Elec Dude",3,6289786,2385125,63
1908130,"Boundary Demo",1,28186346024,13314950050,53
1908240,"Impasto",2,10559882816,5543412185,48
1908390,"Wigmund Demo",3,2857522791,1711599830,41
1908720,"Half-Life: VR Mod",3,4152764959,1680359162,60
1908740,"Poly Puzzle: Birds",3,118049118,114122752,4
1909380,"Furry Sex",3,256024595,179366763,30
1909840,"JIANGHU CHRONICLES",2,3010378631,1170853537,62
1909950,"SUPER ROBOT WARS Y",0,18300923193,18006254195,2
1910150,"Walk of Life",2,630304316,505221730,20
1910580,"click to ten",0,63334019,32139132,50
1910790,"Lunar Mirror",1,4591074528,3596462152,22
1910860,"Grimlord",2,22208142964,22094567204,1
1911220,"Smurfs Kart",0,2388713151,2230097409,7
1911390,"Knightfall: A Daring Journey",3,298799504,109925485,64
1911610,"Windblown",3,2857115420,2376696836,17
1912700,"3D PUZZLE - Wood House",3,11601260841,6748347882,42
1913120,"Tears of Metal",3,5728164607,3095716526,46
1913210,"AEW: Fight Forever",3,21621705326,21387939335,2
1913370,"OPERATOR",0,23553676391,15021445029,37
1913480,"Turbo Overkill Demo",2,4266941421,2019397972,53
1913730,"Chimeraland",0,11277809515,10974572784,3
1913870,"Tray Racers!",3,963898360,383858526,61
1913910,"Nine Sols Demo",2,2150901191,1198692209,45
1913970,"PSYCHO",3,38426358,37654528,3
1914150,"Gunsmith Simulator Playtest",0,10064037812,5886732561,42
1914750,"Resist",2,4699992252,2946187660,38
1915910,"Hidden Build Top-Down 3D",3,618792213,215441164,66
1915940,"Hidden World Top-Down 3D",3,427211890,160481003,63
1916280,"Swords Fantasy: Battlefield",3,3845414281,1884987392,51
1916310,"Remnant Records",3,9528188128,4740511047,51
1916880,"Neon Racer",3,338237116,121597804,65
1916890,"Slider",2,479789024,180609248,63
1917180,"INCISION Demo",2,232811746,120528009,49
1917220,"The Machine That Breathes Demo",2,118670395,87793331,27
1917450,"fault - StP - LIGHTKRAVTE",2,2397893252,2068226331,14
1917720,"Two Sedans Driving Simulator",3,95196870,24331098,75
1917740,"The Ultimate Shot",3,140377757,30329487,79
1917840,"Funny Village",3,637837988,555784037,13
1918040,"Army of Ruin",3,460291834,258010990,44
1919350,"Coral Cove",2,416333349,155428326,63
1919460,"Seraph's Last Stand",0,118357965,73088938,39
1919470,"Atari 50: The Anniversary Celebration",1,12048646755,12042896195,1
1919550,"Hidden Cats in Paris",2,542483811,157128031,72
1919590,"NBA 2K23",1,145310464624,136173218634,7
1920030,"Quadratic puzzle 4",3,2269443321,2078010671,9
1920100,"Backfirewall_",3,36694844147,5714787043,85
1920430,"FUMES",3,730097052,270694512,63
1920480,"River City Girls 2",1,6092874323,4241382362,31
1920490,"The Outer Worlds: Spacer's Choice Edition",2,55667626982,54878135328,2
1920780,"Stray Gods: The Roleplaying Musical",3,7177977966,6547782450,9
1920960,"VPet",1,1087255340,1023723220,6
1921570,"GrumpyTunez",2,89842638,39669960,56
1921760,"Pocket Academy",3,83898999,30983700,64
1921980,"Between Horizons – A Sci-Fi Detective Adventure",2,1232943179,1027305934,17
1922010,"Breachers™",1,5763037499,3873906239,33
1922120,"Mystery Solitaire. Powerful Alchemist 2",3,33409502,28400589,15
1922140,"1001 Jigsaw. Cute Cats",3,111960775,108322675,4
1922560,"Plants vs. Zombies™ Garden Warfare 2: Deluxe Edition",1,29613073568,26041271518,13
1922960,"Labyrinth of Zangetsu",3,1027056452,661925345,36
1923630,"HexTD",2,177754001,45276678,75
1923680,"Mega Mall Story",3,72399050,26693800,64
1923820,"Meowtopia: Expedition",3,934764607,786086378,16
1924140,"ISEKAI FRONTLINE",3,9410911705,1222771226,88
1924430,"Cookie Cutter: Overkill Edition",3,18207105537,2069776545,89
1924490,"Gigantic: Rampage Edition",1,17032987028,15641369545,9
1924680,"MILF Conditioning",3,903121899,751839686,17
1924780,"Arzette: The Jewel of Faramore",3,1986199059,1879225710,6
1924930,"Anode Heart Demo",3,425351751,244918172,43
1925120,"Grimlord Demo",1,4351685362,4123939355,6
1925130,"Grimlord Alpha Test",1,6342550019,6117165265,4
1925320,"Escape Memoirs: Mansion Heist",2,6721827974,3917502268,42
1925560,"Tricking 0",1,5398934227,3011107569,45
1925970,"SIMULACRA 3",2,3279325657,3111031877,6
1926270,"Bloodhound",3,29391242347,14181349716,52
1926620,"Backrooms: Lost Tape",3,12437659504,12209177723,2
1926630,"Waves Running Simulator",3,101839757,26129263,75
1926680,"FUCK PUTIN",3,530014717,452304896,15
1927540,"The Hidden Ghost",3,439405661,47490424,90
1927710,"Supreme Race on Highway",3,76044254,26979155,65
1927720,"Monument Valley",3,511162276,246621198,52
1927740,"Monument Valley 2",3,509694015,279470492,46
1927780,"Galaxy Life",2,193742524,101295543,48
1927920,"Real Feel",3,12469732675,7529249804,40
1928090,"Cook Serve Forever",1,3730564645,3265196859,13
1928420,"Farlight 84",2,11822936867,11389148053,4
1928870,"Minecraft Legends",2,12247047565,11819881141,4
1928940,"Wild Adventures",3,182741607,106083775,42
1928980,"Nightingale",3,55222667189,54430124938,2
1929290,"Bits & Bops",3,3968131367,1183869936,71
1929370,"Who's Lila? Soundtrack",3,164205346,161538138,2
1929610,"Demonologist",1,16459492704,15805090670,4
1929870,"Nomad Survival",3,132432766,96195369,28
1930160,"1001 Jigsaw American Puzzles",3,297054820,290689865,3
1930440,"Who Is The Red Queen?",3,382702204,273169554,29
1930580,"Devil's 5 Days Mischief Game",3,2440110909,1816054453,26
1930600,"Beautiful Mystic Survivors",2,3715584025,2721056117,27
1931020,"Slayers X: Terminal Aftermath: Vengance of the Slayer",2,2341914685,1110433615,53
1931690,"Azure Striker GUNVOLT 3",3,5367030490,5343062226,1
1931730,"Fort Solis",3,11794166301,6309360835,47
1931770,"Chants of Sennaar",3,632093719,546109495,14
1932160,"Neptunia: Sisters VS Sisters",3,13819606166,12761871094,8
1932260,"No Creeps Were Harmed TD",1,565430526,265602556,54
1932330,"Tobor Party",0,125121415,64105994,49
1932570,"Jaded",3,1247237592,416584576,67
1932640,"Suikoden I&II HD Remaster Gate Rune and Dunan Unification Wars",3,10991660695,9748554781,12
1933650,"The Imperial Gatekeeper",2,132782110,116159306,13
1933660,"Demons Roots",2,2487752908,2282345019,9
1933840,"Moon Mystery",3,15910773158,15504223151,3
1933980,"Pool Slide Story",3,82771761,33796800,60
1933990,"Burger Bistro Story",3,220956885,37431414,84
1934570,"South of Midnight",3,88924916483,69550284623,22
1934680,"Age of Mythology: Retold",2,26815009127,16070359172,41
1934780,"VEILED EXPERTS",1,18173622537,12589670680,31
1935660,"Chop Goblins",3,924326038,427747628,54
1937500,"Let's School",3,2102495599,706453476,67
1938010,"WILD HEARTS™",1,73545511134,73390468416,1
1938090,"Call of Duty®",2,97894274843,96827981680,2
1938460,"Masterchef Chinese Food Edition",3,145177949,41966525,72
1938570,"Cursed to Golf Demo",2,1746949237,921530506,48
1938800,"Alone in the Dark Prologue",3,17253743122,9072317296,48
1939160,"Shadows Over Loathing",3,675513267,586060970,14
1939970,"Nobody Wants to Die",2,28321518211,26855007812,6
1940260,"One Btn Bosses Demo",2,403732183,149535098,63
1940310,"Ellisar",3,10499924307,3992169975,62
1940340,"Darkest Dungeon® II",0,4140996850,3894743922,6
1940980,"Fortress Building Puzzle",3,117444368,32937729,72
1941110,"Higurashi When They Cry Hou - Rei",2,2064050285,1865887333,10
1941410,"The Cub",3,11391081574,1946309623,83
1941540,"Mafia: The Old Country",2,48503433764,42058070169,14
1941560,"FROGUE Demo",2,75649702,64575152,15
1941780,"Zumbi Blocks 2 Open Alpha",2,210115492,87572175,59
1942030,"Nero Score - PC benchmark & performance test",3,265749038,145874317,46
1942110,"Bootstrap Island",3,18872373726,18721885790,1
1942120,"The Complex: Found Footage",2,1806611023,1728915509,5
1942140,"Eastern Europe Truck Simulator",3,272440872,102432217,63
1942280,"Brotato",2,218966925,160986338,27
1942660,"WWE 2K23",0,83327422153,82530127776,1
1943760,"Furry Cyberfucker",0,371774545,191577871,49
1943950,"Escape the Backrooms",0,20994486820,20922312323,1
1944240,"Touch Some Grass",3,575297727,276054841,53
1944430,"Amnesia: The Bunker",3,17988007342,9604167732,47
1944570,"Boneraiser Minions",0,160423428,149541791,7
1944790,"Train Sim World® 3",3,48345922489,47376373019,3
1945250,"Blacktop Hoops",3,9079855138,4139944041,55
1946140,"Jigsaw Puzzles Infinite",1,932012090,854928847,9
1946160,"Fallout 4: Creation Kit",3,47736429804,41028734110,15
1946180,"Skyrim Special Edition: Creation Kit",2,20071822073,17036028695,16
1946430,"Garage: Bad Dream Adventure",3,558832410,331688893,41
1946550,"Toilet Chronicles",3,286925261,204986506,29
1946700,"Layers of Fear",1,18694912066,18474249637,2
1946970,"Isle of Arrows",3,126811665,58481941,54
1946990,"Astrocat: Milky Way Journey",3,125665250,35421399,72
1947500,"The Walking Dead: Saints & Sinners - Chapter 2: Retribution",3,58664736669,57894258593,2
1947520,"Backrooms Exploration Demo",2,3138076339,1546819515,51
1947530,"Fidget Spinner RPG",0,1212068330,937013862,23
1947770,"水银疗养院 Demo",2,1208519541,459566983,62
1948280,"Stacklands",3,655333334,235531354,65
1948300,"Help Bipboop",3,262717216,129295867,51
1948430,"Planet S",3,264304320,179236122,33
1948700,"GunSoul Girl 2",3,23386964795,11691905886,51
1948800,"Yi Xian: The Cultivation Card Game",1,920731084,771359466,17
1948980,"大侠立志传",2,2146596608,1887082278,13
1949030,"Sherlock Holmes The Awakened",3,28033070341,27755484366,1
1949190,"Necrosmith",2,1116426524,173304388,85
1949740,"Banana Shooter",0,1137872841,612446664,47
1949960,"Super Kiwi 64",3,638511659,239043284,63
1950440,"Mage and Monsters",3,305726127,59160361,81
1951230,"Pizza Possum",3,915502963,206199842,78
1951780,"Jumping Jazz Cats",3,2308032019,1910694440,18
1952360,"Truck World: Driving School",3,10245451983,9930432530,4
1952410,"Metal: Hellsinger Demo",2,3598725642,2117752587,42
1952540,"Voltaire: The Vegan Vampire",2,3270419411,2924574775,11
1952610,"Moonscars Demo",2,444829800,218558409,51
1952920,"Strikers Club",3,1160718927,983065952,16
1953520,"WRC Generations – The FIA WRC Official Game",3,50559886732,37472638005,26
1953780,"純愛貓娘的同居生活",3,2033834479,757378825,63
1954200,"Kena: Bridge of Spirits",1,25123216230,24952475206,1
1955000,"3D PUZZLE - Alchemist House",2,3602911886,1933180100,47
1955230,"Penny’s Big Breakaway",3,2951987398,2542620276,14
1955330,"Save Room - Organization Puzzle",1,505396686,243051068,52
1955800,"TRANSFORMERS: EARTHSPARK - Expedition",3,6393061499,6159598792,4
1955830,"TouhouHeroofIceFairy",0,3595456669,3480356090,4
1956040,"Kingdom Eighties",3,2083889841,1187889769,43
1956430,"Terminal Velocity™: Boosted Edition",3,164570452,79024137,52
1957230,"Employee of The Month",2,1577518687,738068339,54
1957780,"Ghosts of Tabor",3,18786902775,10074765202,47
1958220,"WitchSpring R",3,14937238409,7292728301,52
1958340,"Cube Chaos",3,119868845,54595756,55
1959140,"Diesel Legacy: The Brazen Age",3,3807686363,3781189460,1
1959390,"Fear the Spotlight",2,893962865,494897520,45
1959580,"Supermoves: World of Parkour",2,16199177652,7544971522,54
1959960,"Burg",3,230014127,47383732,80
1960030,"Arctic Awakening Demo",2,2935199607,1385974342,53
1960110,"Silent Hope",2,2495088496,2357508261,6
1960150,"Baladins Demo",2,417788931,257027431,39
1960410,"Midnight Fight Express Demo",2,1346566961,1160710169,14
1960420,"SIGNALIS Demo",3,399694408,304626941,24
1960480,"AutoForge",3,94625293,58051512,39
1960590,"I Am Sakuya: Touhou FPS Game",3,418309811,249330433,41
1960630,"Cursed 2",3,411199599,405639168,2
1960920,"Zetria",1,398124255,83365920,80
1961160,"Cats Love Boxes",3,680257061,507922733,26
1961350,"Tyrant's Blessing Demo",2,1143841158,654042017,43
1961390,"Sakura Succubus 6",0,430150732,345492734,20
1961460,"PROJECT: PLAYTIME",2,10153229555,9923419762,3
1961480,"3D PUZZLE - Farm House",2,7246515619,4811811023,34
1961520,"FIND ALL 3: Travel",3,394071842,309355912,22
1961950,"CHAOS;HEAD NOAH",2,10006479810,9505114260,6
1962250,"PERISH Demo",1,10991875268,6086254682,45
1962430,"Monochrome Mobius: Rights and Wrongs Forgotten",2,30083900154,28242474136,7
1962450,"RitualSummon",1,877337396,369390005,58
1962700,"Subnautica 2",3,15588431057,13793714250,12
1962890,"IN HEAT: Lustful Nights",1,2016555430,1789665461,12
1962920,"けものフレンズ Cellien May Cry",3,2072630859,1720437312,17
1963040,"The Lost Village",1,14297499482,7389506422,49
1963210,"VALKYRIE ELYSIUM",3,19954371826,19461045154,3
1963510,"Herald of Havoc",0,1455059898,880645506,40
1963570,"Cuisineer",3,3117183526,1904279367,39
1963610,"Road to Vostok",3,5946111106,3316781056,45
1963660,"Neodori Forever",0,607735508,309229978,50
1963720,"Core Keeper Dedicated Server",3,454673601,173382676,62
1964040,"Do Not Feed the Monkeys 2099",2,1989237992,1453748911,27
1964200,"Phantom Rose 2 Sapphire",3,554620215,353699784,37
1964220,"MergeCrafter",3,270150302,69087388,75
1966100,"LAY",3,9468757918,5390594048,44
1966350,"Selaco Demo",3,271951871,257888281,6
1966720,"Lethal Company",3,1331873513,536981014,60
1966900,"20 Minutes Till Dawn",3,131988224,59167112,56
1967100,"Ceramic Soul",3,4579317971,1680321614,64
1967180,"Public Bounce",3,1752492026,231890402,87
1967260,"Double Dragon Gaiden: Rise Of The Dragons",1,2930395055,1104967775,63
1967430,"Ghost Trick: Phantom Detective",3,6111174574,5925743132,4
1967460,"Wicked Engine",2,605158628,358884280,41
1967630,"Survival: Fountain of Youth",3,24391644144,13772421568,44
1967840,"Eshe's Wish Adventure",3,7184070917,7034242848,3
1968040,"Life on the Edge",2,775657406,295841386,62
1968340,"Project Gunship",0,5123922589,3443578131,33
1968730,"Bounty of One",0,2040806173,644407992,69
1968840,"Scarlet Maiden",3,579971018,163004475,72
1969080,"A Building Full of Cats",2,127613503,103632445,19
1969100,"MIGHT'N MOW'EM: CO-OP SURVIVORS ONLINE",3,434794522,107764985,76
1969150,"Formula Bwoah: Online Multiplayer Racing",0,567096025,289170749,50
1969370,"LEGO® Party!",1,8434363145,7696647727,9
1969440,"Sunday Gold",3,6472067937,5122618000,21
1969850,"Downpurr",3,111980111,76382215,32
1970060,"Tomboy Adventure",2,1077439712,456695577,58
1970580,"Backpack Hero",3,644939191,211910791,68
1970980,"Warlord: Britannia",2,7026113345,2468947363,65
1971650,"OCTOPATH TRAVELER II",3,7938319601,7468667310,6
1971750,"New Year's Eve Miracle",2,170140178,124422311,27
1971870,"Mortal Kombat 1",1,135938938788,125931583830,8
1972440,"Shotgun King: The Final Checkmate",2,99755515,92352405,8
1972710,"Ever Seen A Cat? 2",3,77390296,70549504,9
1973450,"Personal Space",2,133768995,119304219,11
1973530,"Limbus Company",2,5457478254,3063692846,44
1973710,"ヘブンバーンズレッド",2,17591718584,16686346750,6
1974050,"Torchlight: Infinite",3,20484392611,19875143447,3
1975120,"The Lost Dachshund",3,938499962,277289781,71
1975360,"DRAINUS",3,208005439,141588186,32
1975440,"Under The Waves",0,9328376027,7608224803,19
1975520,"Astronomics",2,955200339,314487119,68
1976230,"Outnumbered",3,495490243,204976349,59
1976440,"CounterSide",3,12474767738,11299895976,10
1976490,"ShadowBringer",3,1474937887,1378879559,7
1976560,"Rogue AI Simulator Demo",3,283702015,221921268,22
1976950,"Desktop Dungeons: Rewind",3,675092541,335724802,51
1977170,"Jusant",3,9448372258,4151313770,57
1977530,"One-armed cook",3,483422947,379860224,22
1978100,"Grand Prix Story",3,74395410,29873608,60
1978590,"Anger Foot",2,14714494484,5853073824,61
1978760,"Mayonnaise Simulator",3,54075752,20201433,63
1978800,"AQtion",3,507712071,494385488,3
1979310,"VEILED EXPERTS GLOBAL BETA",3,15032007078,7964618038,48
1979440,"SAND LAND",3,18889187046,15734874978,17
1979930,"FreedroidRPG",3,263199023,239651803,9
1980530,"Kiwi Clicker - Juiced Up",2,550710436,154171405,73
1980920,"DPET : Desktop Pet Engine",0,295632262,171563758,42
1981300,"Shadow Racer",3,4497157920,2204481434,51
1981610,"Wanted: Dead",3,35703927867,35147378572,2
1981820,"Strike Force Heroes",2,4828068869,1520045183,69
1982150,"RWBY: Arrowfell",3,4957900430,2284240873,54
1982340,"Blanc",3,1019889462,824033632,20
1983220,"Ugly",3,11145373670,1105526477,91
1983260,"Dungeons of Hinterberg",3,8657114348,3448021318,61
1983580,"There Swings a Skull: Grim Tidings",1,634190603,537227540,16
1983600,"TYPER GIRL",3,292456860,138122767,53
1983680,"Knight Crawlers Demo",2,2400460161,952653508,61
1983850,"NEOGEO POCKET COLOR SELECTION Vol.2",3,1019847480,997428126,3
1983970,"Affogato",2,5551711968,2536275654,55
1983990,"Nexus 5X",3,2254915692,1299827986,43
1984270,"Digimon Story Time Stranger",3,32059971731,28257261029,12
1985050,"Field of Glory: Kingdoms",3,9477841176,4537946519,53
1985170,"Warhammer 40,000: Warpforge",0,1262435356,1172501616,8
1985690,"The Looker",3,1902985401,716122364,63
1985810,"Call of Duty®: Black Ops Cold War",1,119526581332,119091591560,1
1985820,"Call of Duty®: Vanguard",3,60145627808,59379689388,2
1986140,"Last Time I Saw You Demo",2,993345143,410554328,59
1986760,"Police Stories: The Academy",3,460159771,325652935,30
1986780,"MetälBörn",3,1020790286,928978497,9
1986840,"POPGOES Arcade",3,213963538,191449088,11
1986880,"Growing My Grandpa!",3,54410357,45670346,17
1987080,"Inside the Backrooms",2,12733260904,7871202986,39
1987120,"Arclight Beat",3,340834848,129155072,63
1988540,"The Zachtronics Solitaire Collection",1,592772909,503379968,16
1988750,"Project Crypt",3,1357492894,1304334249,4
1988930,"Syndeo-Complex",3,753263842,607127377,20
1988940,"からぱりうぉーず",3,700158365,158581116,78
1989070,"Synergy",2,4501399645,1695908839,63
1989270,"Slay the Princess — The Pristine Cut",3,13001375912,12562951798,4
1989850,"Presenter Slides™",3,166906477,70270395,58
1989990,"Touhou Crisis",2,359261370,210815577,42
1990050,"Creature Crafter",0,505177876,407558638,20
1990110,"SpellRogue",1,2746542086,1454737699,48
1990310,"3D PUZZLE - Castle",2,2396287273,1736861628,28
1990740,"Barro GT",3,2953912992,1133815087,62
1991040,"学生时代",0,3467982980,3288554682,6
1991570,"Arruyo",3,2987159850,2896322485,4
1991830,"Click Lovers",3,119613194,88576425,26
1992120,"Gamebook Edgar A. Poe: The Oval Portrait",3,376607372,285246648,25
1992320,"Sons of Valhalla Demo",2,1114199668,302749377,73
1992370,"FURRY HITLER",3,770959139,143433852,82
1992850,"Cyrah's Ascent",3,2739368558,2617610240,5
1993180,"Quilts and Cats of Calico",3,1085591778,823813363,25
1993910,"Holy Shit",1,7384280,2990740,60
1994370,"我的幻想乡",0,13476453493,13324984333,2
1995590,"The Block",2,101510683,53410697,48
1995870,"Pixel Survivors : Roguelike",2,926286886,241028757,74
1996010,"Crow Country",3,1308263602,461863152,65
1996120,"Mega Knockdown Demo",3,869986887,255430378,71
1996430,"Dicefolk",2,389397962,230437046,41
1996630,"Dungeon Keeper Gold™",2,1130354383,755612155,34
1996770,"Turok 3: Shadow of Oblivion Remastered",3,1270514932,830932474,35
1997040,"MARVEL SNAP",0,3377124508,3167492915,7
1997060,"Fly By Knight",3,229474892,49572976,79
1997080,"Just A Humble Swordsmith",3,107045723,29520024,73
1997660,"GreedFall: The Dying World",1,70487852080,68563974822,3
1997670,"Treats Please!",3,108134494,63237735,42
1997680,"REFLEXIA Prototype ver.",3,256678561,176764950,32
1997780,"Iron Order 1919",3,219354768,98105652,56
1998340,"Labyrinth of Galleria: The Moon Society",3,15764880856,14409625600,9
1998450,"Black & White",3,9389168679,3097340720,68
1998530,"Yoiyami Dancers: Twilight Danmaku Dancers",3,427514289,408854528,5
1999170,"虫潮",3,9150206517,4419744542,52
1999360,"Placid Plastic Duck Simulator",2,1124581347,910188344,20
1999410,"Turbo Golf Racing Demo",2,3278453105,1449352491,56
1999530,"CATO: Buttered Cat Demo",3,835790670,446299081,47
1999740,"THE BUTTON by Elendow",3,83218981,39242386,53
1999770,"Atelier Ryza 3: Alchemist of the End & the Secret Key",3,47470906783,29360808868,39
2000100,"Life is Strange: True Colors Demo",3,11570399315,11173596412,4
2000660,"IN HEAT: Lustful Nights Demo",1,1450574592,1242715369,15
2000800,"B-17 Flying Fortress : The Mighty 8th Redux",3,1412298069,1007674086,29
2000890,"MechWarrior 5: Clans",3,75247179498,74076864196,2
2000950,"Call of Duty®: Modern Warfare®",2,148704107676,146033581473,2
2001060,"Nine Lives or Less",2,93305489,45431704,52
2001070,"Heart of the Machine",0,4051906318,2478305129,39
2001120,"Split Fiction",3,94123431458,84165213189,11
2001760,"Beast of Reincarnation",3,34156584452,33617423698,2
2002220,"Keeper's Toll",3,1527101090,277166637,82
2003840,"FarmingCat",3,371233955,80427756,79
2004310,"Robotry! Demo",2,222023656,94780376,58
2004360,"Hell Division",3,6269534688,2629818513,59
2004440,"Pocket City",3,343346977,177220261,49
2004470,"Craftomation 101 Demo",3,226141223,205000866,10
2004490,"Furry Cyberfucker II",3,694198727,157599908,78
2004670,"Frebbventure",0,909939919,864016030,6
2004680,"Voidling Bound",0,13990095424,12920088218,8
2005010,"Warhammer 40,000: Boltgun",0,4583602528,4488230242,3
2005050,"Dance Dash",3,3306514106,1374462301,59
2005090,"EVOTINCTION",2,14204794466,8859692168,38
2005210,"Void Scrappers",0,177426496,170983586,4
2005870,"House of Necrosis",3,316361645,190442878,40
2005950,"The Rabbit's Scroll",3,769837261,674138840,13
2006140,"Withering Rooms",2,4761454916,3045660531,37
2006330,"Fungiman",0,290000517,159565573,45
2008340,"Anger Foot Demo",3,3031831435,895929792,71
2008510,"Go Mecha Ball",0,6987632437,5679001962,19
2008920,"Lorelei and the Laser Eyes",3,1270119745,733297371,43
2009010,"My Furry Protogen 🐾",3,233055609,198954962,15
2009100,"Immortals of Aveum™",3,60778230664,60140316552,2
2009350,"Out of Ore",2,15882847137,15716362336,2
2009380,"They Don't Sleep",3,218413959,156299271,29
2009950,"Occult Rewrite",3,566610804,477786899,16
2010110,"QUICKERFLAK_RUTHLESSMOD",3,209702578,175345762,17
2010150,"Blast Off Far Away",3,84513106,73232568,14
2010170,"Kogarashi",3,1198473997,1124444019,7
2010370,"The True Love Rings",3,863650237,235864142,73
2010430,"Shred & Tear Early Prototype Demo",2,1682192480,1513566225,11
2011780,"Yellow Taxi Goes Vroom",3,2442967932,555382934,78
2012320,"Parallel Experiment",3,2198834016,1697587055,23
2012510,"Stormgate",2,9077946146,7836349368,14
2012840,"Portal with RTX",3,20889360043,15417709457,27
2013360,"The Oregon Trail",3,1022115699,881187714,14
2013570,"Cult of the Lamb Demo",2,1253966447,1016399051,19
2013730,"Gourdlets",3,237479368,177471488,26
2013900,"100 hidden turtles",3,89391613,62451871,31
2014380,"LIVE A LIVE",3,5030161567,4740327879,6
2014640,"The Many Pieces of Mr. Coo Demo",3,581607509,278469633,53
2014780,"X-Plane 12",3,116048557405,80581783017,31
2015240,"Dwarven Realms",0,18625466913,18433851190,2
2015300,"Soulstice Demo",2,7543807182,7396903650,2
2015350,"Paradox of Hope Demo",2,5760585433,3135007963,46
2015960,"Parcel Corps",1,12582166824,7742688585,39
2016410,"Arali",3,363237707,324568419,11
2016460,"Tales of the Shire: A The Lord of The Rings™ Game",1,2917080865,2638603823,10
2016590,"Dark and Darker",0,9527920167,9274746306,3
2017080,"Nickelodeon All-Star Brawl 2",3,13482838934,7260313575,47
2017610,"CORPUS EDAX",3,9299277560,4064222218,57
2017640,"Sakura Gym Girls",0,304950148,222436814,28
2018490,"Veggie Menace",3,410415186,378646048,8
2019300,"Dokimon Quest",3,81495950,68847694,16
2019620,"GERONIMO",3,28712432626,28385485772,2
2019640,"Solitude Underwater",3,1244768444,362130305,71
2019680,"LEWD GYM",2,3289984358,3040211655,8
2019810,"Boxes: Lost Fragments",3,3701585551,3225668507,13
2019830,"The Backroom - Lost and Found",2,743468245,661158267,12
2019930,"Frogun Demo",3,925394883,278827411,70
2019990,"Yars: Recharged",3,482932822,171798486,65
2020030,"Tails Noir Preludes",3,1082024038,948144374,13
2020370,"FOUNTAINS Demo",2,135835176,101130240,26
2020380,"Astrocat: Skylar´s Memories",3,105210415,37628428,65
2020710,"Havendock",2,978834322,441282564,55
2020860,"Rush Rally 3",2,479494964,270138376,44
2020930,"Cat Lovescapes",3,582096712,164430785,72
2021210,"DRAGON QUEST TREASURES",3,6645953055,6413358957,4
2021490,"subROV Demo",3,2575379811,1012843521,61
2021690,"Sakura Alien 2",0,328952441,246021154,26
2021710,"Sakura Succubus 7",0,333609757,249615695,26
2021880,"Ara History Untold: Anniversary Edition ",1,37255571549,23459858574,38
2021910,"FPS Chess",3,1140911576,386627032,67
2022180,"Miss Neko 3",3,793589184,302558398,62
2022270,"Bakso Simulator",3,690709697,165817615,76
2022670,"SONIC SUPERSTARS",3,12964301562,11144445161,15
2023360,"The Last Case of Benedict Fox Definitive Edition",3,8972102756,7743526615,14
2023870,"My Naughty Summer Vacation ~Days in Countryside and Memories of Summer~ Demo",0,681944160,323043834,53
2024230,"Project Lazarus",2,3516220716,2246460242,37
2024390,"Mato Anomalies",3,17082534198,8215404302,52
2025520,"Jump The Gun",2,581193752,75200080,88
2026000,"Our Adventurer Guild",2,3833907522,1782126446,54
2026820,"Die in the Dungeon",3,785189043,166437437,79
2026990,"Tvö",2,3104457595,2013551891,36
2027330,"GoreBox",3,536526317,386173639,29
2050650,"Resident Evil 4",0,67663963710,66649195218,2
2050710,"Narin: The Orange Room",2,6206835896,3035987056,52
2051010,"プロ野球スピリッツ2024-2025",0,41080329061,40735472880,1
2051120,"HOT WHEELS UNLEASHED™ 2 - Turbocharged",3,23665010786,23264762998,2
2051620,"Enlisted",2,52383406994,51679171795,2
2051860,"A Building Full of Cats Demo",2,93188466,72318976,23
2052380,"3D Massage",3,2007011561,840163278,59
2052410,"WITCH ON THE HOLY NIGHT",3,17703510703,13015878173,27
2052460,"ENF Novels: Cold Night",3,505705225,448730217,12
2052990,"My Lovely Empress",0,1603906345,1177571448,27
2053910,"Isopod: A Webbed Spin-off",2,2069121188,1720560692,17
2054810,"Tennis Club Story",2,85250485,43871680,49
2054970,"Dragon's Dogma 2",1,66692577655,66310028957,1
2055290,"Sonic Colors: Ultimate",3,34922839056,27816896361,21
2055500,"Repetendium",2,258083805,206786819,20
2055910,"Poosh XL",3,170813694,108750284,37
2056220,"Bloody Hell",3,467079806,67122466,86
2056560,"Rock Life: The Rock Simulator",3,4034015564,2322658102,43
2057080,"Resonance of the Ocean",3,147209654,74027085,50
2057430,"The Wraith of the Galaxy",3,5635338200,1603154915,72
2057760,"Esoteric Ebb",3,7159740135,1250244965,83
2058140,"Henry Halfhead",1,551602721,433122210,22
2058180,"Judgment",3,36068134234,32583498280,10
2058190,"Lost Judgment",3,64935472196,59012492387,10
2059170,"Quasimorph",2,1340624924,499024477,63
2059660,"Cavern of Dreams",3,254484545,147040753,43
2059670,"Moss II VR",2,7656448586,7426786040,3
2060130,"Return to Monkey Island",3,4604864840,4543025576,2
2060160,"The Farmer Was Replaced",3,195518955,71825264,64
2060750,"Star Survivor",2,756387251,291686867,62
2060870,"Invincible Presents: Atom Eve",1,2320131543,2224458232,5
2061230,"Chasm: The Rift",3,1038245698,772647170,26
2061250,"Shin chan: Me and the Professor on Summer Vacation The Endless Seven-Day Journey",0,2595297878,2505552819,4
2061430,"Oxygen",2,970203608,908752549,7
2061440,"Oxygen: First Breath",3,778089289,706606757,10
2062120,"Resident Evil Village Gold Edition Gameplay Demo",1,7317829553,6969287520,5
2062430,"BALL x PIT",3,527233144,234135269,56
2062930,"Owinka Shooter",3,378544211,235393597,38
2063180,"The Tower on the Borderland",2,465266195,222010552,53
2064650,"Tower of Fantasy",2,58488256982,54980149692,6
2064800,"ENDLESS™ Dungeon – Closed Beta",0,11161219159,7617771725,32
2064870,"Deceit 2",3,14238890935,12321322199,14
2064920,"V.A Proxy Demo",3,2548457104,2285613069,11
2065810,"Undead Horde 2: Necropolis",2,620535907,362089680,42
2066020,"Soulstone Survivors",3,4377170282,1434209650,68
2066270,"Return to the Skyway",3,204367390,177781894,14
2066510,"Backpack Hero Demo",0,599518000,230420043,62
2067050,"Squirrel with a Gun",3,3027844315,2888241586,5
2067350,"Phantom Breaker: Battle Grounds Ultimate",3,1716952564,1555311744,10
2067920,"Rogue : Genesia",2,2408527608,1255917149,48
2068280,"Nordic Ashes: Survivors of Ragnarok",3,555348713,462379013,17
2068370,"My Agent is a Futanari",0,158855926,94307468,41
2068560,"Cooper's Cleanup",3,25410206,20560266,20
2068710,"Hot Lap League: Deluxe Edition",3,753448437,601637749,21
2069640,"Hero's Journey",3,7512614289,7318077730,3
2070550,"A Castle Full of Cats",2,495058735,398634912,20
2071040,"DRIVE DRIFT X（ドライブドリフトX）",0,215285993,166412670,23
2071280,"Ravenswatch",3,5070514244,2065830922,60
2071500,"Islands of Insight",2,18328898878,18080758032,2
2072170,"Shiny Ski Resort",2,85140486,44506261,48
2072360,"Delicious Dungeon",2,7441550919,2793218627,63
2072450,"Like a Dragon: Infinite Wealth",2,81412174048,76805047804,6
2072560,"DRAGON BALL GEKISHIN SQUADRA",3,8214767450,8143493898,1
2072850,"Yellow Taxi Goes Vroom Demo",3,1270872275,300967875,77
2072980,"FINAL KNIGHT",3,2590679624,897117692,66
2073030,"Priestess Lust",2,895812200,227836458,75
2073250,"Rift of the NecroDancer",2,3227156924,2940733855,9
2073410,"Froggy's Farm & Friends",3,1362961671,470667733,66
2073470,"Kanjozoku Game レーサー Online Street Racing & Drift",2,2481852206,1386864533,45
2073620,"Arena Breakout: Infinite",3,79356855569,77177574056,3
2073850,"THE FINALS",2,54982694135,35109107589,37
2074620,"Ars Notoria",0,8586321402,8366769477,3
2074700,"Bloom: Roots of Renewal",3,206275717,142414504,31
2074920,"The First Descendant",1,47413697147,46730292134,2
2074930,"The First Descendant Crossplay Beta",3,21968057642,21546454637,2
2075070,"KinitoPET",3,837764504,589638922,30
2075730,"Call of Duty®: Modern Warfare® II - Open Beta",3,21573835871,21161201961,2
2075800,"STAR WARS Zero Company™",3,42592314580,37620118690,12
2075910,"Affogato Demo",3,2972797406,906896554,70
2076010,"UNDER NIGHT IN-BIRTH II Sys:Celes",3,16660425948,4674976227,72
2076040,"THE FINALS PLAYTEST",3,15032755321,7162689119,53
2076520,"Death In Abyss",2,308579746,262796272,15
2076580,"Pepper Grinder",2,211824163,164462592,23
2076720,"Prostitute Simulator",3,2612711193,956254559,64
2076800,"Han'yo",3,1124500758,1086756990,4
2076840,"Utomah",3,979171073,848215927,14
2077870,"My Dad Left Me",3,1310896335,1199967652,9
2078230,"Badlands Crew - Drive, Command, Conquer",3,5416199048,1574170464,71
2078350,"Bluey: The Videogame",2,4490010528,793715221,83
2078450,"Warhammer 40,000: Speed Freeks",2,16354926536,16199849510,1
2078510,"VIVIDLOPE",0,608569174,454931125,26
2078890,"Dark and Darker Playtest",3,9524518131,9287013933,3
2079120,"Warudo",3,4847552887,2365039235,52
2079540,"The Palace of Unrest",3,2336175279,2236190623,5
2080180,"Go Home Annie Demo",2,11483563891,6492001724,44
2080400,"Asterigos Demo",3,5792205446,4922320029,16
2080640,"First Date : Late To Date",2,5633703392,5360800144,5
2080690,"Sunkenland",2,6313165964,4107317588,35
2080820,"SquadBlast",1,857284987,682850122,21
2081080,"Capes",3,2996027550,2486865157,17
2081970,"Swirl W@tch",1,1029941301,868933585,16
2082470,"VEIN Demo",2,49801867179,24366746014,52
2082750,"ZERO Sievert Demo",2,205615803,133562439,36
2083160,"Disfigure",3,1395654657,709811564,50
2083180,"Cat Herder",3,641601500,402985105,38
2083210,"Super Woden GP 2",2,2477545728,729138518,71
2083240,"Asterogues",2,500713639,133907773,74
2083250,"RUKIMIN's Disappointing Adventure! ~SHOBOMI AND THE PHANTOM RUINS~",2,271674772,64922073,77
2084050,"Unsolved Case",2,1135831702,247007172,79
2084930,"Ever Seen A Cat? 3",3,72664360,65470464,10
2084940,"Mysterious School",3,2363912125,2197180864,8
2084970,"Etheria: Restart",3,16522385527,13146184738,21
2085160,"Buy Hyacinths",3,325633311,163159571,50
2085320,"Meow Defence",2,405690992,331795312,19
2085370,"Classified: France '44",2,25267667962,16048755071,37
2085540,"Stick It to the Stickman",3,5636457835,1010141471,83
2085560,"Stick It to the Stickman Demo",3,5116041494,889222153,83
2085860,"Cat Dungeon",3,243747481,110631901,55
2085920,"TYRONE vs COPS VR",3,2815888474,1106716853,61
2086430,"NIMRODS",3,988958579,297987246,70
2086680,"Castle Craft",3,2382768806,2198861492,8
2087030,"Shatterline",3,20157233082,19315651524,5
2087610,"UFO: Unidentified Falling Objects",2,103684796,75878466,27
2088080,"KEEK",3,229013834,80150206,66
2088270,"My Sticker Book",3,246709428,170898632,31
2088570,"Tiny Rogues",3,295165322,168374876,43
2088630,"Airport Ground Handling Simulator VR",3,5560880426,4907695831,12
2088760,"Little Nightmares III - Demo",3,8503284926,7478814269,13
2088840,"Picayune Dreams",2,933205649,878792211,6
2089350,"Hatsune Miku Logic Paint S",2,1143768835,552084678,52
2089490,"雛ちゃんブレイカー2ndBreak",2,212789477,156690175,27
2089510,"An Opportunity",3,197612574,73877108,63
2089600,"Urban Myth Dissolution Center",2,2249016327,499248302,78
2090230,"SCP: Containment Breach Remastered",3,588476443,470829708,20
2091220,"Kach",3,455973687,167593304,64
2092750,"Tina & Rook! Cookie Quest!",2,180394463,49015087,73
2092990,"SKALD: Against the Black Priory Demo",2,421854848,233032649,45
2093000,"Homeseek",3,8801385448,4477616688,50
2093150,"A Webbing Journey Demo",2,441936800,244035967,45
2093760,"Nekomancy",2,175267451,60274061,66
2093900,"Island Cities - Jigsaw Puzzle",3,429949873,157448447,64
2093910,"Time Walker: Dark World",2,224858611,82333502,64
2093940,"vivid/stasis",2,2150354222,2021241237,7
2094320,"Escape First Alchemist ⚗",3,7673985875,4025301449,48
2094340,"Legend of Zero",3,127395582,116630741,9
2094910,"Pile Up!",2,847414039,296010276,66
2095290,"Theseus Protocol",0,1254834705,1108536889,12
2095300,"飞越13号房",1,23706158827,23530150927,1
2095340,"Road 96: Mile 0",3,8301416764,4944702604,41
2095450,"Tiny Tactics",3,2443513607,996720006,60
2096510,"The Ouroboros King",3,848476256,130411204,85
2096570,"A Fisherman's Tale 2",3,7419635546,7233986354,3
2096600,"Crysis 2 Remastered",3,57383881107,48776258082,16
2096610,"Crysis 3 Remastered",3,19297665209,17865434851,8
2097490,"DESORDRE : A Puzzle Game Adventure",1,3239141299,3107255406,5
2097570,"StarVaders",3,889596432,624073791,30
2097620,"幻梦骑士",3,942262925,425381074,55
2097750,"AOISHIRO HD REMASTER",3,3146540807,2884846091,9
2098350,"Escape Memoirs: Mini Stories",3,7996298897,3998218048,50
2099080,"Hidden Cats in London",3,1856947661,351912580,82
2099110,"The Classrooms",3,12949402844,5570603428,57
2100160,"MotoGP™23",1,24218969587,23898913205,2
2100280,"World of Tanks: HEAT",2,23679060381,21162405238,11
2100780,"Spin Time",3,1371692660,1255306806,9
2101960,"Cronos: The New Dawn",3,24976502208,23255424896,7
2102020,"Different Strokes",2,105058933,52819832,50
2102450,"Enotria: The Last Song",3,13100327427,12767967628,3
2102750,"Pep-Pel",2,364580575,293386310,20
2103070,"Avani",3,339637989,280018094,18
2103130,"Matchmaking Inc.",3,7525848010,2135542177,72
2103140,"Magicraft",1,1013061494,317632560,69
2103640,"Axis Football 2023",3,4693602866,1657071801,65
2103680,"Mediterranea Inferno",1,1658447018,1406555637,16
2104890,"RoadCraft",3,42035782339,34979572804,17
2105620,"Sektori",2,2932372984,2726614171,8
2105940,"Synthalaxy",3,31970307,23216276,28
2105960,"Beach Island Deluxe",3,1041491315,412081052,61
2106670,"Gatekeeper",3,3438268081,2086435656,40
2106840,"PARANORMASIGHT: The Seven Mysteries of Honjo",2,925245399,712161035,24
2106900,"RIN - The Last Child Demo",2,3889858515,1300575145,67
2107670,"Warhaven",0,24900298168,24347962065,3
2107810,"Marine Survivors",2,339473336,80185644,77
2108180,"Swordhaven: Iron Conspiracy",0,17761189554,13014619758,27
2108330,"F1® 23",3,62554941088,59667632438,5
2109270,"Preserve",1,1299509049,916786212,30
2110460,"Cursed 3",3,142036516,140215652,2
2110650,"Robodunk Demo",3,320712892,200323263,38
2110820,"Granny Remake",3,3785258371,3624751991,5
2111040,"Dead Beacon",0,1313838325,639329263,52
2111060,"The Longest Walk",3,717146669,620423364,14
2111090,"Let's! Revolution!",3,684841736,512350766,26
2111190,"MULLET MADJACK",3,4752418158,3637449502,24
2111630,"JR EAST Train Simulator",2,295536878000,295416220139,1
2111870,"Section 13",0,3160973550,2354602928,26
2113150,"PUSSY 6",3,131071378,48682295,63
2113570,"Ascend: Reborn",0,2444918118,1899098078,23
2113850,"Spirit City: Lofi Sessions",0,2902505257,2694183381,8
2113900,"Touge Shakai",0,1632404297,1236842357,25
2113920,"英雄伝説 黎の軌跡Ⅱ -CRIMSON SiN-",0,16797916907,16755554741,1
2114370,"Takoyaki Party Survival",3,764220656,359229534,53
2114740,"Blasphemous 2",2,4027947103,3674276173,9
2114970,"Skinny & Franko: Fists of Violence",2,4136908968,3054717715,27
2115390,"Project Unknown",3,13310609207,12822537636,4
2116120,"Incursion Red River",2,69930284002,34217189200,52
2116560,"Cepheus Protocol Experimental Branch",0,5807864811,5526331533,5
2117430,"Purrrifiers: Cleaning Chaos (Play for Free with Friend's Pass)",3,24859779038,9525320561,62
2118120,"Kind Words 2 (lofi city pop)",2,930272625,636404104,32
2118480,"Vengeful Guardian Moonrider Demo",2,447361699,350850458,22
2118580,"SuperTotalCarnage!",2,35782763,27463855,24
2118810,"Breachway",2,3596008726,2183002018,40
2119270,"Black Reliquary",3,1890869701,1432990119,25
2119830,"MISERY",0,4139535060,3182526624,24
2120020,"DISDAIN Demo",2,116324630,107819008,8
2120070,"Pro Philosopher 2: Governments & Grievances",0,627901192,249921010,61
2120900,"Fears to Fathom - Carson House",3,6018248798,3140328344,48
2121980,"Void Stranger",3,316424317,266434187,16
2122040,"Dimensional Gears",3,353943574,180959398,49
2122580,"Wild Woods Demo",3,1380942193,1096512840,21
2123100,"喵之旅人",2,1665536042,1568536403,6
2123140,"The Scarlet Demonslayer",2,931422373,816137748,13
2123640,"Hollowbody",3,18042655109,7581672866,58
2124120,"SULFUR",2,1214996931,869218155,29
2124380,"Super Lesbian Animal RPG",3,668008426,654135853,3
2124490,"SILENT HILL 2",3,36658371024,36020653806,2
2124780,"Endoparasitic",3,204938296,123964798,40
2124930,"Gum Ball Run",2,862794233,277660003,68
2125130,"Havendock Demo",2,869534693,397251076,55
2125420,"Zorbus",2,234215025,191989171,19
2126550,"The Outlast Trials Closed Beta",3,28524350118,17273629558,40
2126970,"Legend of Snake",3,127308660,116540621,9
2127010,"Handyman Legend",3,2291454258,118771116,95
2127350,"Journey Express",2,1961900587,950412993,52
2128480,"Staffer Case: A Supernatural Mystery Adventure",2,2341431808,2167951794,8
2129470,"Knights of Pen and Paper 3",2,424981911,274415594,36
2129530,"REANIMAL",3,15661414814,13197428578,16
2129810,"Reignbreaker",3,1650086136,1238493166,25
2130460,"FATAL FRAME / PROJECT ZERO: Mask of the Lunar Eclipse",3,14634379126,8889644008,40
2130590,"PUNCH FIT",3,717047997,608313929,16
2131010,"The Land Beneath Us",3,911289571,547858825,40
2131200,"NeverSynth",3,2328689570,726702962,69
2131630,"METAL GEAR SOLID - Master Collection Version",2,4920091405,4318519486,13
2131640,"METAL GEAR SOLID 2: Sons of Liberty - Master Collection Version",1,16032074023,12644180645,22
2131650,"METAL GEAR SOLID 3: Snake Eater - Master Collection Version",1,18530687664,14657658001,21
2131680,"METAL GEAR & METAL GEAR 2: Solid Snake",3,684128767,382022624,45
2132560,"On Your Tail",1,24673522084,11007490850,56
2132690,"Vivat Slovakia",1,53784703330,25548327304,53
2132850,"Rabbit and Steel",2,407198477,354113278,14
2134320,"ENA: Dream BBQ",0,4131603602,3644344038,12
2134420,"エクストリームバイクX",0,1156153104,1079397788,7
2134770,"SteamWorld Build",3,3280978154,1420636906,57
2135150,"Elin",3,2756285344,1131339841,59
2135320,"Castle Warriors",3,279279587,73345264,74
2136470,"Eraser",0,1797460897,1746651003,3
2136530,"The Entropy Centre Demo",2,4678215077,4563619026,3
2137460,"Jawbreaker",3,9833861107,4178047770,58
2137700,"I'm on Observation Duty 6",3,8312638096,3115536015,63
2137790,"Memory's Abyss (Chapter Zero)",3,462958556,213798644,54
2138090,"Atelier Marie Remake: The Alchemist of Salburg",2,22889320160,15160448257,34
2138570,"Mutants: Genesis",3,1023338233,738283653,28
2138610,"The Legend of Heroes: Trails through Daybreak",2,9842192382,9742795247,2
2138700,"Crypt",1,555084702,175457996,69
2138710,"Sifu",3,32460708269,27007155517,17
2138720,"REMATCH",2,12408665867,12103331246,3
2139020,"What the Fog",2,3027145129,2766328881,9
2139460,"Once Human",0,75500152949,70142667193,8
2140020,"Stronghold: Definitive Edition",3,3938754475,2727281262,31
2140330,"Madden NFL 24",0,58438066482,57666824279,2
2140510,"Town of Salem 2",2,1474014241,1235275476,17
2140850,"Looper Tactics",3,1918286247,540380263,72
2140900,"The Unluckiest Man",3,6138725975,3310606481,47
2141040,"Formula Retro Racing - World Tour",0,1674221257,734495400,57
2141300,"Road to Vostok Demo",2,3700119165,2422606507,35
2141730,"Backrooms: Escape Together",2,12741643828,11645174205,9
2141770,"URBO",3,359376725,262613554,27
2141910,"Magic: The Gathering Arena",0,10623540675,10013184273,6
2142330,"Bud Spencer & Terence Hill - Slaps And Beans 2",1,4091324906,1577402415,62
2142400,"The Riese Project - Prologue",3,6172945440,5993924463,3
2142470,"The Doll's Window",3,313497604,308252495,2
2142790,"Fields of Mistria",0,383902562,251673582,35
2142840,"Light of Alariya",3,2644827016,2367206098,11
2142850,"Conjury Revell",3,2195999642,1925796011,13
2143030,"Cave Crawlers",2,679561042,240048204,65
2143290,"Hidden Shapes - Cat Realm",2,1119089478,363334272,68
2143680,"梦灯花 Noctuary",2,11306879204,8986605834,21
2144040,"Dungeon Golf",3,4304450511,2594575352,40
2144350,"Ubaste",3,446246071,356157569,21
2144590,"Take me, Vitaly",2,4651938493,3139667132,33
2144600,"Eterspire",3,4692659329,1435614739,70
2144640,"Endzone 2",3,6596039638,5023535352,24
2144740,"Ghostrunner 2",2,74549665898,43912411854,42
2145570,"NEBULOUS: Fleet Command Demo",3,1728971272,1394173606,20
2145820,"Pets Hotel Demo",2,5548660130,2368749541,58
2146170,"Baten Kaitos I & II HD Remaster",3,14394853024,13170821860,9
2146240,"Space Tail: Every Journey Leads Home Demo",2,1917947309,936881046,52
2146570,"RKGK / Rakugaki",3,12545074582,12387274054,2
2146640,"Slave Zero X Demo",2,1869192143,978428989,48
2146720,"EON Fighter",2,615777110,491327735,21
2147050,"Jumping Cat",2,190619576,127303627,34
2147380,"Heroes of Science and Fiction",2,4678475903,2334547816,51
2147950,"4D Golf",3,1101686358,200470557,82
2149010,"Little Nightmares Enhanced Edition",3,4896540286,4721211132,4
2149040,"Overboss Demo",3,590173052,136255730,77
2149420,"Dino Trauma",2,1041101868,568189248,46
2149430,"Click To Sail",3,87986418,39163447,56
2149630,"1 Trait Escape",1,9142760083,4019784428,57
2150910,"Spellcats: Auto Card Tactics",3,709868570,159735667,78
2152460,"Miniland Adventure: Prologue",2,190984723,101687050,47
2153000,"Dungeonoid",3,107326655,41866532,61
2153020,"Pilfer: Story of Light",1,1217230907,1135638360,7
2153310,"Buriedbornes - Dungeon RPG",0,183357094,134032673,27
2153350,"Brothers: A Tale of Two Sons Remake",3,29543247619,18681364076,37
2153410,"Cyber Slayer",3,171498508,118314251,32
2154230,"AI: Art Impostor",2,374991897,125802270,67
2154650,"Pawperty Damage",3,1699217543,787584669,54
2154900,"Street Fighter™ 6 Demo",1,17932136213,15045329436,17
2155180,"Pioneers of Pagonia",3,6012770387,5208635705,14
2156770,"Ghost Signal: A Stellaris Game",3,5136227957,3938423369,24
2157060,"Project Malice",3,260313010,220342657,16
2157110,"FUCK HITLER",2,677634027,604139520,11
2157340,"Meowjiro",3,422451007,137528784,68
2157550,"Scars Above Demo",2,13396417762,12470467920,7
2157560,"Granblue Fantasy Versus: Rising",0,17447671128,17155751086,2
2157830,"John Carpenter's Toxic Commando",3,58661981009,53782716852,9
2159270,"Kingdoms of the Dump",3,975849906,750223360,24
2159300,"Aroma",3,582748444,531980108,9
2160480,"Hellboy Web of Wyrd",3,2469402649,2048084306,18
2161050,"Boti: Byteland Overclocked",3,13405593703,4725267480,65
2161320,"Aero GPX Demo",2,513308415,448264268,13
2161440,"风帆纪元 Sailing Era",2,8071917176,7308463202,10
2161620,"Lysfanga: The Time Shift Warrior",1,25419066203,13695478998,47
2161700,"Persona 3 Reload",2,19874994076,19606128435,2
2162020,"Strayed Lights",1,8105411954,7804656497,4
2162560,"Enter the Chronosphere Demo",3,2393631792,517560258,79
2162800,"shapez 2 - Factory",3,1676838417,976286465,42
2162820,"Rustil: Eternal Labyrinth Castle",2,1195268508,1024241523,15
2163030,"Dreamcutter",3,1077342888,875732636,19
2163210,"The Archipelago Promise",3,3973316297,3815472376,4
2163330,"Yet Another Zombie Survivors",2,4593382620,2833770902,39
2164280,"Sorcerer Standoff",3,6053312192,2541430740,59
2164760,"Touchdown Girls",3,2207690484,1841143040,17
2165610,"Mosaique Neko Waifus 5",3,1774387086,522890578,71
2166060,"Amanda the Adventurer",3,2532752070,1277375434,50
2166170,"World Zero",3,923108673,644420835,31
2166610,"The Shadow People",3,58357873,51755822,12
2167220,"The Bible",0,4728239117,4590711963,3
2167510,"Afterlove EP Demo",3,3853903570,3144607949,19
2167580,"Summoners War: Chronicles",1,8782494939,8129151705,8
2168080,"Abyss Manager Idle",2,10462814,4920111,53
2168150,"Teslagrad Remastered",3,1255509217,476559647,63
2168680,"Nuclear Option",1,1844774851,1160685553,38
2169200,"Sniper Elite: Resistance",2,114776974360,97889250931,15
2169730,"The Archipelago",3,397873550,54530756,87
2170050,"Wolfteam: Reboot",3,3138462273,3083969407,2
2171370,"Sword & Shield Simulator Playtest",3,7733073168,7435442541,4
2171440,"Fear & Hunger 2: Termina",1,1723314863,1374450060,21
2171570,"Whisker Waters",3,3359594778,2808752747,17
2171630,"Return From Core",1,1435259282,702674807,52
2171690,"Handshakes",3,119684545,29515902,76
2171920,"Light & Shadow",3,1021740904,847813848,18
2172010,"Until Dawn™",3,63380329897,62482037967,2
2172260,"The Complex: Expedition",2,5426770316,5328906893,2
2172910,"CAPTAIN TSUBASA 2: WORLD FIGHTERS",3,21945119707,20220389324,8
2173570,"Breadsticks",3,97753604,42686067,57
2174600,"Fairyside",2,104435085,51890842,51
2174740,"Cop Bastard Demo",0,2028496039,943681708,54
2175540,"DRAGON QUEST MONSTERS: The Dark Prince",3,7157649218,6185793102,14
2176430,"Testament: The Order of High Human",3,20067135856,19190974028,5
2177260,"Super Planet Life",3,589843657,51895967,92
2177750,"Half-Life 2: VR Mod - Episode One",2,7918326618,5009449127,37
2178330,"Glory & Miserable Survivors DX",3,1111266199,356191907,68
2178560,"Horde Hunters",1,93826952,74241824,21
2178590,"Coin Pusher Casino",3,1203629825,801148609,34
2179170,"A Tower Full of Cats",3,670268920,615120896,9
2179850,"Cobalt Core",3,168851413,117871442,31
2180000,"Elemental Survivors",1,274026681,241799436,12
2180100,"Proton Hotfix",3,1420558284,488031542,66
2180340,"海山：昆仑镜",2,15657182816,10188170818,35
2180600,"Heartwood Online",2,325645214,154976352,53
2181610,"Heretic's Fork",2,1259266845,1236587316,2
2181720,"Scarlet Tower",3,929895094,233939734,75
2181930,"DR LIVESEY ROM AND DEATH EDITION",2,730221499,288118469,61
2181940,"CivIdle",3,267691387,122279097,55
2182070,"Band Space",3,3169607855,2837316629,11
2182380,"PowerWash Simulator Single",3,13381768,11300864,16
2183390,"Onmyoji：the card game",2,12960184689,12314544120,5
2183650,"MEGA MAN X DiVE Offline",3,2069195712,1769816518,15
2183900,"Warhammer 40,000: Space Marine 2",1,84984238356,75301235889,12
2183920,"Cat Herders: Couch Coop Cat Corralling!",3,755790883,302233060,61
2184130,"MareQuest",3,87669387,77652456,12
2184470,"South Pole Bebop",3,444021229,341070301,24
2185060,"Two Point Museum",2,5090289828,4585492625,10
2185770,"Aonatsu Line",0,10234607314,7214129513,30
2186320,"Ages of Conflict: World War Simulator",2,160153982,107203744,34
2186360,"IDUN",2,1213508748,758820419,38
2186570,"TELEFORUM",3,1090246047,751233699,32
2186680,"Warhammer 40,000: Rogue Trader",2,40699364801,34107774561,17
2186700,"Contain",3,53155241341,29241943421,45
2186990,"Fatekeeper",3,42029817417,39689319354,6
2187210,"Vitamins",3,327266098,117216524,65
2187220,"Apollo Justice: Ace Attorney Trilogy",3,20289961579,18679333404,8
2187290,"Wall World",3,2067515005,290895630,86
2187370,"Blindsight: War of the Wardens",3,12562624909,7310888298,42
2188650,"Cursor Space",3,241662245,98220917,60
2190220,"Touhou Danmaku Kagura Phantasia Lost",3,6817139435,6259324299,9
2191050,"Life Effect",1,24244883189,24051032064,1
2191190,"FIND ALL 4: Magic",3,403843149,315113317,22
2191480,"Jumbo Airport Story",3,88802315,38958976,57
2191500,"Vampires: Bloodlord Rising",3,20677394029,20275136964,2
2192060,"NASCAR Arcade Rush",0,4700405829,4611399788,2
2192620,"ghostpia Season One",2,3322956988,2817608710,16
2192790,"The Walking Dead: Destinies",3,61642096687,39680213667,36
2193050,"Bleak Sword DX",2,498011838,219649141,56
2193540,"Wizard of Legend 2",3,3736417055,3371499963,10
2193720,"Super Dark Deception",2,883049910,369680866,59
2194530,"Yog-Sothoth’s Yard",3,2345055942,668419705,72
2194730,"ServiceIT: You can do IT",3,10777448213,10564571852,2
2194840,"Smells Like Burnt Rubber",0,2076747333,726401085,66
2195120,"Go-Go Town!",3,991165500,846399662,15
2195250,"EA SPORTS FC™ 24",2,48993466505,48248115856,2
2195910,"Darkenstein 3D",1,9997326266,4536692773,55
2196640,"Engine Evolution 2023",0,3188883328,1977979166,38
2196660,"Fish Volleyball Demo",2,57241479,31524084,45
2198070,"Cardboard Town",2,1065519563,456688205,58
2198150,"Tiny Glade",2,2321740633,1640327184,30
2198510,"New Cycle",2,10698620941,7146692002,34
2198800,"CRUMB Circuit Simulator",3,1046746531,80233514,93
2199330,"Aestik",2,6181098240,725694617,89
2199420,"Brickadia",3,2333481051,1632648972,31
2199450,"Finding Fifi",2,70668080,38084608,47
2200190,"[Chilla's Art] The Karaoke | ヒトカラ🎤",0,5940823556,3709742597,38
2200400,"Aohri's Uprising",3,3250747037,3124632781,4
2200650,"Bits & Bops Demo",3,433895709,157654029,64
2200780,"My Dream Setup",2,2598810409,1363516068,48
2201230,"Belial Red",2,889634577,747197099,17
2201320,"Date Everything!",3,7862889123,7002900853,11
2201940,"Ship Graveyard Simulator 2",3,13462425113,13201638448,2
2202120,"63 Days",3,7139862897,6943969547,3
2202770,"Pizza Hero",2,220718548,116558414,48
2203070,"Dragonheir: Silent Gods",3,9117186260,8013431217,13
2203230,"OCTOPATH TRAVELER II Prologue Demo",2,4714820973,4393330128,7
2203730,"IN THE BUILDING: CATS",2,144806139,65167045,55
2203860,"Populous™",2,12195442,9020914,27
2204130,"Sid Meier's Alpha Centauri™ Planetary Pack",3,603615867,511867620,16
2204350,"Midnight Heist",2,3558187737,2260217022,37
2204760,"Cat Life",3,4621915025,2399484678,49
2205380,"Ragnarök TD",3,140291819,95869837,32
2205850,"Dwarves: Glory, Death and Loot",3,620637913,256455554,59
2206270,"Vampire Hunters",3,7563788250,2006401289,74
2206340,"Aokana - Four Rhythms Across the Blue - EXTRA2",2,3599195104,3561746271,2
2207070,"Social Credit Simulator",3,56497475,50521065,11
2207470,"Gods Against Machines",3,1459370807,423384444,71
2207490,"Factory Town Idle",3,177638351,84205431,53
2208220,"Mislight",0,727601770,171871943,77
2208350,"Total Chaos",3,25183580573,12418432522,51
2208530,"Alchemia Story",3,260728256,112359107,57
2208570,"Dark Hours",1,2238076621,2077904755,8
2208920,"Assassin's Creed Valhalla",3,163849151610,157371211048,4
2211170,"Unrailed 2: Back on Track",3,576895193,400997267,31
2212330,"Your Only Move Is HUSTLE",3,121079320,45979260,63
2213180,"Plan B: Terraform Demo",3,779349704,335534977,57
2213190,"DEATH NOTE Killer Within",0,2505702090,1713057276,32
2213980,"Caverns of Mars: Recharged",3,645386080,184093360,72
2214000,"Top Racer Collection",1,1893159052,761350021,60
2214500,"X Invader: Prologue",3,396722941,300116474,25
2215200,"LEGO® Batman™: Legacy of the Dark Knight",3,42886644560,42002892960,3
2215260,"Scott Pilgrim vs. The World™: The Game – Complete Edition",3,1879381074,1558498279,18
2215390,"Five Nights at Freddy's: Secret of the Mimic",3,19877679164,19658624384,2
2215410,"Anime City",0,2789637687,2189240805,22
2215430,"Ghost of Tsushima DIRECTOR'S CUT",3,56215877458,52954048130,6
2215570,"Retail Wars",3,397964199,122851205,70
2216040,"HOW WE KNOW WE'RE ALIVE",2,290949140,117395685,60
2216130,"沉默的蟋蟀",3,551367320,470279234,15
2216770,"JOY OF PROGRAMMING - Software Engineering Simulator",3,9792781344,9142207023,7
2216830,"The Jackbox Party Pack 10",3,2715547964,2492498896,9
2216960,"Super Psycho Baseball",2,127713599,54826609,58
2217000,"Rivals of Aether II",1,3854905060,3621961975,7
2217420,"AQUA KITTY UDX",3,78631198,69320462,12
2217440,"Pair Of Stamps",2,178845054,138026590,23
2217580,"New Star™ GP",3,1123684807,323378477,72
2217730,"theBlu",0,1597915154,1298464068,19
2217740,"Kitty Survivors: Rogues of Catmere",3,376254551,77460860,80
2218400,"Greedland",2,4873577230,4528933934,8
2218460,"Bunny Guys!",3,4962226582,4783785011,4
2218560,"PixiEditor",3,199242156,79427966,61
2218750,"Halls of Torment",2,1415797833,656188640,54
2218970,"Plains of Pain",3,3914781786,2343377046,41
2219180,"Balance 97.261/100",3,410096180,337678402,18
2219810,"Pixel Town: Akanemachi Mystery",2,41508829,37639403,10
2220360,"Paper Lily - Chapter 1",3,469323997,375053694,21
2221490,"Tom Clancy’s The Division® 2",0,93564523908,92601945377,2
2221920,"Immortals Fenyx Rising",3,56770938585,49593787730,13
2221980,"Budget Cuts Ultimate",2,9370247897,8334075642,12
2222540,"BIT.TRIP RERUNNER",2,1101576682,1001315347,10
2222750,"Hidden Mars",2,565985589,130799297,77
2222770,"Mimi the Cat - Mimi's Scratcher",3,253552505,70774512,73
2222970,"Blood Wizard Odyssey",2,947257917,839826663,12
2223590,"2112TD: Tower Defense Survival",3,443056139,331610702,26
2223700,"Driftwood",0,10646740800,3912115351,64
2223810,"Hedgewars",3,252398328,189556770,25
2223840,"The Casting of Frank Stone™",3,49809688041,48825698586,2
2224640,"Artisan TD",3,2709116232,1516788040,45
2224740,"DreamWorks All-Star Kart Racing",3,8005288022,7733323057,4
2224850,"EMPTY SHELL: PROLOGUE",3,217786400,106460160,52
2224920,"Evacuation",3,11506547055,6258967531,46
2225070,"Trackmania",1,5706888971,4050179032,30
2225530,"Drawing From Memory",3,1292988062,164031770,88
2225960,"Noobs Are Coming",3,325342298,142904469,57
2226000,"Temanava",2,325896180,253786128,23
2226280,"BAPBAP",3,1726489449,575272260,67
2226730,"OVIS LOOP",3,501851940,332525737,34
2228030,"Dr. Fetus' Mean Meat Machine",3,418092474,318880762,24
2228080,"Forspoken Demo",2,46051529449,41713696393,10
2228280,"MEMORIAPOLIS",2,4431181766,2170591727,52
2228390,"Fairy Fencer F: Refrain Chord",2,4517704917,4235920531,7
2229350,"Someday You'll Return: Director's Cut",3,15948578629,7316289769,55
2229830,"Command & Conquer™ and The Covert Operations™",3,960244566,743907501,23
2229840,"Command & Conquer Red Alert™, Counterstrike™ and The Aftermath™",3,1581770651,1276612401,20
2229850,"Command & Conquer Red Alert™ 2 and Yuri’s Revenge™",2,1966033601,1642875262,17
2229870,"Command & Conquer™ Generals",3,1684628418,1256593646,26
2229880,"Command & Conquer™ Tiberian Sun™ and Firestorm™",3,2355965115,1900810240,20
2229890,"Command & Conquer Renegade™",3,1438065673,976003393,33
2230110,"Fae Farm",2,2687724777,2410469205,11
2230170,"The Cenozoic Era",3,10349435814,10251383284,1
2230610,"Trinity Fusion Demo",0,3008894931,2833711252,6
2230650,"TEVI",3,3645393165,1039936311,72
2230980,"Caribbean Legend",2,47120989884,23886310946,50
2230990,"Project Sphinx",3,2178716725,1922144954,12
2231380,"Tom Clancy's Ghost Recon® Breakpoint",3,71086449150,65002213917,9
2231450,"Pizza Tower",2,319921891,242785945,25
2231770,"Resident Evil 4 Chainsaw Demo",3,11168098223,10830150070,4
2231890,"The Test: Secrets of the Soul",3,1078637147,965849982,11
2232600,"Anomaly Exit",3,850019096,708574718,17
2232950,"Bobo The Cat",3,651045574,294868369,55
2233040,"SuperJumpWorld Rage",3,40377391,38998016,4
2233750,"Koltera",2,301298417,165423066,46
2233790,"Legendary Creatures 2",2,344530867,304657451,12
2234020,"Iso Racer",3,10303842527,3757028609,64
2234150,"BACKROOMS: APPREHENSION",3,3042206775,2954986467,3
2234770,"Lachesis or Atropos",3,476971197,386513924,19
2235020,"Contra: Operation Galuga",3,14572956813,8982128117,39
2235340,"Urban Flow",3,3440175706,1366225769,61
2235500,"Forest Of Relics",1,3661671031,3587774562,3
2235790,"Howl of Iron",2,3030698690,2936184616,4
2236060,"Anthro Heat",3,13263037667,6037454092,55
2236070,"Peaks of Yore",2,1766199195,1232377293,31
2236880,"I Won't Forget Hue",3,1480991517,281903421,81
2237940,"IN THE BUILDING: CATS 2",2,138604482,63778276,54
2237970,"Outpath",3,1201673784,560134437,54
2237980,"Outpath: First Journey",3,1124091113,534209260,53
2238040,"Tiny Terry's Turbo Trip",1,1553923656,732666249,53
2238180,"Idle Dice 2",1,141582898,56842885,60
2238470,"Grimshire",3,1233425567,441343040,65
2238900,"STAR OCEAN THE SECOND STORY R",2,18412630143,18078571398,2
2239140,"Grapples Galore",3,4898740656,677996438,87
2239150,"Thronefall",2,527030238,231612226,57
2239550,"Watch Dogs®: Legion",3,118432523957,112255981083,6
2240530,"BABBDI",3,1272324414,626937488,51
2240620,"UNBEATABLE",3,35472329472,12437393844,65
2241560,"Angel's Gear",3,160038297,103766605,36
2241760,"MotorCubs RC",0,20916462450,12965234498,39
2244130,"Ratopia",2,1737492487,575985973,67
2244210,"Echoes of Aincrad",3,38591251816,38143301765,2
2245620,"Tangy TD",3,344324528,242310521,30
2246340,"Monster Hunter Wilds",0,108243480925,105676347250,3
2246670,"Tales of Xillia Remastered",3,19502679750,17904948841,9
2246980,"Darkest Dungeon® II Demo",0,6619359961,4616155048,31
2248330,"Backrooms Break",3,22919973249,20751175922,10
2248430,"Touhou Artificial Dream in Arcadia",3,172025060,155969441,10
2248760,"Car For Sale Simulator",1,5641805244,3334030290,41
2249160,"September 7th",2,21673308298,10637490290,51
2249510,"SpearHeads",3,516773544,162538666,69
2249850,"Cats Everywhere",3,211799541,141589315,34
2250040,"Crosshair V2",2,212464444,121365326,43
2250060,"I commissioned some bees 0",3,71499430,59874046,17
2250160,"Dead Pedal",3,2745852042,1018612161,63
2250820,"Party Party Time",2,508834165,404409953,21
2251320,"Sylvio And The Mountain Giants",2,1826213162,581756873,69
2251660,"Subtension",3,603347349,165084084,73
2252570,"Football Manager 2024",3,5685357961,5154821490,10
2252680,"Farlands",3,2813725957,244541660,92
2252850,"IN THE BUILDING: CATS 3",2,141906185,66444999,54
2252960,"Flashback",2,325736555,248658015,24
2253100,"Everwind",3,2093509551,1806444982,14
2253720,"Sim Companies",3,308080061,122579708,61
2253820,"Bionic Bay Demo",2,1651990441,386263210,77
2254890,"致命解药 The Killing Antidote",1,5263277488,5167458420,2
2254910,"100 hidden frogs 2",3,446287313,252195622,44
2255190,"FUMES Demo",3,659919342,251168704,62
2256790,"GameDev Life Simulator 🎮🕹",2,2936117946,2732579139,7
2257010,"Creeper World IXE",0,1174121096,1107590254,6
2257470,"LIVE A LIVE: Demo Version",3,1203330710,1060560306,12
2258570,"Dark and Darker Demo",2,11224447603,11037514047,2
2259190,"Protos Magos",2,9672775255,9558280052,2
2259330,"Mind Diver",3,3878032531,3353373412,14
2260930,"Kill Pill",3,465971959,170367533,64
2261050,"For the Queen",3,717276549,551393877,24
2261120,"exp!A",3,281818931,149215910,48
2261430,"LumenTale: Memories of Trey",0,4100612447,3211128295,22
2262020,"Exo Rally Championship",3,7562197323,2666305779,65
2262170,"ROSE",3,1788246275,1256540909,30
2262290,"Worldless Demo",3,913780169,794720066,14
2262770,"Garten of Banban 2",0,1208687861,1137449315,6
2263010,"Pineapple on pizza",3,237916445,174834952,27
2263550,"Touch the Color",3,78937212,31433633,61
2264170,"Death or Treat Demo",2,8640077407,1503111397,83
2264190,"4D Games",1,219698163,166622709,25
2266820,"Lilith Wants to Buy Your Soul",3,191068495,112652739,42
2269950,"The Karters 2: Turbo Charged",3,23472945327,12596258456,47
2270750,"Black Gunner Wukong",1,6884231503,6762232233,2
2270940,"Builder Simulator VR",3,12207585331,6824365083,45
2271590,"The Secret of Darkwoods",1,869586603,776157583,11
2272250,"Forgive Me Father 2",3,8559866368,8177215730,5
2272400,"Station to Station",2,7443527944,2548014855,66
2272420,"Thief Simulator 2: Prologue",2,8822981651,4972853677,44
2272540,"FBC: Firebreak",1,24927532963,22864711720,9
2273420,"Peeping Dorm Manager",3,3696179976,817171153,78
2273430,"BlazBlue Entropy Effect",0,5438316529,5106896862,7
2273550,"Postmouse",3,9558626667,4367740134,55
2274110,"The Elephant Collection",3,90552673,71872445,21
2274120,"NSFW Solitaire & Puzzles",2,1376390185,1209666066,13
2274180,"Craftlings Demo",3,562869074,164137470,71
2274200,"Arken Age",3,26104777952,13670572290,48
2274410,"Weird and Unfortunate Things Are Happening",3,374510795,368106561,2
2274500,"Love Too Easily",3,7790064831,5557280249,29
2275490,"Kaizen: A Factory Story",3,1805510926,998564596,45
2275610,"Prospector Demo",3,481293033,395151561,18
2276420,"绝命游歌",3,1631963466,379890509,77
2276850,"The Voidness - Lidar Horror Survival Game",0,848611548,631022144,26
2276930,"Chillquarium",3,411422139,249469611,40
2276980,"FACEMINER",3,947023999,802019599,16
2277110,"ArcRacer",0,97054098,86565489,11
2277320,"Necrosmith 2",3,1164538372,129044339,89
2277330,"Neon Abyss 2 Playtest",2,1471267988,1119065860,24
2277560,"WUCHANG: Fallen Feathers",2,58504747107,35441210864,40
2277670,"Hank: Straightjacket",2,709680568,166402442,77
2277700,"STAND-ALONE Demo",0,329086620,230703568,30
2277710,"STAND-ALONE Playtest",0,435346391,320437868,27
2278630,"Livestream 2: Escape from Togaezuka Happy Place",3,1363735831,620239145,55
2278790,"Grapple Dogs: Cosmic Canines",2,459001590,425190592,8
2278830,"GunSuit Guardians",2,154807685,92025489,41
2279040,"Dance Loop",3,562127310,213007976,63
2279310,"Pixel Town: Akanemachi Mystery 2",2,89755081,84651451,6
2279330,"Savant - Ascent REMIX",3,1704214370,1001513372,42
2279600,"Raw Metal",2,3382196488,1181407709,66
2279730,"King Arthur: Legends Rise",3,9009780301,8498415005,6
2280090,"VReken Demo",3,4836094204,2232117182,54
2280350,"Turbo Dismount® 2",2,1720555506,1099528813,37
2280520,"Vampire Mansion",2,2179586405,2077617699,5
2280540,"Last Saintess",3,4046063858,3745279057,8
2281360,"Old Coin Pusher Friends 2",1,852231592,415035402,52
2281550,"JUMP de PON",3,1328807391,1159669853,13
2281650,"An Ankou",3,520526894,246058543,53
2281730,"Combat Master: Season 5",0,1755017034,1625080174,8
2281820,"Evolings",3,250164022,120151168,52
2283830,"Raw Metal Alpha Demo",2,2419128849,805185373,67
2284900,"Alignment",3,99053922,37756495,62
2284990,"Oxygen Caliber",3,324853144,96791602,71
2285150,"The Front",1,61314712565,60790632713,1
2285300,"Kādomon: Hyper Auto Battlers Demo",3,674429726,187387403,73
2285550,"Doloc Town",3,1804556553,1146998022,37
2285630,"Survivors of the Dawn",3,2735506538,1386879457,50
2286780,"Aeruta",3,1073976439,383643258,65
2287220,"F1® Manager 2023",2,50804238188,27831617742,46
2287330,"Empire of the Ants",2,38367062531,38182787478,1
2287520,"Five Nights at Freddy's: Help Wanted 2",3,11242054046,10983540042,3
2287970,"Dungeon's Legion",3,1789168281,1484800614,18
2288070,"The Ninja Saviors: Return of the Warriors",2,786891409,454458777,43
2288150,"ROMANCE OF THE THREE KINGDOMS 8 REMAKE",0,26125890774,24212811709,8
2288350,"RAIDOU Remastered: The Mystery of the Soulless Army",3,17370449218,15580534146,11
2288470,"Aethermancer",2,5818888834,1079051169,82
2288600,"Son of a Gun",3,2677014068,560483578,80
2289650,"Mini Airways",3,1060375918,941328386,12
2289720,"Kaiju Princess 2",0,4038669965,3741308722,8
2289750,"Super Fantasy Kingdom",3,730251677,299771172,59
2289970,"In Sink: A Co-Op Escape Prologue",2,768891134,149398361,81
2290000,"TerraScape",2,1740035806,1568637498,10
2290080,"Ship Graveyard Simulator 2 Demo",1,8534657347,8424462287,2
2290180,"Riders Republic",2,30513326104,29661551440,3
2290480,"The Obscura Experiment",3,2428513361,2316448259,5
2290490,"Helpless",3,1405225902,1298891274,8
2291020,"ANONYMOUS;CODE",2,8316110332,8134967509,3
2291060,"EARTH DEFENSE FORCE 6",3,44258510985,40147535700,10
2291680,"The Arrogant Kaiju Princess & The Detective Servant",2,2880777434,1291919434,56
2291760,"Papa's Freezeria Deluxe",3,59546126,47022198,22
2292260,"STAR WARS™: Dark Forces Remaster",3,2030399421,1570749478,23
2292490,"Mob Factory Demo",2,120747534,52033314,57
2293600,"StrangerZ",2,4260212448,4051973952,5
2293660,"He Fucked The Girl Out of Me",2,1585245820,802397652,50
2293950,"Battle of Guardians Beta",0,24161249551,18198615732,25
2294130,"Goobies",0,908188080,770921574,16
2294660,"The Quinfall",1,84580150698,62281361363,27
2294970,"Viva",1,1769051708,1002142176,44
2295970,"UFO ROBOT GRENDIZER - The Feast of the Wolves",1,7240860797,5037761547,31
2296100,"Chillquarium Demo",3,95024944,43282432,55
2296380,"I Expect You To Die 3: Cog in the Machine",3,4125441247,1949866215,53
2296430,"Paleo Pines Demo",3,4007442742,1405274543,65
2296550,"Axon TD: Uprising - Tower Defense",3,11711060417,5241307800,56
2296990,"We Were Here Expeditions: The FriendShip",2,7638538102,5119565684,33
2297070,"Dark Hours Demo",2,2620548318,2506034289,5
2299660,"Fossilfuel 2",3,12599524840,12322845578,3
2299900,"Felvidek",3,697557914,563567750,20
2300280,"RagBrawl",3,1283739666,800373684,38
2300320,"Farming Simulator 25",3,42576264972,26558958329,38
2300390,"I commissioned some cats",2,88059053,74164997,16
2300920,"Succubus Prison",2,1723786673,1693266560,2
2302140,"q.u.q.",3,383465890,296940153,23
2302530,"MementoMori: AFKRPG",3,1362281208,1104660876,19
2302990,"Vacuum Warrior - Idle Game",3,440911129,99071359,78
2303080,"Minigolf Galaxy",2,2068360482,1932918784,7
2303350,"Sticky Business",3,196823900,104159132,48
2304620,"Backrooms Society",2,6368982234,6272129647,2
2305790,"1v1.LOL",3,1525729390,461575307,70
2305840,"Cat Quest III",3,1098682220,937212988,15
2306590,"Apewar",3,907099211,403043100,56
2307350,"Into the Radius 2",3,16826292773,16266346136,4
2308360,"Sun Down Survivors",3,1155911470,59310038,95
2308630,"Dawnfolk",3,1118554066,784268218,30
2308770,"Escape From The Depth",3,1232440265,604901376,51
2308870,"Overlewd",3,716573168,115104325,84
2309400,"The Devourer: Hunted Souls",3,15038238342,14787867502,2
2310160,"Operation: Polygon Storm",1,2206596811,1210494904,46
2311190,"Garten of Banban 3",0,1203500611,1132755515,6
2311680,"Magic Research",3,756863780,332838370,57
2311970,"Totally Accurate Battlegrounds Dedicated Server",3,596629192,227740512,62
2312010,"Amnesia: The Bunker Demo",2,8560027354,4891818862,43
2312630,"Wizard with a Gun Demo",2,1106199973,965232711,13
2312660,"Skate Story Demo",3,4239166573,2136443713,50
2313240,"Travellin Cats in Italy",3,70348016,54450505,23
2313250,"Travellin Cats in Paris",3,79101172,58422714,27
2313330,"TerraTech Worlds",3,9713835581,3930469817,60
2313700,"Constance",2,1671106333,1508613465,10
2313970,"Turbo Racing",0,333820245,122684382,64
2314160,"Tactical Assault VR",3,13611022213,7490604662,45
2314650,"Gray Haven : Witch's Garden",2,10610672142,7519111556,30
2314720,"[Chilla's Art] Parasocial | パラソーシャル",0,6461831706,3521481434,46
2315020,"Froguelike",3,122142831,34857646,72
2315040,"火炬之光：无限",1,24033135481,23589104832,2
2315430,"The Executive - Movie Industry Tycoon",3,1389323244,472057029,67
2315690,"WWE 2K24",2,99065071673,81482379780,18
2316330,"Shogun Showdown: Prologue",2,353325876,109559965,69
2318310,"Class of '09: The Re-Up",3,1347496455,1200727210,11
2318480,"Last Train Outta' Wormtown",3,946471980,432364492,55
2318500,"Exo Rally Championship Demo",3,4754066789,2001406838,58
2318980,"Periculum Demo",3,1282305579,484725979,63
2319370,"Ultimate Anime Jigsaw Puzzle",3,272046800,173482358,37
2319390,"Kvark",3,3081581407,2536087395,18
2319580,"Super Cakeboy",3,14282769,8449902,41
2319730,"Winnie's Hole",0,1970854149,602327503,70
2320910,"AMID EVIL VR",3,6735663895,6455974060,5
2321310,"Finding Cats In Town",3,375560430,179056271,53
2321470,"Deep Rock Galactic: Survivor",2,3138317526,2229218639,29
2321720,"HYENAS - Closed Beta",3,26494914799,24037477814,10
2321780,"Starship Troopers: Ultimate Bug War!",1,7593049364,7253570682,5
2322010,"God of War Ragnarök",3,186759785108,123842815265,34
2322020,"SeaFeud",3,1769740746,1540153761,13
2322440,"METAL SLUG ATTACK RELOADED",3,2599075759,1809448960,31
2322560,"Love Is All Around",3,45670369501,44370579052,3
2323080,"Tiny Survivors",3,302138868,129209528,58
2324150,"Neuroshima Hex",3,1272100612,383453164,70
2324210,"TRANSFORMERS: Galactic Trials",3,4162223223,3802287495,9
2324290,"PAC-MAN WORLD 2 Re-PAC",3,9921044967,5406246565,46
2324590,"ROBOBEAT Demo",3,2752951073,1370163786,51
2324650,"The Murder of Sonic the Hedgehog",3,468821479,309446521,34
2325290,"Sky: Children of the Light",0,3456780810,3040683900,13
2325310,"幻想乡：有罪推定~夜明前的三色堇",0,5196588888,2070705084,61
2325930,"Forestrike Demo",3,2041844059,781242159,62
2327780,"HAELE 3D - Feet Poses Pro - Drawing References",1,2392207209,2252841878,6
2328650,"Locomoto",2,2854028067,1133335313,61
2328750,"My Little Universe",2,583096863,416325964,29
2328760,"Pinball FX",1,39205442636,38835110053,1
2328850,"The Occultist Demo",2,12044226186,7591127084,37
2328960,"Flappy Souls",3,33918098,21394000,37
2329630,"神的不在場SEX",2,1818706243,1524716237,17
2330380,"Golf VS Zombies",2,4487856399,4134835246,8
2330750,"Cataclysm: Dark Days Ahead",2,453675414,304012702,33
2330870,"CD 2: Trap Master",1,1501351904,1334179002,12
2331020,"Tales of Berseria Remastered",3,15006812868,14153091458,6
2331170,"Point of Mew",2,129741135,83668224,36
2331830,"Coral Island Soundtrack",3,5342765895,5326410996,1
2333420,"Dungeon Mage",3,121866060,87601192,29
2333480,"RAID: Shadow Legends",2,733342609,473276691,36
2333510,"Blade Prince Academy",3,3157130685,1509476714,53
2334160,"Lies of P Demo",3,24847224364,21481614990,14
2334220,"Home Sweet Home : Online",3,13171493869,12789769345,3
2334730,"Death Must Die",2,1965405088,496125340,75
2336220,"Feed the Cups",3,293700344,190701568,36
2338140,"Dokapon Kingdom: Connect",3,660741805,310421632,54
2338770,"NBA 2K24",3,159766114220,148290857840,8
2338850,"Shiner",3,472628754,58171887,88
2340130,"Ground Zero",3,29357137723,23813793635,19
2340520,"Tales of Seikyu",2,10331804677,9282859006,11
2340650,"古龙风云录",3,23326311958,15312888198,35
2341050,"Cat Needs",3,339064935,161934675,53
2341070,"The Banished Vault",0,2353623469,1146475067,52
2342950,"God Of Weapons",2,1755952515,724273280,59
2343240,"Wretched Depths",3,843168040,252016673,71
2343650,"Waven",2,5028567525,4585285742,9
2344520,"Diablo® IV",0,91426524987,90727884586,1
2345850,"地心归途 Return From Core Demo",3,1435447659,624120194,57
2346550,"Rise of Eros",2,32409073634,29921555034,8
2346630,"Tainted Grail: The Fall of Avalon Demo",3,19435845450,17232212068,12
2346660,"DFHack - Dwarf Fortress Modding Engine",2,300654959,263374639,13
2347110,"Quasimorph: End of Dream",2,3522705639,386707739,90
2347940,"Sea of Survivors",2,165478112,98197844,41
2348090,"Crop Rotation",3,105895026,91538415,14
2348100,"YEAH! YOU WANT ""THOSE GAMES,"" RIGHT? SO HERE YOU GO! NOW, LET'S SEE YOU CLEAR THEM!",3,738240085,327541895,56
2348120,"Kagura Survivors: Endless Night",2,443783278,353612280,21
2348170,"Kuroinu Redux",3,3570732724,3524278442,2
2348610,"Slime 3K: Rise Against Despot",3,381682967,169953457,56
2348810,"AMAZE!",2,158285086,52561913,67
2349820,"Hero's Land",1,3558089221,3136863335,12
2349870,"Your Average Bear",2,792353012,715749808,10
2350270,"Primal Planet",1,290716208,170500096,42
2350280,"Monster Jam™ Showdown",3,16766994038,16523699324,2
2350520,"DragonStrike",3,69505304,40827776,42
2350530,"Fantasy Empires",3,74790230,37083984,51
2350540,"DeathKeep",3,296279570,236548497,21
2351970,"Monster Girl 1,000",3,781457661,649337853,17
2352480,"CatSacks",3,757663335,446775084,42
2352620,"Fellowship",2,14511435435,14233486783,2
2353060,"Invincible VS",3,12057554988,10227377245,16
2353250,"Astrometica",3,9285276656,8905483177,5
2353700,"Realms Of Bondage",1,4340168469,1191419497,73
2353730,"Space Expedition",3,258222587,69692877,74
2353760,"Landfall Archives",3,6021908423,2569726899,58
2354000,"Slackers - Carts of Glory",3,3103230590,2348759080,25
2356500,"Travellin Cats in Bali",3,77598900,60707440,22
2356560,"Monster Hunter Stories",2,10172614975,8475847752,17
2356780,"Dungeon Clawler",2,758978805,206192002,73
2357400,"Mary Skelter Finale",3,9164465779,8988103428,2
2357570,"Overwatch®",0,57132397915,56831007512,1
2357910,"Home Safety Hotline",3,1523604346,1371842460,10
2358720,"Black Myth: Wukong",2,136832698870,135465186175,1
2358940,"Wargroove 2 Demo",1,515549085,383779226,26
2360250,"Asterix & Obelix Slap Them All! 2",1,2493427437,2331734839,7
2360690,"Pixel Ripped 1978: An Atari Adventure",3,2882444631,1240283041,57
2361240,"天神印（THE BLOCKADE）",1,5396910148,1989605872,64
2361460,"Toy Shire",3,2495479186,1117437568,56
2361770,"SHINOBI: Art of Vengeance",1,9589049919,8774271834,9
2362050,"MY HERO ACADEMIA: All’s Justice",3,14857699516,14439380944,3
2362060,"CODE VEIN II",2,66994198562,66438780679,1
2362100,"Punch Club 2: Fast Forward Demo",3,765262445,577273778,25
2362300,"Train Sim World® 4",1,79407268828,78763019195,1
2362420,"Mass Effect 2 (2010) Edition",3,19569268195,16563762275,16
2362740,"POOSTALL Royale",2,792762268,706140663,11
2363580,"Hentai Ellie",3,109807260,56828637,49
2363700,"Eukarion Tales 2",3,38417629,30040064,22
2363730,"Escape Memoirs: Questionable Side Stories",3,7417969843,3954157380,47
2364970,"Revenge of the shadow ninja",3,796246393,104829264,87
2365570,"Curse of the Corsair",3,1809295852,466337722,75
2365810,"Pseudoregalia",3,420563497,320886356,24
2366060,"Weyrdlets 2.0 : Desktop Pets",3,2100750787,1228297270,42
2366970,"Arco",2,666478442,661126095,1
2367230,"[Chilla's Art] Night Security | 夜間警備",2,4269457697,2201992746,49
2367420,"Kletba Vlčího Moru",2,4473478034,681599063,85
2367600,"Super Retro GP",0,2810806392,1404122315,51
2368470,"An Arcade Full of Cats",1,281284162,239752378,15
2368550,"Strike Force Heroes Demo",2,1110406275,992196535,11
2368930,"ISLANDERS: New Shores",3,748334999,321454090,58
2369210,"Shadow Gambit: The Cursed Crew Demo",2,9270544275,8664995479,7
2369390,"Far Cry® 6",3,142914641000,128594930363,11
2369900,"Castlevania Dominus Collection",3,1295795308,1201858712,8
2370000,"Lumines Arise",3,6094500025,4353569042,29
2370310,"Mountaincore",2,957926404,745242295,23
2370570,"Standable: Full Body Estimation",3,32630330,16872065,49
2371130,"Duels of Fortune",3,5102182215,609173933,89
2371630,"Sword Art Online: Integral Factor",2,777484733,401853802,49
2373440,"Miners Settlement",3,292758609,84501219,72
2373630,"Moonring",3,175106683,106018133,40
2373990,"Solo Leveling: ARISE OVERDRIVE",3,45639097520,41279597281,10
2374190,"Nikoderiko: The Magical World — Director’s Cut",1,13794783496,12502433948,10
2375080,"Sakura Bunny Girls",0,279327208,206390157,27
2375550,"Like a Dragon Gaiden: The Man Who Erased His Name",1,68277092105,63609047664,7
2375960,"Entogious",0,5724435192,5544484864,4
2376580,"TRIBE NINE",2,10549179853,9243964155,13
2377230,"Claws & Chaos",3,1199578426,353382781,71
2377970,"Travellin Cats Around the World",3,147329624,118189747,20
2378460,"Piano at 5 a.m.",1,265433453,179539934,33
2378620,"Anomaly Agent",3,423160425,301206829,29
2378900,"The Coffin of Andy and Leyley",2,607147969,514408617,16
2379390,"Tom Clancy’s Rainbow Six® Extraction",3,75450429977,73471081452,3
2379620,"The Unfallens: Awakening",3,1663967252,1344586793,20
2379740,"Wizardry Variants Daphne",3,3535189649,3189458923,10
2379780,"Balatro",3,66761182,60277255,10
2379910,"Dystopika",0,1016400639,585596981,43
2380050,"Star Trucker",3,5627139691,4942726309,13
2380860,"illum",3,440392993,123053858,73
2381340,"-256",2,1106356528,675981226,39
2381590,"Only Up!",3,5243240474,5104716693,3
2381620,"Steam Engine Simulator",2,5768176,2159883,63
2381740,"Hexguardian",3,1350790766,1048622148,23
2382520,"Erenshor",3,12329476988,3433025884,73
2382570,"Xenosis",3,763663085,182331938,77
2382580,"A Game Called Paako",3,185554487,102863985,45
2382600,"Nomad",3,655615861,350351150,47
2382610,"Machine Heart",3,3492433663,897238682,75
2382620,"The Stoevi Curse",3,630409360,343351341,46
2383120,"Garten of Banban 4",0,753914024,683444617,10
2383200,"PATAPON 1+2 REPLAY",0,1991683059,1361269852,32
2383670,"Tom Clancy’s Rainbow Six Extraction Demo",3,68751493695,66577028512,4
2383820,"Super 10 Pin",0,403235494,269171028,34
2383920,"Full Quiet",2,201711093,91592435,55
2383950,"Anvil Empires Pre-Alpha",3,43663438988,19246078676,56
2383990,"Ghostbusters: Spirits Unleashed Ecto Edition",3,32551072896,31994893724,2
2384500,"CyberRoom",3,1128663472,1011012004,11
2384580,"DYNASTY WARRIORS: ORIGINS",3,55097014122,52500374933,5
2384620,"Out of the Park Baseball 25",2,22356541573,16401525007,27
2385060,"Sea of Stars Demo",3,1258006490,339842220,73
2385530,"PGA TOUR 2K25",0,40205885614,39323551044,3
2385860,"TEKKEN 8 Playtest",2,27781459892,27633744689,1
2386250,"It gets so lonely here",2,303142855,195276001,36
2386310,"Ultros",3,2726245363,2503436096,9
2386330,"Cat Search in Medieval Times",3,277224442,146588020,48
2386720,"STRAFTAT",2,9499738339,4747121964,51
2386850,"Raw Nerve",3,856773363,655768065,24
2386930,"Nature is hungry",3,784091673,374258177,53
2386940,"Demonschool Demo",3,841435006,516266313,39
2387110,"Green Reaper",3,2740776173,1042233729,62
2387210,"Mirage",3,197892224,163466879,18
2387780,"龙傲天的多元宇宙",3,767977465,341913296,56
2388390,"3D PUZZLE - Vintage House",3,5084620734,2608007314,49
2388460,"Pathfinder: Gallowspire Survivors",3,3269128381,2359800372,28
2389120,"战姬军团",3,1587297887,1358350576,15
2389560,"9 Lives to Defend",3,418491526,323842739,23
2389570,"Sniper Killer",2,8097990044,2576709934,69
2390110,"Embarrassed Shina-chan~ the Naked Wandering College Girl Demo",3,413430186,380418552,8
2390510,"You Have 10 Seconds (2023)",2,167261925,145400401,14
2391650,"Monarchy",3,1609445521,356524401,78
2391710,"Gatekeeper: Infinity",3,3186859272,1555751061,52
2391870,"MareQuest: An Interactive Tail",2,844154605,833191236,2
2392280,"TDS - Tower Defense Strategy",1,1291240631,675608188,48
2392660,"Mencia. A never was tale.",3,768673997,97852551,88
2392740,"Cave Digger 2",3,4147962959,3130441371,25
2393160,"Nice Day for Fishing",3,1055839840,589137235,45
2393920,"Angeline Era",3,2309988853,550619325,77
2394010,"Palworld Dedicated Server",3,3652303587,2606469228,29
2394300,"Monster Run: Downfall of the Empire",3,334907407,260016960,23
2395210,"Tony Hawk's™ Pro Skater™ 1 + 2",3,24609650410,24428171465,1
2396240,"SteamWorld Heist II",0,4034951860,2127882243,48
2396980,"Fate/stay night REMASTERED",3,8750070188,8744056320,1
2397250,"Big Helmet Heroes",3,9655766364,9378210344,3
2397280,"Blade Prince Academy Demo",3,2927741421,1324878242,55
2397300,"Half Sword",3,10495034960,10230169191,3
2397500,"The Smurfs 2 - The Prisoner of the Green Stone",1,9372186687,9227510915,2
2397660,"Sucker for Love: Date to Die For Demo",3,529789380,431853704,19
2398180,"Echo Point Nova Demo",3,2557050417,2397402018,7
2398450,"Classic Marathon",2,53317110,36525394,32
2398490,"Classic Marathon 2",3,185425526,90359558,52
2398520,"Classic Marathon Infinity",3,89653617,42917432,53
2398550,"Sect-Machina",3,610005408,127535570,80
2399050,"Pocket Mirror ~ GoldenerTraum Official Soundtrack",3,3092613273,2937040896,6
2399160,"Soulash 2",3,418061379,386411223,8
2399420,"Le Mans Ultimate",3,36938379703,34456194210,7
2399730,"FRONT MISSION 1st: Remake",0,12757253768,12537035455,2
2399830,"ARK: Survival Ascended",3,225010814588,211244129767,7
2400160,"Glyphica: Typing Survival",1,259050841,248437260,5
2400240,"Komorebi Demo",2,641884498,547688878,15
2400400,"Feed The Cups Demo",3,293700472,190701568,36
2400490,"Inescapable: No Rules, No Rescue Demo",3,2100698096,1814142441,14
2400510,"Dungeons & Degenerate Gamblers",2,474276652,425312256,11
2400740,"PIGBLUE",3,196477172,141213418,29
2400770,"Dungeon Tycoon",3,1082168716,302012580,73
2400960,"SolForge Fusion",3,1740838109,890457551,49
2401410,"Cabernet",2,5671136516,3307076052,42
2401970,"Ace Attorney Investigations Collection",2,7765835012,7285983433,7
2402140,"Haunted House Renovator Demo",2,3564100657,3081675470,14
2402650,"Rusty's Day Off: Episode One - Janitor on Duty",3,3877234446,3709663016,5
2403320,"冬日树下的回忆",3,2288287163,2164656941,6
2403570,"malViolence - Definitive Edition",3,337876449,236197929,31
2404000,"Benefitship",3,457763550,328999812,29
2404130,"Beastieball Demo",3,592559583,473313895,21
2404880,"Car Dealer Simulator",3,21388024396,17967717390,16
2405000,"RUBATO Demo",3,855124469,652358392,24
2406370,"Darkblade Ascent",3,13996558224,13664879617,3
2406770,"Bodycam",3,47529014942,47205415908,1
2406780,"Banana Shooter Dedicated Server",3,125327123,44341707,65
2407270,"AI LIMIT",1,18150214381,16972274476,7
2407990,"Atomic Heart Demo",0,45201369754,39573873548,13
2408820,"Luma Island",1,5672673592,2972124336,48
2408890,"The Life of a Magical Circle",3,1982971648,651835282,68
2409260,"Mannequin",2,7403472654,6820918697,8
2410180,"Portal: Prelude RTX",3,26245123670,22335011693,15
2410490,"Sneak Out",1,2107398442,953298252,55
2410690,"The Cursed Amulet",3,562640141,473881240,16
2410700,"Isop0dyssey",2,712845885,298124810,59
2411250,"The Warrior",0,227996575,124644057,46
2411360,"Food Fighter Clicker Games",3,652980728,85044389,87
2411590,"SWOLLEN TO BURSTING UNTIL I AM DISAPPEARING ON PURPOSE",3,741514564,607625766,19
2412530,"Bullet Bunny Demo",3,309221005,159459082,49
2413400,"Bugaboo Pocket Demo",3,494664156,167253901,67
2413660,"Bucket Brawl: Ahlman Edition",3,755899956,252295163,67
2414270,"Sunderfolk",2,10692297119,9795325437,9
2414860,"Super Fantasy Kingdom Demo",2,297911249,144758133,52
2415960,"Femboy Aim Trainer",3,354522312,143499621,60
2416030,"Roboden",3,31657142,19828736,38
2416100,"Goodnight Universe",2,7830312527,5094287563,35
2416350,"Yard Sale Simulator",3,1189513462,1074237449,10
2416450,"MOUSE: P.I. For Hire",3,10562043602,8753247164,18
2416860,"All is Fair in Love and Vore: The Tavorion Collection",2,1925100527,227372372,89
2417100,"Just Date",3,736392912,590757631,20
2417470,"Beastro",3,2896688789,2445697459,16
2417610,"METAL GEAR SOLID Δ: SNAKE EATER",1,101168881870,92798427947,9
2417870,"无名者：屠龙 Demo",2,6608782484,2525466943,62
2417940,"Hero Emblems II",3,648762779,588511462,10
2419090,"STAR WARS™: Bounty Hunter™",1,10994660447,9980353964,10
2419330,"Familiar - Battle of the Labyrinth",3,809949978,211773673,74
2419710,"Saloon Simulator: Prologue",2,8371809437,8225031048,2
2420110,"Horizon Forbidden West™ Complete Edition",3,132299180889,112915491652,15
2420330,"The Mildew Children: Chapter 1",3,2009036893,292453006,86
2420510,"HoloCure - Save the Fans!",1,270601730,202392507,26
2420520,"Office Affairs",3,2891573063,2193735254,25
2420630,"Pixel Town: Akanemachi Sideshow",2,155641383,142475891,9
2420660,"Neva",3,17480781797,7053142796,60
2422870,"Bronzebeard's Tavern",0,1016436354,943196872,8
2423720,"Mandragora Demo",2,7502966694,7275269086,4
2424010,"Parcel Simulator",3,2248340374,2126220805,6
2424480,"No Heroes Here 2",3,651974944,508668470,22
2425580,"Ex Vitro",3,373958290,282998273,25
2426070,"A Steamboat Willie",2,194841595,69125873,65
2426530,"Nova Roma",2,950796162,419403253,56
2426960,"Summoners War",3,2712028129,1903558436,30
2427070,"SCHROTT: Roguelike Racer",0,1289127664,671770427,48
2427410,"S.T.A.L.K.E.R.: Shadow of Chornobyl - Enhanced Edition",3,12001878958,8545690741,29
2427420,"S.T.A.L.K.E.R.: Clear Sky - Enhanced Edition",3,8484644302,5548838642,35
2427430,"S.T.A.L.K.E.R.: Call of Prypiat - Enhanced Edition",3,10672694410,7695061286,28
2427520,"ARC Raiders Playtest",2,28841102951,23537812125,19
2427700,"Backpack Battles",2,223519352,180608512,20
2428420,"Umbraclaw",3,1793579441,1783701329,1
2428440,"New Day",3,993010754,763468642,24
2428810,"LEGO® Horizon Adventures™",3,15204385184,14419197829,6
2429190,"Amerzone - The Explorer's Legacy",1,15768050679,14613292464,8
2429240,"Soulslinger: Envoy of Death",3,29044379481,28500444456,2
2429640,"Throne and Liberty",1,86001310814,83498593636,3
2429860,"Living With Sister: Monochrome Fantasy",2,628009623,597284423,5
2429890,"Incubus Quest",2,2285230123,2138800259,7
2429930,"Power Network Tycoon",3,866249262,363071810,59
2430220,"CATASS",3,982512016,70571730,93
2430430,"Dicefolk Demo",3,394981940,206366900,48
2430900,"Among Ashes",3,8621090057,5110738263,41
2430930,"ARK: Survival Ascended Dedicated Server",1,12200717884,9280256847,24
2430990,"Their Land",3,3185137985,2776838031,13
2431100,"That Which Gave Chase",0,760106707,343163202,55
2431130,"Procrastinaut",3,18985591,7321153,62
2431310,"ANYU",3,905104115,812371952,11
2431320,"Cat-aclysm",3,523011884,434962344,17
2431330,"Galactic Grinder",3,919512926,826401283,11
2432010,"The Stranded Traveler",3,337613782,248795943,27
2432100,"ONE.",2,6297685009,6160193593,3
2432460,"Born to Rise",3,1474920351,1232334995,17
2432860,"MENACE",3,12557553444,7533095352,41
2432870,"MENACE Demo",2,7030114572,4448935871,37
2433730,"Unsorted Horror",3,1117003059,617626112,45
2434050,"The Sisters 2 - Road to Fame",3,2943498726,2309915454,22
2434760,"StarOS",3,276296903,241311266,13
2435060,"ItsJustAStory",3,10928731737,5212154204,53
2435930,"Eventide",3,321582443,146867424,55
2436570,"DRAGON QUEST BUILDERS",3,770256395,631362838,19
2437000,"Astra Hunter Zosma",2,379872487,230671347,40
2437170,"SMITE 2",0,16480616318,16069421714,3
2437570,"Golden Chambers",3,3598391721,1490403328,59
2437890,"The Pulse of Evil",3,108801736,57348096,48
2438680,"Airborne Empire",2,3338213165,1355285946,60
2440200,"AURA: Hentai Cards",2,2660797446,2205859555,18
2440380,"Megaloot",3,527981547,431527997,19
2440510,"Forza Motorsport",2,130593920064,128315561308,2
2441270,"Kill The Crows",3,461493535,133765081,72
2441280,"STAR OCEAN THE SECOND STORY R - DEMO",2,4500029514,4306355346,5
2441700,"UNDERDOGS",1,2514973719,1989492961,21
2442410,"Colony City 27λ",3,721868536,583012963,20
2442460,"Citizen Sleeper 2: Starward Vector",3,1659674672,531777732,68
2443020,"Holstin Demo",1,3730412446,2069312570,45
2443110,"South Scrimshaw, Part One",2,1734217149,1397802542,20
2443360,"Zortch",3,368632736,315142492,15
2443520,"Purrfect Rescue",2,172922140,127973838,26
2443720,"Concord™",2,29504725293,26157627281,12
2444750,"Shape of Dreams",3,11481433568,6734332914,42
2445340,"Love n Life: Lucky Teacher",3,6482113550,5400112969,17
2445680,"Godmode Epochs",3,403999893,186336440,54
2445690,"Lost Castle 2",2,1732351832,1319097639,24
2445990,"Bloomtown: A Different Story",2,1051160864,931799429,12
2446460,"Antonblast Demo",3,201786507,165295814,19
2446550,"STAR WARS™: Battlefront Classic Collection",3,67509325115,36330528439,47
2447030,"Planetiles",2,371665735,157755808,58
2447260,"Cats on Duty",3,628816899,280556770,56
2448020,"Yooka-Replaylee",3,27869836991,11643248086,59
2448030,"Pine Harbor",3,14280456023,8009714941,44
2448340,"TRY AGAIN",3,3735274496,1372697714,64
2448970,"Dungeonborne",2,16158039896,15632532156,4
2449040,"Cursorblade",3,40525436,29012044,29
2449450,"Clonizer",3,2413571672,426268012,83
2450450,"MEGATON MUSASHI W: WIRED",1,48096314715,47277188018,2
2451020,"RedCrow",3,14667638492,5459826151,63
2451100,"Little Rocket Lab",3,1917248634,1144458545,41
2451240,"Handmancers Demo",2,3204306660,987042274,70
2451530,"WarSphere",3,2627701160,924155721,65
2452280,"Mecha BREAK",1,45397790233,39727330915,13
2452890,"Catacomb Rogue Clawsaders",3,403930165,273378458,33
2453060,"Dreamcore",1,4033978806,3853866891,5
2453160,"Sword of the Sea",3,6988842533,5867321104,17
2453360,"鸡械绿洲 (Cluckmech Oasis)",3,1381368386,363018042,74
2453610,"Towerful Defense: A Rogue TD",3,342371925,104930088,70
2454020,"Mimi the Cat - New Friends",3,3217416391,1111059616,66
2454040,"Floppy Cat Bow Golf!",3,1191903868,1061169877,11
2454890,"DEATH IN UNISON",1,517518658,415718297,20
2455180,"Moose Lost in the Woods",2,337193458,157012868,54
2455360,"Cooking Simulator 2: Better Together",0,10234476075,9484999313,8
2455640,"Romancing SaGa 2: Revenge of the Seven",3,21011599794,18206333094,14
2456320,"Cervus Blade",3,3615304709,3497691372,4
2456330,"Bloompunk",3,2510801247,1122164473,56
2456740,"inZOI",0,23993746033,22935145261,5
2456960,"The 7th Guest VR",3,26645976898,25684483736,4
2457220,"Avowed",2,74117979480,72942613171,2
2457890,"DRACOMATON",3,455803746,209264820,55
2458120,"Mononeko",3,1828077072,1298841638,29
2458210,"Tamer Vale",3,613609878,125850140,80
2458530,"魔女的夜宴",0,5393201113,5259262381,3
2458980,"Dimhaven - The Lost Source",3,2328568555,1330823955,43
2459000,"Cataclismo Demo",2,6138135478,3211560444,48
2459460,"Grapplania",3,155152277,63322824,60
2459550,"Emberward",1,2078274815,938666176,55
2460680,"Bubblegum Bandit",2,797158644,561648119,30
2461030,"Umbraclaw Demo",3,725264810,719839542,1
2461280,"Lessaria: Fantasy Kingdom Sim",3,10628152541,5444221249,49
2461850,"Hellblade II: Senua’s Saga",3,53092554658,52176379812,2
2462520,"I'm on Observation Duty 7",3,3124609841,1567477872,50
2463420,"Etrom 20th Anniversary Edition",3,2563486918,1256722072,51
2463620,"Connection: The Nightmare Within",3,17816574429,8861013124,51
2463820,"Coffee Brakes",2,1672240939,525492857,69
2464090,"Kittenwood Cats - A Hidden Object Game",3,452765038,172613251,62
2464280,"Tormented Souls 2",0,25419980695,17713528971,31
2464530,"VOIN",1,3248110301,3033444673,7
2465830,"Robin Hood - Sherwood Builders - Bandit's Trail",2,50188143729,32079792168,37
2468400,"Hot Wheels Monster Trucks: Stunt Mayhem™",0,3190985119,3111188207,3
2471100,"Unnamed Space Idle",3,129400556,61997056,53
2473480,"Tails of Iron 2: Whiskers of Winter",2,5508280687,5005767790,10
2473640,"EcoGnomix",3,415372241,223954826,47
2473710,"Abyss School",1,4422109243,4313619093,3
2473980,"Draw",3,299276650,225140900,25
2474460,"Rise of Koreth",3,4614463489,2109163691,55
2474750,"欢乐牌(Happy Poker)",3,340970322,191997772,44
2475420,"Parking Tycoon: Business Simulator",3,2918692296,1430910552,51
2475490,"Mouthwashing",3,2799328234,1457427954,48
2476940,"Romancing SaGa 2: Revenge of the Seven Demo",2,7758957019,6781530103,13
2476960,"Death Slayer",3,230262092,66525969,72
2477010,"Ticket to Ride®",2,2186220730,1114288946,50
2477090,"Mosa Lina",3,152691740,93352112,39
2477270,"Lust's Cupid",3,2799856350,1220132911,57
2477290,"Half-Life 2 RTX",3,45672224330,40697577689,11
2477340,"Expeditions: A MudRunner Game",0,32005880902,27823603311,14
2477650,"Write Warz",0,10282320510,7360595337,29
2478080,"Balatro Demo",2,64806441,59760647,8
2478170,"Laika: Aged Through Blood Demo",3,14630701781,1172172378,92
2478210,"PAYDAY 3 - Beta",3,25023408729,15095323724,40
2478270,"Bongus Bright-eye & The Great Axe-stravaganza",3,2279652701,718148867,69
2478730,"It's a Gluttonous Life",1,2565963913,2446496432,5
2478970,"Tomb Raider I-III Remastered Starring Lara Croft",3,6243651825,4327424568,31
2479000,"Noise-o-matic",3,81268787,34465790,58
2479650,"SpongeBob SquarePants: Titans of the Tide",0,10647839213,9318089187,13
2479740,"Pieces of me",3,19313032565,19163719947,1
2479810,"Gray Zone Warfare",2,23520824476,19512153333,18
2480970,"Mandew vs the Forever Rain+",2,55135852,47194209,15
2481210,"Neve Demo",3,478691522,343214656,29
2481800,"RAM: Random Access Mayhem Demo",3,505334280,417206272,18
2482040,"Call Of Boba Demo",3,203534751,155802789,24
2482190,"Power Fantasy",3,479275648,189150228,61
2482360,"Eukarion Tales: Origins",3,25170494,16961536,33
2483190,"Forza Horizon 6",3,167671216709,156580955768,7
2484110,"FINAL FANTASY VII EVER CRISIS",0,2683934045,2584250880,4
2484130,"Fruitbus",2,2464463753,2196474113,11
2485180,"Travellin Cats in Georgia",3,113998214,94225879,18
2485620,"Astrality",3,90593244,76772224,16
2486740,"Sledders",3,12602653013,8873584672,30
2486750,"Beecarbonize",3,176591627,62745908,65
2486820,"Sonic Racing: CrossWorlds",2,17531266225,17248388373,2
2487060,"Anonymous Hacker Simulator",2,3393068856,3283642178,4
2487150,"Deconstruction Simulator",3,8813378287,8447509356,5
2487300,"Docked",0,21556845733,14775277935,32
2487490,"Sakura Succubus 8",0,339955147,264648648,23
2488370,"Cash Cleaner Simulator",2,2460432307,2257399540,9
2488510,"FatalZone",3,2703303522,644331748,77
2488620,"F1® 24",0,66140939556,64652354520,3
2489330,"Whiskerwood",3,4445745633,2381555747,47
2490850,"Fallen Angel: Hell Survival",3,3764286475,2422170873,36
2490990,"Visions of Mana",2,39943942050,34496630336,14
2491040,"Higurashi When They Cry Hou+",2,3897233446,3597160803,8
2491690,"Shroom & Doom",3,44565900,36724004,18
2491710,"Asurya's Embers",3,2419838221,2160406046,11
2491720,"Kneedle Knight",3,1533719776,1286127712,17
2492040,"FATAL FURY: City of the Wolves",1,34395405181,24985626714,28
2492390,"Logiart Grimoire",2,811581654,636970359,22
2492660,"METAL GEAR SOLID: Peace Walker - Master Collection Version",1,21484057079,21359051148,1
2492670,"METAL GEAR SOLID 4: Guns of the Patriots - Master Collection Version",3,24524216274,22158992502,10
2493100,"Sneak Out Playtest",3,1175752762,497422771,58
2493530,"Kristala Demo",2,12879991204,12575506956,3
2494340,"Tour de France 2024",3,29772214544,29149082996,3
2494640,"GIMMIKO Demo",0,457973116,413663851,10
2494720,"Little Man Has a Day",3,356968817,74981738,79
2494960,"Bopl Battle Demo",3,508628565,134162325,74
2495100,"Hello Kitty Island Adventure",2,3659852876,3169953185,14
2495220,"Homeworld 3 Demo",2,19226890103,18763639318,3
2495450,"Winter Memories",3,1942559414,1597374998,18
2495980,"箭箭剑 Arrow a Row",3,217798951,107042536,51
2496180,"Ghost Town",3,25239980314,15275674873,40
2497900,"DON'T SCREAM",0,15043509667,13133995043,13
2497920,"A Difficult Game About Climbing",3,471922688,257472776,46
2498480,"Milthm",3,3054115066,1976602427,36
2499180,"Ascending Inferno Demo",3,2496526561,2362002285,6
2499520,"Be My Horde",3,1353350306,1192961541,12
2499700,"Sleeve Shock",3,269506201,208695863,23
2499800,"Garten of Banban 6",0,663716277,586582255,12
2499860,"DRAGON QUEST VII Reimagined",3,8634368897,7017605325,19
2499870,"DRAGON QUEST VII Reimagined Demo",3,2817801823,2135546061,25
2500050,"Super Dragon Punch Force 3",0,1177329509,593616892,50
2500400,"King Island 3",3,26947185,17051648,37
2500410,"King Island 2",3,26910566,17014784,37
2500710,"VoidBound",3,6010126881,5609395785,7
2501600,"DICEOMANCER",3,4845437392,571855517,89
2502350,"Out of Hand",3,472816915,204647205,57
2502760,"Wolvesville",2,379606039,307643876,19
2503690,"Selene's Unbearable Night",3,20629181099,8821931834,58
2504090,"Heroes of Valor",3,779972622,675350808,14
2504480,"Indigo Park: Chapter 1",3,9468376435,9140335659,4
2506160,"Fears to Fathom - Ironbark Lookout",3,3524760899,1727927540,51
2506480,"Clue/Cluedo",3,5523761036,4944908998,11
2507620,"The Quintessential Quintuplets - Five Memories Spent With You",1,6443931080,6397579094,1
2507640,"Pyroworks",3,5952783936,2356768308,61
2507950,"Delta Force",2,114892444748,112845249701,2
2508150,"Untrusted: hackers at large",2,965619992,348388372,64
2508870,"Last Broadcast",3,2239426754,747442852,67
2508940,"Mythical Concept STARNAUT",3,11359018756,10969375566,4
2509200,"ERA ONE",2,7909402869,6725615557,15
2509700,"Mimi the Cat - Meow Together",3,2546049359,983648181,62
2510710,"Kunitsu-Gami: Path of the Goddess",2,20146484443,19780760711,2
2510770,"Stella of The End",2,5545880660,5530574654,1
2510850,"Slay the Minotaur",3,381970863,299372544,22
2510960,"Temtem: Swarm",3,5069045660,2323181439,55
2511500,"Dominions 6 - Rise of the Pantokrator",0,720575406,444070300,39
2511940,"Disruptive",3,3838896587,3611823638,6
2512080,"DDI Rally Championship",0,3818503489,2562720857,33
2512710,"Fuga Melodies of Steel 2 - Demo",3,3790726306,2096029529,45
2512820,"BOOMEROAD",3,1194014265,988707423,18
2512830,"NOTTOLOT",3,957866476,437370878,55
2512840,"DORONKO WANKO",3,366253924,288722286,22
2513280,"SONIC X SHADOW GENERATIONS",3,41008318103,29259456502,29
2513440,"eWorlds: A 3D Platformer Adventure",3,1474167434,1227331187,17
2513890,"The PenguinGame 2 -Lies of Penguin-",3,2789040619,1184191196,58
2514640,"All in Abyss: Judge the Fake",3,1629088997,980377169,40
2514960,"Refind Self: The Personality Test Game",3,145422686,96222770,34
2515020,"FINAL FANTASY XVI",3,149800761148,141550353030,6
2515170,"Tavern Talk Demo",3,688445368,413294025,40
2516820,"LuckLand",3,486420767,187416626,62
2516940,"The August Before: Chapter One",3,992511264,735678663,26
2516980,"Heroes & Redemption",2,967564499,144396786,86
2517120,"Solar Expanse Demo",2,1570609784,728790186,54
2517440,"Mini City: Mayhem",3,1214656044,474786738,61
2519420,"Cat city",3,395944223,109025600,73
2519730,"UVSU Demo",1,49195548,41721909,16
2519830,"Resonite",1,1408581858,946758118,33
2520280,"Powers in the Basement",3,172577997,45745621,74
2521380,"Legacy of Kain™ Soul Reaver 1&2 Remastered",3,10970677715,8312442862,25
2521630,"Mini Settlers",3,926514894,349101943,63
2523120,"King of the Bridge",3,126605633,44179557,66
2523720,"Gears of War: Reloaded",3,76334764040,69027739776,10
2523770,"The Lord of the Rings: War in the North™ - Legacy Edition",3,23229118222,15164627609,35
2524440,"TEKKEN 8 - DEMO",2,29682026618,25931074203,13
2524890,"Pixel Gun 3D: PC Edition",3,5268132437,3986426134,25
2525120,"鈴集無名の丘 ～ Little Doll Queen",3,376405506,317995926,16
2525310,"Drop Duchy",2,2278725275,1803453928,21
2525380,"Tomb Raider IV-VI Remastered",3,12835389129,8343604040,35
2526310,"Out of Sight",2,5205403989,4494891736,14
2526380,"Sword of Convallaria",2,10026644848,9155471038,9
2527390,"Dead Rising Deluxe Remaster",3,70307473595,65807354896,7
2527500,"MiSide",1,3394085391,2009355130,41
2527520,"MiSide Demo",3,623963701,290037858,54
2527870,"Half Sword Playtest",0,2421713294,2337630738,4
2529130,"URBO: Dream One",3,316878111,224944682,30
2529170,"Storage Hustle",3,8782234756,3394330236,62
2529250,"Mini Settlers Demo",3,626670722,326139772,48
2529820,"Wedding Witch",3,417200967,317298498,24
2530500,"Dropkick Navvy: First Step",2,886770646,689313249,23
2531310,"The Last of Us™ Part II Remastered",2,111116710243,103950330425,7
2531520,"Dreamcore Demo",3,4436738039,4237524178,5
2531940,"Stray Path",3,156040944,110424064,30
2532550,"LIZARDS MUST DIE",3,3303274678,1680709940,50
2533020,"Renaissance Kingdom Wars",2,4997647872,2396088266,53
2533180,"MELLOWOLLEM",3,284496865,244184717,15
2533370,"Heads Up! Phones Down Edition",2,988494334,447135465,55
2533960,"SUMMERHOUSE",2,582795759,92546048,85
2534120,"Self Defense Dojo",2,1032907632,900337919,13
2534370,"Yars Rising",1,7231135772,6702948350,8
2535440,"Shadows of the Damned: Hella Remastered",3,4921765455,4870709255,2
2535680,"Riot Control Simulator: Rookie Day",3,3862201888,3155826646,19
2535950,"Battlestar Galactica: Scattered Hopes",3,5487099833,1329673057,76
2536080,"Exo Rally Championship Playtest",3,7490030685,2622032124,65
2536650,"TYPECAST",3,253645838,221106826,13
2536840,"GINKA",2,3925703668,3427018714,13
2537590,"Microsoft Flight Simulator 2024",3,12539801720,10207170309,19
2537920,"Just Crow Things",2,1393625525,644928710,54
2538150,"OyasumiVR - VR Sleeping Utilities",2,535267762,307223940,43
2538400,"VORON Demo",3,2704551096,874353539,68
2538910,"夏末白夜",0,4017358991,3857484403,4
2539520,"Z.O.N.A: Origin",2,12427904223,7618275557,39
2539910,"XF Extreme Formula",0,9467874975,8761426808,8
2540630,"Cooking Craze",0,642670641,471951858,27
2540840,"Mega Hero",3,2501584706,992009259,61
2542120,"NINJA GAIDEN: Ragebound",3,2680616847,743723860,73
2542140,"Ketz: Galactic Overlords",3,2503357245,1023310871,60
2543180,"POPUCOM",2,10298819811,9261262228,11
2543510,"GUNTOUCHABLES",3,1620659402,329234336,80
2543830,"Way of the Hunter 2",3,29151049383,28745330810,2
2544110,"Broken Sword - Shadow of the Templars: Reforged",0,7401665653,7398385031,1
2544760,"Kuroinu 2 Redux",3,5788469081,5736440803,1
2544880,"Dreamland",3,2840588789,2655898046,7
2545710,"Tony Hawk's™ Pro Skater™ 3 + 4",0,55091517564,54943179478,1
2546090,"At Winter's End",3,3612822683,621960758,83
2546690,"Tram Simulator Urban Transit",2,13321517113,6742193555,50
2547140,"Undercroft Warriors",3,287924177,145741824,50
2549650,"Ammo and Oxygen",3,3881210004,1901388502,52
2551020,"One-armed robber",0,1018327840,949815113,7
2551170,"Travellin Cats in Maple Hollow 🍂",3,70454459,53488240,25
2551200,"KILLFISH",3,1191369892,959677892,20
2551500,"巫兎 - KANNAGI USAGI -",3,1037410231,930347371,11
2551570,"Parking World: Build & Manage",2,5868740502,3536215701,40
2551920,"Tools Up! Ultimate Edition",3,2865479699,1234861928,57
2552330,"AutoDepth Image Viewer",1,8762908177,5942541620,33
2552430,"KINGDOM HEARTS -HD 1.5+2.5 ReMIX-",3,73849079047,69074067704,7
2552440,"KINGDOM HEARTS HD 2.8 Final Chapter Prologue",3,36936901122,34160301234,8
2552450,"KINGDOM HEARTS III + Re Mind (DLC)",3,71769963004,70968346568,2
2553180,"Mazepocalypse",2,70059548,37740610,47
2553710,"Birds Aren't Real: The Game",3,1066660819,421891665,61
2554990,"Beacon Patrol: First Horizons",2,276797065,97760816,65
2556160,"Cute Farmer Life",3,260765358,135768917,48
2556990,"Beyond Good & Evil - 20th Anniversary Edition",3,16055210557,14042545892,13
2558390,"Go Go Zombies",1,2268768664,553863395,76
2559330,"Unit Down Charge Demo",3,419455042,137287502,68
2560240,"Biped 2",3,19089369090,8149316606,58
2560460,"Hidden Cats in Spooky Town",3,1436520876,558622656,62
2561160,"Cyber Manhunt 2: New World Demo",1,1329053063,1093795725,18
2561580,"Horizon Zero Dawn™ Remastered",3,113798985618,99151922498,13
2563340,"幻现的花海 - Sea of Phantom Flowers",3,317844291,186460180,42
2563840,"Toy Shire Demo",3,641042903,234828536,64
2563970,"Sky: Children of the Light Demo",2,2979421553,2592502896,13
2564350,"Constance Demo",3,2628981593,842875311,68
2564520,"Lost in Random: The Eternal Die",3,3840580023,3243546048,16
2564660,"Frontline 1942",2,3957818822,3638923482,9
2564880,"Departed Away",2,282782072,222171136,22
2565310,"Hello Cruel World",3,4656687693,4315637888,8
2565550,"Beyond Hanwell",3,60995016057,60533319935,1
2566340,"Gedonia 2",1,13431816855,8285115615,39
2566880,"MOOD",3,1612870734,1479045521,9
2567520,"Match it Sexy: FREE",3,1749817681,590041953,67
2567870,"Chained Together",2,5994973545,5840916826,3
2568880,"The Hardest Game Ever",3,527289616,88414490,84
2569760,"The Mound: Omen of Cthulhu",3,25225786754,24741840976,2
2570450,"Solomon's Link",3,124447783,56841380,55
2570630,"20 Small Mazes",3,76385432,43340386,44
2570810,"Ys X: Nordics",1,13420347281,8267153979,39
2570840,"Tempest Rising Demo",2,16329150683,14863392883,9
2571030,"Captain Hardcore Demo",3,21361366760,13307866174,38
2571400,"Kitten's Wardrobe",3,509136186,383452578,25
2572290,"YOHANE THE PARHELION -BLAZE in the DEEPBLUE- Demo",3,379796794,375596026,2
2572370,"DRAGON BALL GEKISHIN SQUADRA EM",0,6672485784,6641773751,1
2575900,"Corn Kidz 64",3,195117645,84637320,57
2576970,"Fantastic Fist Demo",3,368128958,72267998,81
2579080,"Pale Coins Demo",3,449743334,393890891,13
2581010,"ASTRA: Knights of Veda Demo",2,606590160,335696981,45
2581050,"KAMITSUBAKI CITY ENSEMBLE",3,14537608927,13612024647,7
2581080,"Cats Spotter 猫咪观察员",3,948517690,708039499,26
2581250,"Unawake Demo",2,25522766701,13374013272,48
2581470,"Robocop: Rogue City Demo",2,40998097282,40662340977,1
2581700,"MotoGP™24",3,26471260884,25934996626,3
2582150,"Ruffy and the Riverside Demo",3,4324952792,1119967186,75
2582320,"Mixtape",2,12198909061,10923854157,11
2582650,"Enishia and the Binding Brand",3,1707461656,1502284921,13
2584270,"Mortal Shell II",3,73100144871,57398320128,22
2584990,"Shadowverse: Worlds Beyond",1,12236130642,12050991366,2
2585050,"TYRONE SOULZ",3,3138545888,1033263195,68
2585890,"Demon Tides",3,2109267634,1743431504,18
2586000,"Endless RPG - Untold Tales",3,166646737,150073455,10
2586520,"Atelier Resleriana",2,11764941160,11354348708,4
2586850,"SpellRogue Demo",3,2746577768,1193031987,57
2587450,"Tank Team",3,1741646777,119172377,94
2589170,"傲慢的怪獸公主與名偵探使魔 Demo",2,1947882728,541757503,73
2589500,"Whisper of the House",3,1687179203,1104117309,35
2589670,"Love x Debut",1,1538557536,1325966065,14
2590250,"The Windows Are Gone",0,519380391,264536304,50
2591280,"F1® Manager 2024",2,18795324391,16775235313,11
2591910,"My Furry Protogen 2 🐾",3,627327267,591554238,6
2592040,"Buddy and Friends on Halloween",3,312550983,117406540,63
2592160,"Dispatch",1,13043068310,12965164752,1
2592540,"Spin Rhythm XD - Demo",1,360814351,241384746,34
2593370,"The Hungry Lamb: Traveling in the Late Ming Dynasty",3,2232698250,992603094,56
2593450,"Furi Demake - The Chain",2,237826303,135677317,43
2593900,"[Chilla's Art] The Kidnap | 誘拐事件",0,7877025761,4135060579,48
2594640,"Taora : Beginning",2,4716761374,1809401141,62
2594920,"Atelier Resleriana: Forgotten Alchemy and the Polar Night Liberator",2,1080415099,712871480,35
2596420,"Arranger: A Role-Puzzling Adventure",2,8431640413,2294198661,73
2596880,"PNGTuber Plus",2,100074160,35962880,65
2598630,"The Dragonhood",3,909735626,366132778,60
2598750,"Rabbit and Steel Demo",0,169250008,133354299,22
2598980,"Oh Baby Kart",0,18996496934,14404500008,25
2600140,"Please, Touch The Artwork 2",2,2527121756,1139524143,55
2600700,"CONERU -DIMENSION GIRL-",2,7876598048,1639405796,80
2601390,"Pool 2",0,407170459,129108114,69
2601940,"Pinball Spire",3,961285506,473702495,51
2602030,"Entropy Survivors",3,4467566030,4176318329,7
2602450,"Spellbound Survivors",2,244238591,194941818,21
2603020,"Citadelum",3,5392358425,1969546036,64
2604860,"Heart of the Machine Playtest",2,3909132713,2249473275,43
2605580,"Fall into decay Demo",0,715543238,626662590,13
2605790,"Deep Rock Galactic: Rogue Core",2,3787955077,3485156155,8
2606170,"Vivaland: Dream House",2,6288926235,6137899772,3
2606890,"Japanese Drift Master Demo",3,8502458343,8181059584,4
2607060,"From Glory To Goo",2,402187870,233571707,42
2607470,"Little Splash",3,142046158,52874740,63
2608040,"Travellin Cats in China",3,84203024,64522892,24
2608050,"Travellin Cats in Jingle Jam",1,108546583,92638066,15
2608270,"Intravenous 2",2,1005556194,1001758720,1
2608350,"Sentinel Girls2:Snezhinka",0,673377596,235372379,66
2609610,"CONVRGENCE",3,13070693200,7039065825,47
2610090,"A Park Full of Cats",2,365773400,314302464,15
2611170,"DAVY x JONES",3,17528045144,11657681418,34
2611590,"Tale of Time: Bagua",3,145974719,52457405,65
2612680,"Cureocity",3,1225853657,731916820,41
2613060,"My Recycling Center",3,5450904876,2336224943,58
2613480,"LAN Party",2,554026806,251291041,55
2613610,"Drift.Wav",3,1372147396,615216068,56
2613870,"BattleCore Arena",3,3488560414,3388706784,3
2614580,"Inspector Waffles Early Days",3,259342324,84039624,68
2614670,"The World's Egg - For Those Who Dream",2,988055819,885383719,11
2615290,"Mostroscopy",0,2345407226,1242280846,48
2615540,"VOID/BREAKER",3,11260627541,10981573854,3
2616430,"Populous™: The Beginning",2,506784856,432205920,15
2616450,"Populous™ II: Trials of the Olympian Gods",2,19494255,11596301,41
2616460,"Dungeon Keeper™ 2",3,560603263,494734045,12
2616500,"Bridgebourn Demo",2,2511746247,2165857630,14
2617400,"极简塔防 - Minimalist Tower Defense",3,272475938,123007836,55
2617420,"DarkSwarm Closed Alpha",3,7063846323,2841528004,60
2617700,"Tinkerlands",3,350818700,183572434,48
2617800,"Desktop Tourney World",2,367977283,284496447,23
2618370,"Mossy Pixels",2,110914777,59938195,46
2620240,"Spectral Scream",3,8541033649,4238093633,51
2620730,"偏差者 DEVIATOR",3,7534651402,2408499389,69
2621200,"Wander Stars Demo",3,1079348647,815548515,25
2622000,"Astral Party",1,3183411662,2837183216,11
2622380,"ELDEN RING NIGHTREIGN",0,24247781156,24141009609,1
2622470,"Tank Squad Demo",2,16031862530,9433869960,42
2623050,"Berzerk: Recharged",3,247854899,168940558,32
2623190,"The Elder Scrolls IV: Oblivion Remastered",3,127862561793,126041039014,2
2624080,"MycoRelic",0,1768689333,1068924197,40
2624460,"Devilated Demo",1,4993609197,2760138132,45
2624870,"Life is Strange: Reunion",3,28373913990,13798803952,52
2625420,"Drive Beyond Horizons",2,12942640205,12701881409,2
2626860,"Dragon Eclipse",3,3365644717,972952362,72
2626910,"Aviators",3,26813991669,26488861210,2
2627260,"NINJA GAIDEN 4",3,67150210839,66344115536,2
2627570,"Goofy Gorillas",3,789711299,480296220,40
2628570,"Stellar Settlers: Space Base Builder",3,1146518096,489842964,58
2631250,"Slitterhead",3,28157781681,27893140022,1
2631580,"Cat Search In The Wild West",3,593630564,114440845,81
2632890,"WildFront",3,2434041427,553004940,78
2633210,"Catch Them Sweetie",2,215372647,157566711,27
2634890,"MARVEL vs. CAPCOM Fighting Collection: Arcade Classics",0,3545426527,3527283226,1
2634950,"Tokyo Xtreme Racer",1,8947058365,8747636577,3
2635340,"yahtzee girl",3,4977587055,801971883,84
2635360,"United Penguin Kingdom: Huddle up",3,1046758112,968845473,8
2635680,"I commissioned some cats 6",3,86185126,71797502,17
2635740,"I commissioned some cats 10",3,88970918,74582782,17
2637940,"Used Cars Simulator",3,16681449962,9863624024,41
2638340,"The Legend of Lumina",2,59219650,38021570,36
2638370,"Five Nights at Freddy's: Into the Pit",3,3637452900,1056788111,71
2639100,"Inari",0,11447668463,3708007679,68
2640520,"Cat Warrior",3,31113876,18311146,42
2640950,"Scott Pilgrim EX",3,820618406,638412510,23
2641470,"Spectre Divide",2,11160311118,9731597941,13
2641490,"Blood Running",3,905163239,683195409,25
2642680,"Half Sword Demo",0,2077408740,2000373244,4
2642820,"Hentai Stories",3,1918172310,1434535189,26
2643390,"Star Trek: Voyager - Across the Unknown",2,9396866936,9194528556,3
2644010,"Nebel Geisterjäger ~ The First Lamb",3,1641072802,1426878785,14
2644470,"PICO PARK 2",3,217514181,116507905,47
2644820,"Light-It Up",3,269391334,47910744,83
2645580,"Free Stars: The Ur-Quan Masters",3,148584733,140818114,6
2646320,"息风谷战略",2,3170128091,2708602659,15
2646460,"Soulmask",2,11234106738,11112627366,2
2646660,"Aimcademy",3,497166353,118102832,77
2647300,"Meow Moments: Celebrating Together",3,372845562,283028221,25
2647680,"ICBM: Escalation",2,5968078717,5385688180,10
2647820,"Ad Fundum",3,402109345,75798210,82
2648050,"Sam & Max: The Devil's Playhouse",3,1935603891,1920637883,1
2649080,"Coffee Caravan",3,265797000,118911990,56
2650630,"Last Hope",2,9082767789,3636619000,60
2651220,"Blacksmith: Ignite the Forge",3,1348962609,477912294,65
2651270,"Enginefall Playtest",2,29908155159,29448549473,2
2651280,"Marvel's Spider-Man 2",3,118044472303,105549411829,11
2651330,"Intravenous 2: Mercenarism",3,283878315,279134208,2
2651570,"Lilim wants to Lv up♥",3,1131103808,813092367,29
2652000,"The Jackbox Naughty Pack",3,2502453174,2468439323,2
2652820,"机械陷阱 Mechanical Trap",3,181744748,136664271,25
2653790,"The Exit 8",3,1640195729,1530233755,7
2653940,"Star Trek: Resurgence",3,16702319474,16078241279,4
2654490,"Relic Arena",1,3632977054,2040885822,44
2654860,"Mizi NO!",3,512951432,260526928,50
2655590,"Kingdom's Deck",3,2624275075,851158924,68
2655740,"CatBox",3,194310157,138404278,29
2657710,"Kotoko's a Little Weird",2,575909106,468459124,19
2657720,"Alchemist Quest",2,1941605596,1803475271,8
2658450,"LOLLIPOP CHAINSAW RePOP",3,15048084296,14743526220,3
2658470,"Is this Game Trying to Kill Me?",3,1839995779,731817745,61
2658510,"Animal Shelter 2",1,17419767132,11318714717,36
2658690,"Supurr Cat Cafe: Sandwich Rush",3,230793160,142797979,39
2658710,"Tinkerlands: A Shipwrecked Adventure",0,193523622,141976393,27
2658820,"Watermelon Game",2,136460426,80025204,42
2659900,"Sixty Four",3,413680942,229792938,45
2660410,"CORRUPTION 2029",3,4484204915,3791754446,16
2660460,"Aviassembly",2,320632213,121241031,63
2660750,"Teku",2,277728942,139575710,50
2660930,"Aliya's Ascent",2,305225702,226708028,26
2661300,"Grounded 2",3,35199259056,18188963668,49
2662780,"Heat Death: Survival Train",1,3506083680,3297228626,6
2663530,"POOLS",3,7170496134,3497678780,52
2663950,"再见断刀",3,7388259349,2451949174,67
2665460,"Windward Horizon",3,643954717,253951072,61
2666510,"Rusty's Retirement",3,335899059,130165175,62
2667120,"Ballionaire",3,393046251,245302720,38
2667430,"Grimhook",3,1511833689,1276904905,16
2667950,"Gloomy Eyes",2,4547168823,4171505256,9
2667960,"Granblue Fantasy Versus: Rising Free Edition",2,19154110907,18766859610,3
2667970,"100 Asian Cats",3,180101300,36917093,80
2668050,"Quickie: Fantasy Adventure",2,542193856,313965722,43
2668080,"Snowbreak: Containment Zone",2,24129277155,23660855056,2
2668430,"The Legend of Heroes: Trails through Daybreak II",3,22900575031,22732594878,1
2668510,"Red Dead Redemption",3,10142948540,9077480896,11
2668580,"Cattie",3,33275680,15695938,53
2669150,"Mindlock - The Apartment",3,1851451743,1795973758,3
2669320,"EA SPORTS FC 25",1,56426774620,55706960325,2
2669410,"Metro Awakening",3,30141890044,28313154811,7
2669490,"Chambers: The Outlaw",3,1867540525,1044853156,45
2669910,"Bioguard",3,1248041603,164687685,87
2670280,"BLEED RUNNER",3,218037500,108578417,51
2670630,"Supermarket Simulator",3,3056679728,1463559611,53
2670760,"Streets of Rogue 2 Demo",3,3304357233,322114323,91
2670800,"Sunrise GP",0,2048623191,1911044952,7
2671230,"BLADECHIMERA",3,298808445,207730524,31
2671320,"Hidden Cats in Tokyo",3,2392608803,2097386841,13
2671710,"Wild Thaw",3,1395701879,665245587,53
2671730,"Hans",3,402049908,282152742,30
2671740,"Heart-S-Truck",3,649308256,178317953,73
2671970,"My Suika – Kyo’s Fruit Merge",1,196691880,110891802,44
2672090,"Cats and Seek: Osaka",3,294105864,136901058,54
2672470,"UnLoop",3,1526344395,1320581741,14
2673070,"Ardem Playtest",2,22693006438,9213786976,60
2674590,"Beltmatic",3,259310095,81125289,69
2674620,"Postal 3 - Official Soundtrack",3,1320841360,1318025313,1
2674720,"Bloodthief Playtest",3,760247920,712563360,7
2674810,"Dragon's Dogma 2 Character Creator & Storage",3,6028411518,5598782034,8
2675630,"Cats Huddled Together 挤在一起的猫猫们",3,492349130,412401199,17
2676160,"Arcade Paradise VR",3,4617281152,2814351723,40
2676540,"Brush Burial",3,448891855,255914039,43
2677310,"GRIDROAD",3,129616157,45946978,65
2677470,"POOLS Demo",3,1213613022,620509779,49
2677660,"Indiana Jones and the Great Circle",1,121631325080,118025366397,3
2678080,"Tides of Tomorrow 🌊",3,11694337293,11353044210,3
2678990,"Minami Lane",3,264749129,186824228,30
2679100,"Witchspire",3,6842750780,6522177667,5
2679460,"Metaphor: ReFantazio",1,86334585915,62039135432,29
2679690,"Age of Advent",3,859273691,247199880,72
2680010,"The First Berserker: Khazan",3,55773481308,27486868603,51
2680550,"Hollywood Animal",3,5047915518,1943840883,62
2680660,"'83 Technical Test",1,8543598685,7146938354,17
2680680,"outside the door",3,549838364,392415061,29
2681030,"Outbound",3,13180769539,7180202239,46
2682120,"Movie Cinema Simulator",3,1280794539,286921138,78
2682580,"DUCKSIDE",1,13738233836,8463487134,39
2683150,"Ale & Tale Tavern",3,4674530653,1884555633,60
2684630,"Endacopia",3,2985340259,1536590735,49
2684780,"Chromatic Isle",2,181782506,91940808,50
2684790,"William and Sly: Classic Collection",3,92983844,51487037,45
2685210,"Where Jellyfish 水母在哪里",3,86194910,30859038,65
2685240,"Where Cats 猫咪在哪里",3,83254301,31701190,62
2686320,"Sexy Iron Maidens",3,580876616,517668864,11
2686630,"Voyagers of Nera",3,29812648676,11725290087,61
2686970,"Sephiria Demo",3,617995960,151699812,76
2687190,"100 Christmas Cats",3,235728028,64451673,73
2687660,"Trenches VR",3,1469826559,638227322,57
2687970,"TRIBES 3: Rivals",2,8344033735,8037130988,4
2687990,"The Black Guards of Odom - Desert Town Prison",2,788839684,691380054,13
2688720,"Hidden Cats: Magic Forest",2,290308905,91688002,69
2688950,"Planet Coaster 2",2,27171378206,16753498611,39
2689460,"Strange Pong",2,130654712,86073188,35
2689830,"Lost Isle Demo",3,22892614737,16295510430,29
2689930,"Detective Instinct: Farewell, My Beloved",1,1004158124,918723113,9
2690010,"Handyman Fantasy",3,1314022887,147017132,89
2691350,".Forty-Five",3,410777993,350898087,15
2692440,"LoveCraft",3,7508812052,6913109798,8
2692570,"Sonder",2,618533743,526596672,15
2692990,"DON'T SCREAM TOGETHER",2,14846231795,12830155819,14
2693060,"Garten of Banban 7",0,892983963,814278895,9
2693730,"Dawnsbury Days",1,1729891592,909754139,48
2693930,"Dice & Fold",2,1057329751,333964926,69
2694420,"KILL KNIGHT",3,2937931781,2642351193,11
2694490,"Path of Exile 2",2,110334977534,108873927806,2
2695080,"Kittenbay Cats - A Hidden Object Game",3,1017962907,208581296,80
2695270,"Miss Neko: Pirates",3,1193389514,200817715,84
2695350,"Mullet Mad Jack Demo",3,12095612410,1588320525,87
2695490,"Age of Water",0,17943132798,15995711323,11
2695780,"With Shining Eyes",3,327018967,138381621,58
2695940,"PANICORE",0,11313677166,11187643167,2
2696050,"Yarimono",1,4411395371,4135339373,7
2696780,"Space Accident VR",3,919580467,716703321,23
2696860,"Dragonero Demo",2,7648919411,5105490418,34
2696930,"FROM THE GROUND",0,2643672670,2059069337,23
2697000,"The Legend of Khiimori",0,23965292817,21349238946,11
2697930,"Commander Quest",0,3793715005,3327320390,13
2698300,"Cat Sandbox",3,176501039,77691469,56
2698420,"Restore Your Island",3,5960212313,5478183927,9
2698780,"ContractVille",1,22130752363,11583470217,48
2698940,"The Crew Motorfest",2,59808320454,58728156186,2
2700090,"Fox Game",2,1339014510,820630926,39
2700100,"Last Minute Shopping",2,1573480526,676145900,58
2700330,"Dungeonborne Demo",3,12256455191,11752179501,5
2700540,"Travellin Cats in Japan",0,279934381,249994098,11
2701660,"DRAGON QUEST III HD-2D Remake",3,17024153603,16099980331,6
2701800,"No Players Online",2,799566295,670296831,17
2702010,"Cute Cats Slide",3,259343144,187629568,28
2702630,"Chernobyl: Simulator",3,2066638167,1561670693,25
2704110,"Aliya: Timelink",3,691848043,201413385,71
2704280,"Fractured Horizon",3,801774222,696809734,14
2704510,"Simple CEO",3,522748380,177476008,67
2706020,"ALL WILL FALL",3,5758147491,3378989791,42
2706300,"MILF's Plaza",3,3913563153,3739185767,5
2707070,"SubwaySim 2",2,10362066065,10109110038,3
2707110,"Birds Organized Neatly",3,64718549,52537572,19
2707360,"Atan",2,1828388372,1731361043,6
2707490,"Tower Factory",3,240962867,158300423,35
2707900,"NIGHT-RUNNERS™ PROLOGUE",3,5857350650,2299429121,61
2707930,"Palia",0,19385134582,16741572451,14
2707940,"FPV Kamikaze Drone",3,4353480931,4200397163,4
2708280,"ESCAPE FROM BOYKISSER",3,1989311017,1658285091,17
2708450,"Oh Deer",3,1432212860,971205162,33
2708610,"TRIBES 3: Rivals Playtest",3,8856187168,8404284677,6
2708720,"MistsBook",1,359532696,298758144,17
2709440,"Delta Force Alpha Test",2,47257456168,46077792156,3
2709570,"Supermarket Together",3,8706454291,3493756027,60
2710580,"The Cost Of Bliss",0,329829376,263372800,21
2711190,"Hyperspace Deck Command",1,1374499143,1146197309,17
2712380,"Legends of Dragaea: Idle Dungeons",2,678583554,207994412,70
2713000,"Resonance: A Plague Tale Legacy",3,81435135835,70814666487,14
2714210,"Pocket Pusher",3,508391546,98992688,81
2714490,"Project Mix Demo",3,2898813529,2416687730,17
2715590,"我和美女有个约会",3,7481822028,7334165793,2
2715650,"Humans are not that against Lizardwomen",3,3647449152,3343173673,9
2716120,"Kaetram",2,160833884,124997632,23
2716140,"Milo and the Christmas Gift",3,248026198,238835872,4
2716490,"Portal 2: Confinement",2,5462847883,3109827274,44
2717090,"From Glory To Goo Demo",0,472005332,275077072,42
2717220,"雀魂 -じゃんたま-",2,5423340493,4806214233,12
2717880,"The Rogue Prince of Persia",2,1351658480,1117398031,18
2718010,"Slash Quest",2,461535925,374489712,19
2719060,"Mirage Feathers",3,815169536,163500851,80
2719150,"Holo X Break",3,272337225,180595371,34
2719160,"Contractors Showdown : ExfilZone",3,59811790109,57397770792,5
2719200,"SAMURAI WARRIORS 4 DX",3,22923670328,22552420393,2
2719740,"Zero Caliber 2 Remastered",2,23341415278,22606191547,4
2719750,"Star Birds",3,1898725023,1006398546,47
2719940,"The Bonerooms",0,801054973,423885764,48
2720920,"ASTROBOTANICA",2,2325442250,1606771321,31
2721340,"Last Flag",2,4690249283,4203280773,11
2722210,"Dungeon of Erotic Master Plus",3,784858385,781934128,1
2723430,"inKONBINI: One Store. Many Stories",3,3330383071,1751051760,48
2723520,"Misha's incident",2,1110785086,905850597,19
2725190,"Cats, Guns & Robots",3,1013025962,868290727,15
2725260,"ENDER MAGNOLIA: Bloom in the Mist",2,3386494874,3245647469,5
2725530,"Eclipsium Demo",3,1072547707,506718884,53
2725700,"DINNERDINNNER",3,327907783,287971066,13
2725860,"Starstrike",2,327423609,187015255,43
2726450,"Windowkill",3,112902902,64770584,43
2726490,"Hamster Hunter",3,493327870,176188571,65
2726560,"Kona & SnowRabbit: Pilot",2,1019889184,460830769,55
2726870,"玩个Gui",3,1606836927,602328957,63
2726890,"拜托！明天和我恋爱吧",3,25967831660,25673139633,2
2727660,"GlitchSPANKR",3,4652762012,4482784607,4
2728040,"SherloCAT Holmes Nonogram",3,210483574,149940929,29
2729000,"Cats and Seek: Dino Park",3,306890639,149658467,52
2729360,"虚构未来（Imaginary future）",3,2551999219,2291301121,11
2730530,"Syn-Chorus 01: The New Life",0,19835039675,5575926506,72
2731870,"Ys X: Nordics",1,7229668190,7161898770,1
2732100,"Medieval Blacksmith",1,5502661300,5157414156,7
2732470,"Times & Galaxy Closed Beta",3,1821603156,1521717086,17
2732960,"Command & Conquer™ Generals Zero Hour",3,2941922695,2101499790,29
2732980,"Capybara: The story of Sisyphus",3,3545382975,1274592627,65
2733920,"Cat Search in Feudal Japan",3,249814105,78854602,69
2734310,"相声模拟器",2,229899224,198038528,14
2734350,"Elise",3,6525899146,6341806903,3
2735580,"Netherworld Covenant",2,4759373674,4133801572,14
2735630,"Frostrain",3,1304891236,265824830,80
2735870,"Underminer",2,578302564,113002744,81
2736480,"Hidden Cats in Berlin",3,960570667,305518253,69
2736490,"Mob Control",3,715088595,176208750,76
2737070,"Crime Simulator",3,19147053705,9428621118,51
2737300,"Parking Garage Rally Circuit",2,244094517,197713920,20
2738000,"FINAL FANTASY XVI DEMO",3,17846566561,17041012736,5
2738230,"The House of Tesla: Definitive Edition",2,8367244811,7880420345,6
2738320,"Phantom Ascension",1,1554159659,1262253777,19
2738420,"Backrooms: Eight Levels",3,9467125513,4443404256,54
2738490,"Sol Cesto",3,497495354,341422657,32
2738600,"Subside Demo",3,1257002189,1151271358,9
2738630,"Dungeons & Dragons Neverwinter Nights 2: Enhanced Edition",3,40086291154,34265185128,15
2738940,"Voids Vigil",1,116044079,108046202,7
2738990,"Node Farm",3,368195732,237731334,36
2739590,"Mad Island",2,1536190500,1301535334,16
2739630,"of the Devil",3,8436342663,2405853076,72
2739830,"King Arthur: Legion IX",3,39613432378,35916920749,10
2739900,"They Can Fart",2,337899102,145456958,57
2740000,"Cute Suika: Big Watermelon",3,336390441,252831226,25
2741390,"Check Inn",3,875384023,278414938,69
2741560,"SimCity™ 3000 Unlimited",3,617986559,455827264,27
2741670,"MINDWAVE Demo",3,363016497,283006097,23
2742620,"Memary: Memory of the nameless one",1,520033493,462352546,12
2742830,"Monster Train 2",1,1803514406,1251777460,31
2742840,"Saturn",3,1907390379,1532379262,20
2743030,"LISA: The First",2,112626903,100699471,11
2744230,"YEAH! YOU WANT ""THOSE GAMES,"" RIGHT? SO HERE YOU GO! NOW, LET'S SEE YOU CLEAR THEM! 2",3,1163732528,643490680,45
2744880,"Climber Animals: Together",3,1787016230,454550726,75
2745660,"Monsters of Mican",3,3187353283,2958268724,8
2746610,"Oil Sheik",3,367170297,164800995,56
2747280,"Abyss: New Dawn",3,2241206181,1703999711,24
2747330,"Species: Unknown",1,5641889334,5530282398,2
2747550,"Bloodshed",3,3224007032,861895987,74
2747770,"Wednesdays",3,1460392670,212629519,86
2747780,"Dishwashing Simulator",2,711346397,548125787,23
2748340,"Goblin Cleanup",3,8754172305,3596515849,59
2748470,"DarkStorm",3,17294616718,6951654305,60
2749770,"Galaxy Burger",2,806008979,158321809,81
2749950,"Esports Manager 2026",2,7383479536,2759804514,63
2750000,"Microtopia",1,2154838041,1992903955,8
2750510,"AMYGDALA: Prelude Demo",3,3345374313,1821173512,46
2751000,"Prince of Persia The Lost Crown",3,30968318361,28512423459,8
2752710,"WHAT THE PAK?!",0,3610804987,3337429439,8
2752720,"Dice Player One",2,4624414693,2376566567,49
2753000,"GOALS",3,2866412227,2428068007,16
2753900,"The King is Watching",3,391538370,327150473,17
2753970,"MARVEL Cosmic Invasion",3,502172400,466558648,8
2754340,"Lagoon Lounge 2 : The Secret Roommate",3,1153149800,370366531,68
2754690,"这个是真的喜欢！",3,18092501725,17965038303,1
2755410,"Charm Commerce",3,477893890,96931258,80
2755480,"The Censor DX Edition",0,1935744268,1028601964,47
2756770,"Tavern Manager Simulator 🍻",3,2533326842,1262480736,51
2756930,"PUMP IT UP RISE",2,23856228434,22439494917,6
2757330,"Class of '09: The Flip Side",3,1261288349,1103847343,13
2757490,"Petit Game Collection vol.1",3,904150191,412033979,55
2757540,"Mechanophagia",3,139162547,87020463,38
2757630,"Lonely Knight - Idle Roguelike RPG",2,116150937,80687380,31
2758000,"名利游戏",3,23217937382,22662465418,3
2759810,"VR Driver School",3,721567764,521949803,28
2762650,"Magibrick",3,338951257,98864225,71
2763670,"Arctic Eggs",2,551034656,408064000,26
2763740,"Revolution Idle",3,143669800,52709272,64
2764370,"星之翼",3,7982512934,7292293390,9
2764750,"The Other Side",3,29703118191,29238910376,2
2765200,"我被古装美女包围了！",3,22301513316,22114647484,1
2765860,"Slipstream: Rogue Space",2,304915882,147976123,52
2766860,"都要！小孩子才做选择！",3,37870888541,37555975010,1
2767030,"Marvel Rivals",1,85584327366,78030911236,9
2767530,"Wicked Seed",3,32994865945,28134629751,15
2768430,"ATLYSS",3,346078625,149601102,57
2769780,"CleanFall",2,4180097441,573388189,87
2771670,"Psychopomp",3,270305368,156447705,43
2772560,"Supermarket Simulator: Prologue",3,3133792524,1223855736,61
2772750,"Age of History 3",2,864376742,716729586,18
2772990,"Ghost Janitors",3,12557878336,5324893655,58
2773280,"ANEURISM IV",3,1514550624,778171141,49
2773840,"Sushi Ben Demo",3,5251633255,3923540172,26
2774190,"总裁你想和谁谈恋爱",3,53684205751,52506083192,3
2774240,"Instruction",3,160628191,32726364,80
2774660,"The Land Beneath Us Demo",3,879778951,540690332,39
2775180,"101 Cats",3,572112369,119174650,80
2775370,"Disillusion ST",2,5426054528,4772531119,13
2776090,"Lay of the Land",0,1792129090,1447727993,20
2776500,"Time Treker",3,208961546,118511371,44
2776570,"Travellin Cats in Germany",3,91634024,75257398,18
2776780,"Blood Bar Tycoon",3,3947385861,3101655988,22
2776900,"陰の実力者になりたくて！マスターオブガーデン",3,574464452,194623800,67
2777150,"Penny’s Big Breakaway Demo",0,665891298,579451788,13
2777270,"Backrooms Together Demo",2,7415392036,7133282539,4
2777740,"MOUTHOLE",3,1691946143,1023595946,40
2778500,"Kitty's Last Adventure",3,315755730,112766269,65
2778850,"One Iced Latte With Your Breast Milk, Please!",3,720966762,620482013,14
2779220,"Guano",3,1914731861,1791869539,7
2779230,"Zarathustra - Cybergeddon",3,522667181,253734367,52
2779390,"Bolt'N'Punch",3,2017297517,1726706725,15
2779430,"Goblin Cleanup Demo",3,6121402171,2478958128,60
2779570,"Archons",3,1275430929,1126505305,12
2779630,"Escape The Mad Empire Demo",3,226913404,139402948,39
2780980,"LOCKDOWN Protocol",3,1983727696,1856658842,7
2781100,"Out of Action Demo",2,540651462,466323959,14
2781210,"CAT & ONION",3,59502440,46759936,22
2781370,"EXIT KUN",1,2880139928,2657630570,8
2782500,"SWORD OF JUSTICE",3,60621085702,54461863372,11
2783360,"Age of Empires Mobile: PC Edition",1,22688041242,21560141178,5
2783610,"Malignant Survivors",3,738043306,460389139,38
2784470,"9 Kings",3,174174614,96037248,45
2784660,"Snow Cone Serenade",2,406175571,380892916,7
2784840,"Egg",2,100560422,40378475,60
2785800,"Wizzerd Quest",1,423155333,293858469,31
2786360,"蘿莉RACING",0,4387743484,2253804896,49
2786550,"CURE - A Hospital Simulator",2,5107499702,4807201486,6
2786680,"美女，请别影响我学习",3,21828449364,21568999396,2
2787300,"Sheryl ~The Alchemist of the Island Ruins~",2,1254716547,1148858527,9
2787320,"Revenge of the Savage Planet",0,13266850910,13039857653,2
2788310,"Twilight Survivors",3,1392583036,1242337919,11
2788360,"カルトに厳しいギャル-CULT VS GAL-",2,393261538,284226918,28
2788520,"Cozy Caravan",3,1586838984,1351860990,15
2788870,"Mini Settlers: Prologue",3,491059953,205709184,59
2788960,"Hidden Cats in Jigsaw Puzzle",3,3505808241,3038622339,14
2789420,"Escape from Ever After: Onboarding",1,1651639079,1318242189,21
2790330,"Blood Typers",2,890930054,483806982,46
2791020,"定制女友",3,14608890888,13687777611,7
2791440,"Brighter Shores",3,886890030,780187408,13
2792400,"I commissioned some cats 11",3,525891450,518782162,2
2793810,"Creation of a god",2,2951294657,1403467811,53
2794260,"Cat Survivors",3,149377352,95092736,37
2794330,"Atuel",2,1621304259,888872467,46
2794770,"Clock Tower: Rewind",3,8401758558,8257763796,2
2795000,"The WereCleaner",3,1972606498,446725879,78
2795750,"Night Slashers: Remake",3,1608583014,1314815904,19
2795860,"Looking For Cats In a Badly Drawn Forest",3,91511279,40126024,57
2796010,"Party Club",0,4557572384,1825776285,60
2796340,"Illusion Carnival",2,3633499035,1041915240,72
2796510,"Beef Cat Ultra",3,73824096,58840300,21
2796550,"Rental",3,239628450,81088098,67
2799070,"Falos",3,117234776,62889984,47
2799860,"INAZUMA ELEVEN: Victory Road",2,60603894683,60573438622,1
2800080,"Thief VR: Legacy of Shadow",3,34976914412,17942058549,49
2800890,"Hello Neighbor 3 Playtest",2,2390880512,2146248114,11
2800900,"Rift Riff",1,572016800,492523520,14
2801700,"HYPER DEMON PVP",3,187556455,150233666,20
2801930,"Uncover the Smoking Gun Demo",1,1577842809,1021019828,36
2803060,"导演模拟器",3,27654896037,27215432933,2
2803810,"重生！我在古代遇佳人",3,31423102914,31275410276,1
2806050,"Halo: Campaign Evolved",3,78078966178,71687263086,9
2806640,"The Talos Principle: Reawakened",1,49414895870,49125894532,1
2807150,"Worshippers of Cthulhu",3,10421605546,4352808363,59
2807620,"Star Trek Legends Demo",3,1475454352,1339333171,10
2807960,"Battlefield™ 6",1,84955021255,81344628523,5
2808560,"Disciples: Domination",3,19149368682,15943012416,17
2809080,"Rollin' Rascal Demo",0,3668638422,2150474100,42
2809670,"Micro Stream RPG",2,10333731,6489569,38
2810210,"Codename CURE II",3,13475409750,6861491165,50
2811830,"Ocean World: Eden Crafters Prologue",2,1387334838,713267523,49
2812480,"月白",3,432339580,42485610,91
2814450,"Wild Bastards Demo",3,5576039506,1892046358,67
2814850,"FAIRY TAIL DUNGEONS Demo",1,981169791,515437407,48
2814950,"Lazy Climbers",3,5230702904,2715588972,49
2814990,"Screamer",3,32024542347,31582666135,2
2816950,"Yaoling: Mythical Journey",0,10165954002,8298977727,19
2817140,"怦然心动的她们",3,63340198329,62346819555,2
2817530,"恋恋女团",3,25622282807,25097677622,3
2818260,"Vigor",3,21994501036,18014398561,19
2819110,"The Chronicles of Lancelot GOLD",3,17745202536,9152099507,49
2819750,"Deathless Death",3,574040950,485446428,16
2819970,"Jeepney Simulator 2",3,8178803339,2852158063,66
2820350,"Battle Aces (Beta)",2,5745430526,5143147859,11
2820700,"A Gentlemen's Dispute",3,4464316923,2038663599,55
2820820,"Jotunnslayer: Hordes of Hel",0,13768977056,8509337355,39
2821610,"Echoes of the End: Enhanced Edition",2,50787457360,45600787298,11
2821800,"Drill Core",3,3070151394,2626049754,15
2821890,"PegIdle",0,406501217,160622619,61
2822030,"Smash Girls",2,1790073813,1410071967,22
2822250,"AETHUS Demo",3,2755490491,2359195537,15
2823080,"Sketchy's Contract",2,11157850194,6542037917,42
2824230,"last seen online",3,304382286,135001918,56
2824310,"Lucky Hunter",3,531971898,156030263,71
2824490,"He is Coming",2,356049137,146780190,59
2824580,"Terry's Other Games",3,330259793,261412779,21
2824660,"Old School Rally",3,974850168,516551704,48
2824730,"Yawnoc",1,307207480,228769440,26
2825110,"Technotopia",2,2105370827,260599670,88
2825180,"WOWOWOW KORONE BOX",3,100208433,45387302,55
2825530,"Beholder: Conductor",2,5745670874,478395269,92
2825730,"Nekokami: Internship - The Prologue Adventure",2,176884441,81442203,54
2825840,"All Will Fall - Demo",3,4222282740,2007409274,53
2825860,"The Sinking City 2",3,52147390314,51476995414,2
2825880,"Death Howl",2,3851993167,1076587039,73
2827200,"MIMESIS",3,3089036294,1362658924,56
2827230,"Wild Assault / 兽猎突袭",1,35401819412,31910574407,10
2828500,"The Jackbox Megapicker",3,333579948,135162084,60
2828860,"The Forever Winter",2,84928921914,65073251283,24
2828980,"Blood Rush Demo",0,571680077,382851518,34
2829100,"The Crew Motorfest - Demo",3,55782749801,53752152173,4
2830030,"MOTORSLICE",3,1810382472,1439900687,21
2830150,"Super Mining Mechs",3,173560904,159750115,8
2830540,"Galaxy Rush",0,1049419677,877940088,17
2830620,"Evil V Evil Playtest",3,30193274825,23363549243,23
2830700,"Fastival",0,1267027842,1091405856,14
2831340,"Rabbit Hole",2,717650360,521506526,28
2832330,"Aeons Echo",3,954446158,218588560,78
2832420,"Some Heroines Climb Up a Tower to Ask God Why the Game Has a Name That's So Long Demo",2,2779859595,291963829,90
2832510,"Esteem - The little wolf saga",3,394366304,301844559,24
2833530,"Tavern Keeper 🍻 Demo",3,5196761050,2383766873,55
2833580,"BRAVELY DEFAULT FLYING FAIRY HD Remaster",3,10100586980,8944070815,12
2834690,"2048 - Dungeons",0,3674521827,1804746420,51
2834700,"Koltera 2",2,301788800,169858301,44
2834910,"Rocksmith+",3,1937319395,1862035923,4
2835030,"Dino Cats",3,190670471,47707972,75
2835110,"Sea Fantasy",2,468091530,358654668,24
2835530,"Backrooms: Extractions",3,8859029468,8138999773,9
2835570,"Buckshot Roulette",2,1079770441,844228637,22
2837320,"Unreal Physics",3,11919025692,11447792872,4
2838510,"Egg RTX",3,689411623,437268631,37
2840190,"Great God Grove",3,1546166604,840284265,46
2840210,"Bureau of Contacts",0,11785692653,11686962762,1
2840250,"ZERO PROTOCOL",3,295841805,175115827,41
2840470,"SimplePlanes 2",1,3958526524,1914832334,52
2840770,"Avatar: Frontiers of Pandora™",2,93377451738,90168473556,4
2840890,"Nekokami - The Human Restoration Project",3,198267989,78307585,61
2841060,"Pawsome Cats in Kittynawa",3,724600837,160752498,78
2841070,"Dropped into the Modern World: Surviving the Red-Light District",3,1310199804,969418081,27
2841770,"Phantom Squad",0,6471033216,2131116826,68
2841820,"Jump Ship Demo",2,16283057760,9487504479,42
2842040,"Star Wars Outlaws",1,66483060625,64469813711,4
2842800,"尸姬之梦",3,5218891015,1587695538,70
2842890,"Kunitsu-Gami: Path of the Goddess - Demo",3,6987599709,6829617471,3
2843340,"CARS",0,146908968,74169366,50
2843640,"Idle Colony",1,90418841,68361753,25
2844290,"Hard Chip",2,2929313188,1621353078,45
2844850,"FANTASIAN Neo Dimension",3,13907199569,12030059854,14
2845200,"SULFUR Demo",2,955227731,644371005,33
2845320,"Cats and Seek: Kyoto",3,312325586,155097881,51
2846290,"Unspoken",3,1549601211,733020425,53
2847430,"King Island",3,26525779,16629760,38
2848420,"My succubus Kukula",2,384064938,219860924,43
2849090,"Rebel Engine Demo",2,5905009582,5778534587,3
2850190,"灾厄黑龙与谎言公主",2,1610404966,1458192955,10
2851150,"Tomba! Special Edition",3,4198194811,3836210768,9
2851820,"Kriegsfront Tactics - Prologue",2,2812167392,1311764311,54
2852980,"Necroking",3,452326454,174555754,62
2853130,"Astrodle",1,187008840,83028128,56
2853160,"SHOOPER NOVA",3,390535491,206888615,48
2853590,"Void War",2,327689787,300665851,9
2854160,"INAZUMA ELEVEN: Victory Road Worldwide Beta Test Demo ""Leave Your Inazuma Mark on the World!""",3,16637651399,16637651399,0
2854690,"Cats of the Ming Dynasty",3,4961939836,3346742837,33
2854740,"Nunholy",3,694261279,561438637,20
2857640,"Super Dash Demo",3,345237641,69132944,80
2858410,"Brinkmanship",3,816186003,488956426,41
2859800,"Harbinger",3,2289462848,1997070550,13
2860770,"Deep Rock Galactic: Rogue Core Playtest",3,3929590248,3536247026,11
2862610,"超级星探",3,63910464909,62981861636,2
2862670,"Playback Loop",2,4271761717,1842276871,57
2863640,"The Midnight Walk",3,18582502700,18220882099,2
2864560,"Rune Factory: Guardians of Azuma",2,13330341283,12954155775,3
2864890,"Magic Research 2",3,556161504,226212240,60
2865580,"Let's Minesweeper",3,232661836,107530106,54
2865640,"Help the Cats",3,319803540,233502701,27
2866790,"Mushroom Musume Demo",2,469793422,397396710,16
2868110,"Street of the Cats",3,241475424,181122950,25
2868840,"Slay the Spire 2",3,2904085836,1360839890,54
2868860,"Card Survival: Fantasy Forest",0,949130769,314281907,67
2869860,"Monster Prom 4: Monster Con",2,1275298174,933948873,27
2870020,"Test Drive Unlimited Solar Crown Demo",3,48769043864,46594720330,5
2870280,"Pogo Rogue",3,212619524,185127504,13
2870350,"Pipistrello and the Cursed Yoyo",2,650011754,487990037,25
2870420,"Mech Builder",2,3061347554,399533628,87
2870710,"Pih",3,11443073182,11183421447,3
2870840,"Ale & Tale Tavern: First Pints",2,4540189719,1800840989,61
2870920,"Restaurats",2,22045279513,18634774603,16
2870990,"Mecha BREAK Demo",2,33087078465,29391947454,12
2871440,"Squeakross: Home Squeak Home",2,564261011,316123486,44
2873080,"The NOexistenceN of you AND me",2,2341966382,2211317050,6
2873760,"女神全部锁定我 Beauties! They're All After Me",3,15989407463,15852545898,1
2873820,"Redemption of Li Wei",3,188732708,131383122,31
2875110,"Commander Quest Demo",3,3407455262,2913947974,15
2876200,"eXoSpace Combat Engineer",3,126752653,93012100,27
2877170,"TouHou Makuka Sai ~ Fantastic Danmaku Festival Part III",3,1974220184,807391362,60
2877240,"Miko in Maguma",3,763003689,524151796,32
2877660,"Jitter",2,191160490,149657903,22
2878100,"Planetka",3,214593264,42418689,81
2878140,"Gooba Ball",2,260731663,45337757,83
2878420,"Old Market Simulator",2,869798032,336267935,62
2878600,"Harry Potter: Quidditch Champions",3,14853181042,14432829075,3
2878960,"WWE 2K25",0,104222418102,103753143405,1
2878980,"NBA 2K25",2,153237436716,148718715756,3
2879090,"NYO-NIN-JIMA -My New Life in Charge of a Tropical Island-",2,550816599,546717164,1
2879840,"Escape Simulator 2",2,15809900622,14943746473,6
2880730,"AI2U-With You ‘Til The End",3,10146260200,4311000700,58
2881650,"Content Warning",3,1019585786,447663771,57
2882440,"DEVIL BLADE REBOOT",3,217244091,175838087,20
2882920,"SSR Wives: The Murder Of My Winter Crush Demo",3,1874387256,738566088,61
2885060,"GOSDOOMA",3,568836020,314044554,45
2885230,"Bucket Crusher",3,239593619,55556509,77
2885870,"Strange Antiquities",2,2654644092,1092252523,59
2886660,"Mokoko X: The First Date",3,379166507,221866117,42
2887320,"Cats of the Qing Dynasty",3,4995939668,3229367589,36
2888120,"Auto Clicker",3,367596839,137784968,63
2889660,"Sex Formula",0,29517528496,17887785346,40
2890830,"Streamer Life Simulator 2",3,11994484374,5488688280,55
2891370,"Pieced Together",2,5872888105,1910106162,68
2891460,"DIG VR",3,10689681590,4457968258,59
2891600,"DGGWare",3,92261444,69783745,25
2892310,"GIRLDIVERS",3,6002088273,830476717,87
2892530,"うんちがいさがし～うんちの品質を守るゲーム～",3,812200421,698734851,14
2893570,"DRAGON QUEST I & II HD-2D Remake",3,16720929896,16082530304,4
2896380,"Beyond the Map",2,3528125924,1713899871,52
2896760,"Azooma Escape",3,3189175800,302645520,91
2896980,"姑苏城中那些猫",3,5190399366,3449882897,34
2897240,"Puffin Planes",3,630801005,258328336,60
2897580,"Idle Hero TD - Tower Defense RPG",3,278377311,152325657,46
2897610,"Egging On",2,2365236020,2108035586,11
2897700,"Arizona Sunshine® VR Remake",3,41264195382,20317258230,51
2899410,"Arcane Raiders",3,118972424,64782336,46
2900750,"WHAT THE CAR? Demo",3,957047755,299576595,69
2900870,"Yuma Nest",0,604978342,533659912,12
2901040,"Ivorfall",3,1502242931,1255505025,17
2901140,"Stray Cats in Cozy Town",3,231285892,186433636,20
2901550,"Arcanists",3,783256264,174376891,78
2903560,"Platform 8",2,1595430376,1491323050,7
2903690,"Horny Villa",2,3363018210,2983188709,12
2903950,"Master Detective Archives: RAIN CODE Plus",2,53236172740,47815284764,11
2904000,"The Spell Brigade",3,2919254004,756490955,75
2904040,"Cheap Car Repair",3,6006749578,3671445462,39
2904320,"Astrometica: Prologue",3,6212065855,6038609071,3
2904740,"Day at the Office - Prologue",3,4654872233,4327797115,8
2905090,"UberSoldier",3,2033316701,1996559803,2
2905170,"Magic Archery",3,82086139,34105395,59
2905180,"Shade Silver",3,2264017868,1820084636,20
2906960,"AI Limit Demo",2,6695360485,6082134541,10
2907010,"FIND KITTENS: The last of cats",3,397239524,313602363,22
2908480,"Gladio Mori Demo",3,225636076,80436518,65
2909110,"Nuclear Nightmare",3,10252716495,9839124230,5
2909400,"FINAL FANTASY VII REBIRTH",2,164826255737,164271806814,1
2911000,"Packmates (Beta)",2,3690048826,1834042105,51
2911280,"Master of Love",3,24476975870,24079772709,2
2911850,"Playing Kafka",3,740846316,548633049,26
2912110,"Baldur's Gate 3 Playtest",2,154133508314,139107188526,10
2912430,"Platypus Reclayed",3,5087993457,1585322425,69
2915460,"OneShot: World Machine Edition",3,1515382286,366784662,76
2915930,"Knockout City - Private Server Edition",1,24509113558,23512308376,5
2915950,"Mega Mosaic",3,222798525,127225029,43
2916430,"Fast Food Simulator",3,4968602748,4807208195,4
2916780,"Digital Audio Wasteland",3,1793603510,1666089743,8
2917040,"Garten of Banban 8: Anti Devil",0,1910003262,1822546040,5
2917350,"Spin Hero",3,345581256,263536640,24
2918090,"Fear The Timeloop",0,20909541385,20692254516,2
2918130,"Deepest Trench",1,11348668342,10749734355,6
2918150,"ONE PIECE Bounty Rush",2,403781484,305945979,25
2918300,"SPLITGATE: Arena Reloaded ",0,18602107004,16277637922,13
2918310,"Mama's Sleeping Angels",3,2117767225,1963635151,8
2918550,"Drive Me Crazy",3,32288199180,32124856147,1
2920270,"Super Sus",0,463465953,350879156,25
2920570,"Dale & Dawson Stationery Supplies",2,2105405830,1245350170,41
2920580,"Valefor Demo",3,1603428575,365726867,78
2921380,"Caribbean Crashers",2,192775773,109672286,44
2923210,"Oopz-Oofs",2,437757834,133746496,70
2923220,"Cats Balance",3,237892386,94917547,61
2923300,"Banana",3,1821628699,780093034,58
2923390,"Clothing Store Simulator",1,6453489505,3800386648,42
2925310,"Cats Around Us: Giant Cat",3,314433477,157162332,51
2926110,"Vay",3,152835484,122179896,21
2928520,"Recycling Center Simulator",3,6239945550,2784243910,56
2928600,"Demon Slayer -Kimetsu no Yaiba- The Hinokami Chronicles 2",3,26846039271,24536149005,9
2928650,"Only Up: SKIBIDI TOGETHER",3,8825624524,8643403281,3
2928700,"三日危情，独家的记忆",3,29622057986,28648065611,4
2929730,"Cat Bait",3,223503848,150798336,33
2930080,"Trading Towns",2,329781400,233435136,30
2930160,"Nightmare Kart",2,463364960,321079534,31
2930900,"帝国末日前的学院狂想",0,1121440420,795321372,30
2931190,"Aim Zen Demo",3,341384018,80879690,77
2932040,"2.5 DIMENSIONAL SEDUCTION: Angels on Stage!",3,2086424037,590950963,72
2932580,"Tiny Glade Demo",3,1166553886,670124594,43
2932760,"City20 Demo",2,1809787118,1464072452,20
2933080,"Crime Boss: Rockay City",3,83476555980,77223732129,8
2933130,"The Lord of the Rings: Return to Moria™",0,15497600743,15231442145,2
2933990,"Travellin Cats in Christmas",3,140395009,117069370,17
2934220,"Monsters are Coming!",0,1815951243,682324688,63
2934770,"Baldur's Gate 3 Toolkit",3,839899314,223612920,74
2936080,"ReSetna",2,24344694713,14720941264,40
2937080,"Sunny Grove Demo",3,2861955685,1219494404,58
2937340,"Mind The Abyss",3,1541019195,1418062004,8
2938240,"Outbound Demo",3,4129249167,2253428829,46
2938490,"Crying Room",3,108920696,50114560,54
2939630,"Cat Meoir: Feline Detective",3,6054766231,2963040798,52
2939640,"Broventure: The Wild Co-op",2,1210859239,957799579,21
2940200,"Haste Demo",3,2655844517,1102409585,59
2940490,"Furry Aim Trainer",3,920749474,766114367,17
2941710,"Project Silverfish",3,6342739452,4043296110,37
2941730,"Bloodthief Demo",3,747189320,387194880,49
2943650,"FragPunk",1,49211464386,48718652097,2
2943730,"FragPunk Playtest",2,21811362784,21424811073,2
2943740,"Prologue: Go Wayback!",2,5763069550,4951265379,15
2944340,"Unless",2,108148201,78247142,28
2944680,"Hamstörm",2,1460322914,1371470245,7
2944940,"Snail's Knock Out!",3,300440474,194592213,36
2944960,"Pirarucu's Money Rush",3,801883505,226776980,72
2947190,"锚点:启动 Anchors: Start",1,2802552051,929795565,67
2947440,"SILENT HILL f",3,48273120345,42850976725,12
2947650,"Choppy Cuts",3,4284354900,1571098242,64
2948640,"The Jackbox Survey Scramble",3,284191247,244053975,15
2948680,"Outlive 25",2,2936956832,2814649740,5
2949320,"Ratatan",3,1884160122,1636031813,14
2950100,"Cats of the Tang Dynasty",3,2686872028,1312283192,52
2950330,"Journey to Foundation",3,22637386459,22273946707,2
2950340,"LEGO® Harry Potter™ Collection",3,14220273585,13836365585,3
2950370,"Enotria: The Last Song Demo",2,12453089201,12283287840,2
2950790,"IRON NEST: Heavy Turret Simulator",1,3578499545,1858846432,49
2951630,"Total War: PHARAOH DYNASTIES",3,80198936492,52950672983,34
2951690,"Sonic Rumble Party",3,3334772048,2848291888,15
2952680,"Lunaria Fantasia",3,1674600985,1656874758,2
2952690,"Witch of Eclipse",2,5864025630,5726624060,3
2953480,"Lunar Eclipse",0,2980164963,2681132941,11
2953510,"I Wanna Be A Game Dev!",3,1135851929,952837770,17
2953830,"Teeto Demo",0,436752835,345731285,21
2954120,"Tower Factory Demo",2,346414814,109813644,69
2954780,"Nightmare House: The Original Mod",3,9663735369,5523633921,43
2955840,"Kitchen Wars",2,1026275554,213578366,80
2956680,"LORT",3,2713391996,2244759031,18
2957290,"Starship Simulator Dev Build",2,7047760415,5258863390,26
2958310,"Once Human Demo",2,41509644051,41002202593,2
2958390,"Creatures of Ava Demo",3,6262111587,5331023063,15
2958970,"The Thing: Remastered",3,4916175691,2654337028,47
2959670,"做你的猫",3,35985064389,35939518643,1
2959920,"Asbak Demo",3,486918794,447762601,9
2960320,"Stairway",3,1907423613,1666150551,13
2961110,"SUSHI Race",0,273661053,230490171,16
2961530,"Fears to Fathom - Woodbury Getaway",3,9513860847,4458939911,54
2961880,"Grocery Store Simulator",3,3691321704,3480943820,6
2962770,"KartMania Silver",0,3246414504,1495181149,54
2963170,"On Your Tail Demo",3,4522051794,3810193689,16
2963360,"Chicken Game",3,12816268619,12411884862,4
2963510,"In Search Of You",3,16931880695,16794043446,1
2963550,"命运游戏：逆时寻凶",3,46338264980,46126396891,1
2963800,"DrainSim",3,4410447288,3629034378,18
2963840,"EA SPORTS FC™ 25 SHOWCASE",2,123426837119,121333479622,2
2963870,"Metal Slug: Awakening",3,15127127498,11947650072,22
2963880,"Murky Divers",3,2408065573,1746399117,28
2964090,"World of Warships: Legends",3,53249609341,52783336649,1
2964410,"NETHER HEROES",3,274055974,78393185,72
2964810,"Revenge of Black Bone",3,7993856424,4574935029,43
2965270,"A Fox Tale Demo",3,331168665,103747796,69
2965660,"PILGRIM",0,669786479,590265501,12
2966320,"Starsand Island",1,10922865901,9682113660,12
2967590,"Vanakatu",3,1524046611,380933742,76
2967680,"Speedy 500",0,2551180105,1541636018,40
2967990,"Train Sim World® 5",1,57724848292,57278420582,1
2968420,"PowerWash Simulator 2",2,8808360475,8213818118,7
2968460,"Wizdom Academy Demo",2,11954031859,1914323487,84
2969070,"Steve's Warehouse Demo",2,108593635,93860044,14
2971610,"HOLE",3,595773999,447233091,25
2973240,"Above",2,2197656729,1286426672,42
2973670,"Hotel Architect Demo",2,1538820109,1247983731,19
2975280,"Recycling Center Simulator Demo",2,2557054991,1293324238,50
2975610,"Ada: Tainted Soil Demo",3,850076200,82469765,91
2976400,"Fork Road",3,4387377917,2792520013,37
2976890,"災難公關+",1,254327504,150311306,41
2977660,"Cats",3,988674565,114949150,89
2977810,"Dollhouse of Dead",1,17268800041,10432715973,40
2981220,"Forefront",3,18549188518,15450254442,17
2981590,"Factory Outlet Simulator",3,5336798919,1756243252,68
2981800,"Furriend",3,95586790,69952355,27
2982610,"Stonemachia",3,11924019686,11732083287,2
2983410,"Xenopurge",2,6419368996,5255125483,19
2984250,"Blue Prince Demo",3,3691991053,1819598784,51
2984660,"He is Coming Demo",3,375572805,125957665,67
2985610,"The Big Catch: Tacklebox",2,578002088,483942936,17
2986450,"Metro Gravity",2,1002200129,698632835,31
2987800,"Madoka Magica Magia Exedra",1,10047097765,9312670528,8
2987860,"Rock the Islands",2,230185507,136883022,41
2988580,"Yakuza 0 Director's Cut",3,74306904621,68873654742,8
2988720,"I Am Your Beast Demo",3,945438004,417289323,56
2989250,"Visions of Mana Demo",3,15016794938,12404863631,18
2989270,"A Tithe in Blood",3,5294814413,4892571700,8
2989860,"Ells Tales: Egg",3,194549977,120129542,39
2989910,"Tormenture Demo",2,1875469028,668741401,65
2990630,"DUCKSIDE Demo",2,15277517607,10068437764,35
2990640,"Endoparasitic 2",0,193438040,125468672,36
2992500,"Coin Factory",3,69809071,46643009,34
2992700,"Reflex Unit: Strike Ops",1,1663730032,1304650170,22
2992740,"Towerheart",1,318405960,174693834,46
2992820,"Shape of Dreams Demo",3,5194895370,2307396583,56
2993780,"FANTASY LIFE i: The Girl Who Steals Time",1,13533289699,11411181487,16
2994020,"Puck",0,923863988,200431022,79
2995470,"Dune: Awakening Playtest",1,41674997788,35935042391,14
2996040,"Teenage Mutant Ninja Turtles: Splintered Fate",1,2026066898,1880586563,8
2996540,"THE GOOD OLD DAYS",2,993792739,426624990,58
2996770,"Ladder it Up!",2,2414880176,2231744260,8
2997230,"Planet of Lana II",2,43654935479,22685932503,49
2997800,"Stardust Demon Demo",3,143673058,98765049,32
2997980,"Natsu no Sagashimono ~What We Found That Summer~",3,793448178,668493145,16
2998000,"Tactical Breach Wizards Demo",2,1073925846,450275914,59
2998750,"Vending Machine Business Simulator",3,3582581466,1479213383,59
2999030,"Exploding Kittens® 2",3,668115951,359651607,47
2999200,"超级星探 Demo",1,22228158705,22037486015,1
3001970,"Coloring Game 5",3,219016064,95230381,57
3002850,"FAIRY TAIL 2",3,15650483893,15299329886,3
3004100,"FREEDOM WARS Remastered",3,11904072574,11535284353,4
3008130,"Dying Light: The Beast",3,67390739067,52099469608,23
3010090,"Aaero2",2,5742476917,4875238692,16
3011030,"NO-SKIN",0,76259527,69800016,9
3011360,"Primordialis",1,48773484,46225445,6
3011460,"Concord™ Beta",2,29201676835,25882202955,12
3012160,"Botworld Odyssey Demo",3,1080696330,349774904,68
3012330,"Pipistrello and the Cursed Yoyo Demo",0,315729254,204098845,36
3014080,"The Hundred Line -Last Defense Academy-",1,32645190349,31656941785,4
3014320,"OCTOPATH TRAVELER 0",2,4568068942,4117028282,10
3014330,"OCTOPATH TRAVELER 0 Prologue Demo",2,2890159502,2545530074,12
3014700,"Metal: Hellsinger VR Demo",3,8535643518,8144567704,5
3015510,"Decision Legacy Collection",3,179326635,122582481,32
3016800,"Mecha BREAK Playtest",2,16722665098,16097765953,4
3017330,"Verho - Curse of Faces",3,7963243441,4639139337,42
3017450,"Dirty League 🔞",3,1583821986,1337877718,16
3017580,"Paragnosia",3,746944258,366616761,51
3017860,"DOOM: The Dark Ages",0,84416788182,82896084768,2
3018410,"VTOL VR Mod Loader",3,3783602965,1183033088,69
3019520,"Elation For The Wonder Box 6000 Demo",3,510393772,199786240,61
3019990,"Eden Survivors",3,472621363,356510986,25
3020510,"Legend of Heroes: Three Kingdoms",2,7109034842,4626284493,35
3021100,"Five Hearts Under One Roof",3,29389149948,27632650243,6
3021230,"Кризис в Кремле: Холодная война Demo",2,1037579645,716531577,31
3021720,"Lost Mastery",3,929934026,164699677,83
3023490,"Newton's Fourth Law",3,4636530064,1658274231,65
3023780,"NO-SKIN Demo",3,55381867,45072424,19
3024040,"Stronghold Crusader: Definitive Edition",3,6582619379,4164428612,37
3025290,"UNDERWARD",2,12513795555,11011399540,13
3025320,"Riftcast",3,59649996,22715392,62
3025940,"Project: Mist Demo",2,11356034684,5771962360,50
3027020,"Escape Party Demo",3,5044830,1753182,66
3027360,"DEATHWATCHERS Demo",3,3724346490,1774095843,53
3027930,"Karate Survivor",3,1891269657,288464616,85
3028310,"Nordhold",3,2064935864,504226261,76
3029150,"Rift of the NecroDancer Demo",2,566012458,462990037,19
3029750,"TurretGirls",3,2497958834,1801323801,28
3029820,"Ai Vpet",3,2482415990,1438348937,43
3029990,"学妹、学姐、少妇还有教导主任爱上我! Girls on Campus, from Freshmen to Faculty, All Fall for Me!",3,15753469149,15596673808,1
3030210,"Slash/Jump",3,121234192,69533696,43
3030720,"FATE: Reawakened",3,2599216897,1382701768,47
3032190,"Just Date Vegan",3,898244332,332687119,63
3032830,"Katanaut",3,1163196052,874713088,25
3033620,"500 CALIBER CONTRACTZ Demo",2,651198149,540118969,18
3035500,"Fantasy Map Simulator",3,525171996,238993736,55
3035570,"Assassin's Creed Mirage",1,43269762689,42193670822,3
3035660,"Mini GUNN",2,2504435,1225809,52
3036720,"METAL GEAR SOLID MASTER COLLECTION Vol.2 BONUS CONTENT",1,327333949,313179795,5
3036980,"Caravan Sandwitch Demo",2,3320738493,2903285883,13
3039890,"Bubsy in: The Purrfect Collection",2,5406663425,5024550991,8
3040220,"Captain Blood",3,13872748293,6227392518,56
3040820,"Cat Memories - Find the Hidden Stories",3,541538713,152968970,72
3041230,"Windrose",3,22320515828,12899668897,43
3041820,"Lilia: The Fallen Flower in the Prison City",3,5013819681,4980040503,1
3042130,"Elite Exorcist Miko Demo",3,202965302,93094066,55
3042650,"Race Max Pro",3,3334045816,2836425972,15
3043220,"Portal: Lost in Aperture",3,16154461632,8388558653,49
3043440,"Date Everything! Demo",2,5086920415,4560552906,11
3043740,"Calculate It",2,277402429,140214718,50
3043940,"Croc Legend of the Gobbos",1,31920338623,25454417626,21
3044740,"V-LOVER!",2,9314702428,3387206843,64
3045310,"Beatblock Demo",2,119316229,113467888,5
3046550,"VoiceAttack v2",1,53941029,31064671,43
3047310,"Aim Assault",3,7327227279,3135242699,58
3047370,"Net.Attack() - Code or Die!",2,7119706820,1458867575,80
3047460,"Zebulon: A Lost Cat",3,5645219,2406625,58
3050220,"THE KING OF FIGHTERS XIII GLOBAL MATCH",2,2444750742,2165988232,12
3050900,"ROMEO IS A DEAD MAN",1,35206668739,34651642120,2
3051470,"Kaya's Prophecy",3,359900891,268107737,26
3051490,"Nicktoons & The Dice of Destiny",3,12807814408,12221190209,5
3051560,"Teenage Mutant Ninja Turtles: Splintered Fate Demo",3,2777334534,1276190043,55
3052450,"Morimens",1,12608821784,11816233576,7
3055250,"Gothic Clicker",3,299341251,230896852,23
3056550,"Bananamana",0,135266007,59117563,57
3056580,"HEXAROMA: Village Builder",3,680631108,187434922,73
3056840,"A Bumpy Ride",3,1951784233,1793237180,9
3057190,"LOOTPLOT",3,200901994,192019744,5
3057670,"Pluto",2,1127459275,1030123520,9
3058140,"Desperate Place",3,568941789,406294265,29
3058630,"Assetto Corsa EVO",0,44693235134,22306828288,51
3059070,"The Headliners",2,8662838376,8490769321,2
3059520,"F1® 25",3,94743824719,89606568476,6
3060280,"The Forever Winter Demo",1,78887205750,61140629988,23
3061200,"Pushika - Cat Suika Game",3,79562912,32210944,60
3061570,"Persona5: The Phantom X",0,43369404581,41900897932,4
3061810,"Like a Dragon: Pirate Yakuza in Hawaii",3,59292400937,56756893170,5
3062380,"Mash Box",1,1956187264,1280595230,35
3062930,"Unplagued",2,866247564,777644447,11
3064290,"Trizon",3,346280240,266723328,23
3064370,"Dark Hours: Prologue",3,2620548318,2484653169,6
3065170,"Monster Hunter Wilds Beta test",2,24970469969,23618499024,6
3065470,"KLETKA Demo",3,1232261076,935996268,25
3065720,"life is not auto",3,1761392290,251222282,86
3065800,"Marathon",2,27096604802,25776069488,5
3065940,"Gallipoli",3,18998711147,11685550265,39
3066060,"Smashing Simulator Idle",3,103771621,35210303,67
3066470,"Apple Clicker!",3,98104492,68851033,30
3067930,"Labyrinth of Touhou Tri -The Dreaming Girls & The Mysterious Orbs-",0,864465458,825481356,5
3068300,"Katawa Shoujo",3,562049621,517521928,8
3070070,"TCG Card Shop Simulator",3,4493119976,1740853656,62
3070240,"Derpy's Fun House",3,480605512,54793514,89
3072120,"Backrooms Lost Runners",3,3906235229,3674534687,6
3072620,"R-Type Delta: HD Boosted",2,1324254510,1062055652,20
3074110,"The Rangers In The South",3,1094846740,851963724,23
3074440,"Blade of God X: Orisols",2,27708418881,25787533796,7
3077020,"DOKAPON ~Sword of Fury~",2,457611276,426893847,7
3077360,"Eggz - Collectible Eggs Clicker",3,268996570,31569827,89
3077390,"MotoGP™25",3,28012729064,27575660598,2
3078300,"Project Silverfish Demo",3,2850671125,2555325126,11
3078390,"CORN",3,113913430,56664569,51
3079210,"Hell Let Loose: Vietnam",0,23310978959,21783925675,7
3079280,"さいはて駅",1,1389830064,963434540,31
3079970,"Airport X-Ray Simulator",0,1969551867,840694142,58
3080240,"Lots of Cats in Every Moment",3,656874229,233747106,65
3081410,"Battlefield™ 6 Open Beta",2,42153442953,40528878468,4
3082030,"Microtopia: Prologue",1,1958693315,1822957281,7
3084260,"Ink Reverie",0,1850446045,1653309246,11
3084740,"Command Deck",3,509829125,239921290,53
3086060,"Date Banger",3,3424379474,879416962,75
3087650,"A Shelter Full of Cats",3,486915260,427917652,13
3088420,"七度荒域：混沌之树 序章",2,1952354997,1649770448,16
3088670,"Fragile Reflection",3,4537519174,2636067114,42
3089050,"Hail to the Rainbow Demo",3,5380737884,2985569817,45
3091340,"Metal Thunder",2,1057645367,927084842,13
3091940,"Fantasmagorie",3,5433386349,2994330178,45
3092450,"inZOI: Creative Studio",2,18069500406,17467597846,4
3092660,"Reverse: 1999",1,14230866208,14047985640,2
3096330,"200 Hidden House Cats",3,278761637,94712982,67
3097330,"ReMix",3,1375500786,614465599,56
3097560,"Liar's Bar",2,13942275434,5572982001,61
3099000,"Guns of Fury",0,144598355,128559469,12
3099020,"Fast Food Simulator: Prologue",2,4721925719,4600126791,3
3099190,"Anomaly Company",2,4062202053,3799278588,7
3099660,"完蛋！我被美女包围了！前传",3,66587518008,64784055686,3
3101040,"Magical Girl Witch Trials (魔法少女ノ魔女裁判)",3,7029501630,6721357228,5
3103790,"TerraCube Demo",2,160020044,61493198,62
3103840,"TCG Card Shop Simulator: Prologue",1,2870021112,1544057959,47
3105100,"SCP: CARDTAINMENT BREACH",2,95253448,41159128,57
3105440,"Heroes of Might and Magic: Olden Era",3,7039974046,2712239163,62
3105960,"Astrobuilder",2,7263767869,4045428598,45
3106660,"Until Oblivion",3,448158905,65201390,86
3106770,"A Gentlemen's Dispute Demo",1,3158355806,1196128827,63
3107070,"THE JOY OF CREATION Demo",3,1509839401,1351631483,11
3107080,"Five Laps at Freddy's Demo",0,977003238,930116480,5
3107330,"Nodebuster",3,103294197,54097093,48
3107350,"PockeDate! - Pocket Dating Simulator",3,276807929,259412168,7
3107900,"Liminalcore",1,4286053931,4142892627,4
3108510,"FlyKnight",3,660938426,546595796,18
3109050,"Waifu",3,188099456,78467072,59
3109280,"Super Loco World - Cozy Train Automation",3,2241280156,1103756895,51
3109370,"Slot Waste",1,3521512392,1355446004,62
3109580,"I Am Legion: Stand Survivors",3,253013087,119897885,53
3110070,"Fever Meme",3,2376241502,2220321019,7
3110270,"Finding Cats In Fallen Leaves Town",3,555378234,203701509,64
3110490,"Pixel Restorer",3,130496618,94707831,28
3110830,"Bobo Bay Demo",3,1150075670,662647351,43
3111080,"Secret Agent Wizard Boy and the International Crime Syndicate",3,1743437951,1162602454,34
3111930,"Fallen Priestess: My Sister's Demonic Bloodline",2,1532913598,1215489195,21
3112260," Virtua Fighter 5 R.E.V.O. World Stage",2,23172952336,21155846722,9
3114010,"CAPTURED",2,4933906800,4796427991,3
3114410,"Skill Legends Royale",2,465916017,385958728,18
3116730,"BIG LOOT",0,1657730030,872451842,48
3118160,"Floodcore",2,490324223,405162035,18
3121110,"Zort",1,3479182756,1750198677,50
3122210,"Canvas of Kings Demo",3,2144074344,172294144,92
3122360,"Catbo",3,87538376,36896768,58
3122460,"Desktop Raid",1,995610482,285577927,72
3123410,"Atelier Yumia: The Alchemist of Memories & the Envisioned Land",3,22126272992,21845851905,2
3124230,"Jackal",3,2008725845,1173344374,42
3124380,"GUNPYRE",3,761751244,658628021,14
3124540,"Far Far West",2,5581476844,5226494161,7
3126150,"BOKURA: planet",3,578851636,319190476,45
3128280,"Cats & Dice",0,141575939,113770665,20
3129550,"Grapplers: Relic Rivals Demo",2,61010873,28434459,54
3129930,"Nonentity Galaxy",3,809694146,242132452,71
3130330,"Metaphor: ReFantazio - Prologue Demo",3,57674606093,35379777897,39
3130440,"Unterholz",3,11284524960,11142314387,2
3131570,"The Protagonish Demo",2,80265560,49160838,39
3132850,"Hark the Ghoul Demo",2,1108722715,549084072,51
3132990,"Black Myth: Wukong Benchmark Tool",3,8540467716,7636663272,11
3133340,"Velvet 89",3,477835331,271928663,44
3133650,"Gold Gold Adventure Gold",3,6847343411,1896922913,73
3133950,"Grind Rush",0,2068637109,705843168,66
3134280,"Piczle Cross: Rune Factory",3,1474155895,1297521843,12
3135530,"Finn Dorset's Institute For Livestock Replication",3,35959507,25960569,28
3136330,"Tiny Terraces",3,175461578,116256511,34
3137240,"Mystical Maritime Adventure",3,2396084836,754705231,69
3137540,"AtmaSphere 2 Demo",3,1513862663,750323512,51
3138780,"Do No Harm",3,1928548144,711359704,64
3139440,"GunZ: The Duel",3,1586027462,1389839081,13
3139620,"Frontline Crisis",3,111976858,90107165,20
3140620,"C.A.S.T. (CHERNOZEM ANOMALY STRIKE TEAM)",3,2777918644,941255568,67
3141580,"台北仲夏夜之梦",3,27789314325,26774412165,4
3143710,"PUBG: BLINDSPOT",2,3441719705,3121190074,10
3143980,"The Adventure of Ninomae Ina'nis",2,287276400,98631964,66
3145350,"Cats and Seek: Toge Land",3,322515483,165288729,49
3145370,"Muffles' Life Sentence",2,598742849,414560450,31
3145780,"[ANOMALY TAPES]: Beyond Reality",3,775929342,530790828,32
3146520,"WEBFISHING",3,202797094,113462159,45
3147430,"Journey to Incrementalia",3,186866858,117267159,38
3148280,"Voxel Project VR Demo",3,2731181727,821130613,70
3149980,"Love n Life: Happy Student",3,11962895630,10556335851,12
3151320,"Dune: Awakening - Character Creator & Benchmark Mode",2,18418972489,18125210476,2
3153020,"Skatehouse",2,2986786490,1133545340,63
3155430,"FIND ALL 5: Vikings",3,433199495,341944546,22
3155730,"Venus Vacation PRISM - DEAD OR ALIVE Xtreme -",2,13114772904,13023004212,1
3156770,"Witchfire",0,38604129678,38372545511,1
3159330,"Assassin’s Creed Shadows",1,126032738207,117379585669,7
3160430,"ENDER Demo",3,892361624,357188526,60
3160780,"Terralora Demo",3,503260147,442889587,12
3164330,"Infinity Nikki",3,40320802781,39444416137,3
3164400,"Cats go! : Tactical Defense Braw",3,812566645,636226085,22
3164500,"Schedule I",3,7698857965,2401253273,69
3166810,"Insider Trading",3,477123192,210106368,56
3167020,"Escape from Duckov 逃离鸭科夫",3,2693401956,1116725474,59
3167180,"你好！我们还有场恋爱没谈",3,45995778992,45559383286,1
3167920,"Low-Budget Repairs",2,25392410182,16165086078,37
3168600,"Among Us 3D",3,729823403,451367207,39
3169100,"TRIBE NINE Demo",3,1793074216,1617125732,10
3169340,"Rainchaser Demo",3,237948396,215494732,10
3169520,"Warhammer 40,000: Space Marine - Master Crafted Edition",2,46823409641,46738353354,1
3170150,"Cairn Demo",1,5881382128,4915708365,17
3170580,"Backyard Basketball '01",2,363979253,276223354,25
3170590,"Backyard Hockey '02",2,468958916,464921694,1
3171540,"Packmates",0,2559621451,1503747120,42
3173560,"Anomalous Coffee Machine",3,1846276488,1764757504,5
3173890,"开局五个亿",3,28366559058,27567691382,3
3177920,"PUMPKIN PANIC",1,1832234279,291846764,85
3177970,"Bioweaver 血肉工匠",2,700624221,542601911,23
3178350,"WARRIORS: Abyss",3,3675743659,3592213570,3
3179730,"Deck of Haunts",2,1462816501,1354559994,8
3179860,"Pairs & Perils",3,495894832,144766111,71
3180070,"No, I'm not a Human",2,863440972,745393104,14
3180150,"Mall Simulator",2,1732832029,1474284913,15
3180240,"Tetris® Forever",3,5560913084,5544019612,1
3180310,"Billies Wheelie",0,1045023799,420517751,60
3181790,"Souper Game",3,711774445,576598072,19
3182870,"Slugterra All-Stars",3,751141046,560821542,26
3183280,"Game of Thrones: Kingsroad",3,35161606767,28591692329,19
3183680,"My Femboy Roommate Demo",0,513899960,396932793,23
3183970,"GEX Trilogy",1,3700715765,3238723848,13
3184110,"Widget Inc.",3,213418450,118210759,45
3184210,"Breath of Death VII: The Beginning: Reanimated",3,468462094,462435368,2
3185590,"Shin Megami Tensei V: Vengeance Demo",2,29134371726,27048350186,8
3185760,"Tinkerlands Demo",3,294023745,139335566,53
3186190,"Tempus Triad Demo",3,2945273169,2830672447,4
3186680,"It Paints Me",2,282665781,193304245,32
3187010,"Dinocop",2,1996829066,905177079,55
3187030,"Satisfactory Modeler",3,158638861,58143434,64
3187700,"Short Trip",3,142751771,57140974,60
3188440,"Aurascope Demo",0,131079121,101714434,23
3188550,"Trainee Death Simulator",3,620043323,528714884,15
3189340,"Dungeons of Eternity",3,5878760304,5053164436,15
3189440,"Swords & Souls Legacy Collection",1,80597360,66838338,18
3191030,"Nubby's Number Factory",3,216617847,188458090,13
3191050,"BRAZILIAN DRUG DEALER 3: I OPENED A PORTAL TO HELL IN THE FAVELA TRYING TO REVIVE MIT AIA I NEED TO CLOSE IT",3,866587045,308183320,65
3191710,"Our Ascent",3,585651147,156165932,74
3192290,"Midnight Exhibitionist",3,1832995810,1646930858,11
3193670,"对不起！我把美女包围了！",3,15101483655,14905966540,2
3194360,"Formula Legends",0,24954760292,17260790320,31
3195160,"Mars Attracts Demo",3,1300976799,1039171898,21
3195680,"Welcome to Elderfield Demo",1,957043936,782857037,19
3195790,"White Knuckle",3,4696670256,2700645247,43
3196540,"IdleTale",3,1335838328,187946350,86
3196550,"花奴令 Huanu Poems",3,32707704141,29074392525,12
3197880,"Stellar Terminus Demo",0,41763840,41763840,0
3198890,"Scale the Depths",1,2682445744,370162833,87
3199170,"Blood Strike",2,21413582159,20142221090,6
3199190,"Magic Cats Pots",3,383761222,164707955,58
3199650,"Pathologic 3",2,45027854962,35715107326,21
3199950,"Dice 'n Goblins Demo",2,431859016,426405232,2
3201100,"Tartaros Demo",3,1110280395,495974719,56
3203440,"Tales of the Moon",3,415586762,360911272,14
3203750,"动物栏：桌面牧场 Demo",3,121089832,59994112,51
3205720,"Schedule I: Free Sample",3,2218973886,1966317861,12
3206890,"The Doors That Led to Nowhere",2,3220633101,1508377792,54
3207780,"Love Mansion",3,4861989509,3891622184,20
3209750,"STARIO: Haven Tower",3,2505011684,834027174,67
3209980,"Harpagun",3,26684943362,6405620981,76
3212530,"Anthology Of The Killer",3,4684298963,398278115,92
3213850,"gogh: Focus with Your Avatar",3,1551559699,1118951450,28
3214350,"JR EAST Train Simulator Demo",1,4216879928,4102245099,3
3214610,"Cinderia",3,11016677746,3228963267,71
3214870,"Snow Bros. Wonderland",3,5197571896,4385112899,16
3215050,"Surviving Mars: Relaunched",3,9791820809,9567119283,3
3215090,"Inventorix Demo",3,306641520,201448352,35
3215660,"Late Homework | 遅れた宿題",0,181955850,145555693,21
3216190,"Yokai Busters",2,1597649006,1469779407,9
3217200,"One True Path - Part 1",3,2191338392,2061919568,6
3217240,"Soccer Manager 2026",2,1047147000,441963682,58
3218150,"XENO WIPEOUT!",2,4993076972,3100700370,38
3218540,"White Knuckle Demo",3,1364720463,510803907,63
3218600,"命运游戏2：百年之约",3,68148247988,67855968831,1
3218630,"Super Woden: Rally Edge",3,4831242475,1214055720,75
3218710,"Everlusting Life",3,822141923,236257513,72
3219410,"The Trolley Solution",3,919619440,303171145,68
3219650,"Squeakross: Home Squeak Home Demo",3,564239295,283897714,50
3220010,"Mangui",3,785953723,147775913,82
3221180,"Re:Flex",2,2798308840,1371993713,51
3221770,"Sin Spire",3,1669027411,1545774005,8
3221930,"Onikura Demo",3,118880842,64477443,46
3224750,"Slot & Dungeons Demo",3,292735664,194715648,34
3224770,"Umamusume: Pretty Derby",3,388925737,195952682,50
3224960,"Pizzapocalypse",3,1314404552,1164520567,12
3225620,"Windblown Single-Player Demo",3,2411497985,1956495064,19
3226530,"Tower Dominion",1,2387665952,683137202,72
3226870,"The Demon Lord's Daughter and the Tower of Seals",3,1458523050,1267710984,14
3227970,"Unrailed 2: Back on Track – Demo",3,445557036,316136961,30
3228180,"Click Mage",1,598130606,160588993,74
3228590,"Deadzone: Rogue",0,7032781964,6754407844,4
3229960,"BANDIT KNIGHT Playtest",3,1178613568,409548295,66
3231090,"Amarillo's Butt Slapper",3,932050380,515747847,45
3231520,"The Bleakest Keep",3,305842220,218918912,29
3232610,"Bendy: Lone Wolf",3,2078669247,1458032931,30
3234100,"Dead Engine",3,1534922351,246056783,84
3234370,"Chambers Demo",2,3220220456,1531047945,53
3234720,"Lugh World",2,7119828062,3441486153,52
3235170,"Islets Defense",2,487448144,396822016,19
3237950,"Rogue Factory Demo",3,220996587,166985947,25
3238580,"A World of Keflings",3,315578797,115851591,64
3239440,"Spirit Valley Demo",3,604640888,166267918,73
3239640,"A Dual Ascent",3,2384678608,2244432809,6
3240220,"Grand Theft Auto V Enhanced",3,100854060314,99551959682,2
3240300,"Elohim Eternal: Exodus",3,372390454,267657956,29
3241280,"POPUCOM Demo",3,6469116475,5547843396,15
3241370,"Rivals of Aether II Demo",0,2188252567,2045195133,7
3241660,"R.E.P.O.",1,1474604121,756361482,49
3241900,"Farm Renovator Demo",3,5658032751,2726027547,52
3242130,"Sand Demo",2,10353936967,8388797824,19
3242750,"Level Devil",1,90601580,41639231,55
3243190,"Psychopomp GOLD",3,592407968,344825770,42
3243840,"OVR Dynamic Resolution",3,1648801,740700,56
3244210,"Chonkers",3,160766920,98893824,39
3244220,"A Game About Digging A Hole™",3,1492049203,728970899,52
3244390,"Keep Driving Demo",2,1130440826,1056329388,7
3245490,"SlimeVR",3,495904097,206136106,59
3247640,"7 Days",0,1824096628,1575495444,14
3247750,"Mycopunk",0,10856091028,7013822338,36
3248550,"Pizza Empire",3,252425768,171528200,33
3249900,"Bloxpath",2,178664632,82065715,55
3251550,"To the Kingdom",3,620073510,124809774,80
3252850,"Anterris Demo",3,5003102595,1266663129,75
3252920,"Door Game Deluxe",2,174554632,104345600,41
3255870,"Whisper of Y'Ryando",3,456430040,276697283,40
3257000,"SCP: Containment Breach 2",2,1562321362,1411938734,10
3257070,"The Jackbox Survey Scramble Demo",3,232138560,205081479,12
3257360,"我靠双修拯救世界",3,32895269125,32623987153,1
3257490,"无人",3,4471723719,4282514792,5
3259040,"Office Affairs : Executive Decisions",3,8495994596,3804766395,56
3259470,"Papa's Pizzeria Deluxe",3,65443287,52893117,20
3259600,"Atelier Resleriana: The Red Alchemist & the White Guardian",3,11666253585,11489516882,2
3260280,"Towa and the Guardians of the Sacred Tree Demo",3,2742854571,2357936243,15
3261010,"中华一商：传承",3,463004438,103486948,78
3261460,"Whiskara",3,510515917,400565143,22
3261500,"Pamina VS Slimes",2,68356344,32354304,53
3261920,"To Kill a God Demo",3,1452706372,259916052,83
3262250,"Simp: Leveling Up on a Dating App",3,10745586822,10122427863,6
3263870,"Identifile Demo",2,218000264,159006720,28
3264820,"不可撤离区",3,2491617843,267031354,90
3265060,"东方异域见闻 ~ Touhou Dystopian",3,9244905582,3753556755,60
3265230,"Cursed Companions",3,5670578123,5057320726,11
3265250,"MindsEye",2,53915764472,46797700466,14
3265700,"Vampire Crawlers: The Turbo Wildcard from Vampire Survivors",3,1048011858,597420173,43
3266090,"IT Specialist Simulator",3,1865233991,514587621,73
3266270,"The Unlife of Gorlak Demo",3,519181787,345944962,34
3266440,"RoboGAL: Gaga Delta Lady - Demo",0,86459384,63522744,27
3269080,"Burntime Remastered",3,123413831,79393470,36
3269890,"Urban Myth Dissolution Center Demo",3,881912450,244376597,73
3271590,"Wild Rumble Demo",3,2742046439,293355215,90
3272300,"Yasuke Simulator",2,9254855330,5108553738,45
3272690,"Seasonala Cemetery",2,2142382613,565081607,74
3272890,"江湖宝鉴",3,547223319,329605586,40
3272960,"DEAD LAMB WALKING",2,614659076,522114831,16
3274300,"Awaria",2,477538524,176179006,64
3274580,"Anno 117: Pax Romana",0,116701062288,84938300950,28
3275270,"Shape of Dreams: Prologue",3,5198606034,2336317782,56
3275500,"FATAL FURY: City of the Wolves Open Beta Test",0,8490915725,7205866261,16
3275870,"Coffee Break",3,464399993,366149140,22
3277530,"Aeonic",3,1031581980,903996734,13
3277970,"Yawnoc Demo",3,181285821,111838380,39
3278290,"Feed The Pit",2,882193432,568365056,36
3278310,"LANESPLIT",2,11593560670,11319980874,3
3278760,"The Happyhills Homicide",3,41900017,29354437,30
3279780,"Horizon Walker",3,12369643963,10833495876,13
3280350,"DEATH STRANDING 2: ON THE BEACH",3,121468583193,104765481096,14
3281870,"Secret Agent Wizard Boy and the International Crime Syndicate Demo",3,1628153730,1041610915,37
3281900,"The Cleaning Game",3,7091857992,3831806764,46
3282390,"完蛋！我被美女包围了！ 2",3,31771852672,30389254697,5
3285300,"Crowbar Climber",3,3846412775,1182374558,70
3285790,"SpyLens: Sex in focus",2,2173232671,1353896206,38
3286930,"Heretic + Hexen",3,1321254522,1126747971,15
3287520,"NINJA GAIDEN 2 Black",2,86961488961,86542974819,1
3288620,"Elin Demo",2,2836430865,1295618458,55
3289240,"拜托！请你先告白",3,27594679959,25946988344,6
3290690,"Styx: Blades of Greed",3,25226777342,21508218480,15
3291520,"Simulo",3,481963459,197860055,59
3292340,"Time Space Rebuild",3,14034945283,12971850399,8
3293010,"Easy Delivery Co.",3,515835466,426921779,18
3293260,"Waterpark Simulator",3,8055979319,4142763081,49
3294790,"Elf World Adventure 3",3,584379995,202369772,66
3298520,"Idle Iktah",2,80913772,52006985,36
3300410,"Garten of Banban 0",3,938318218,701425815,26
3301060,"Desktop Mate",3,157498162,66153982,58
3302500,"Liquidator",3,98696739,31222582,69
3304570,"School Teacher Simulator",2,3864653149,2241329125,43
3304670,"Acts of Blood Demo",1,3823717983,3613120405,6
3304770,"Exposed Livestream",2,598584953,337009971,44
3306200,"Futanari★Coffee shop",3,1746950949,547342167,69
3308290,"Labyrinth Of The Demon King Demo",2,3496459780,2055942252,42
3308670,"GIRLS' FRONTLINE 2: EXILIUM",1,46259068177,43084890334,7
3311740,"The Cabin Factory",1,3706664362,3589376473,4
3312020,"Lost in Anomaly",3,1633869364,626920202,62
3312030,"AI Learns To Drive",3,273475064,140083571,49
3314060,"The Sims™ Legacy Collection",3,3665367834,2210847208,40
3314070,"The Sims™ 2 Legacy Collection",3,13039911315,10694004393,18
3314790,"CloverPit",3,380135267,118645882,69
3317110,"Am I Nima Demo",3,379934727,305784436,20
3317910,"Heroes of Valor Playtest",3,1204672465,1105746611,9
3319640,"SWORD ART ONLINE Fractured Daydream DEMO",3,5725294089,5547586175,4
3319980,"The Legend of Heroes: Kai no Kiseki -Farewell, O Zemuria-",3,55776858885,27595291031,51
3321460,"Crimson Desert Enhanced",3,139639475543,104477638440,26
3323470,"Wanderness",2,1875918383,1283105330,32
3324440,"逆转命运之光",3,12496894198,12250576098,2
3325190,"Descenders Next Beta",3,10650248007,4637954290,57
3326230,"Hozy",3,5529326618,5339716117,4
3328180,"Snoopy & The Great Mystery Club",3,9005791308,3401029193,63
3328480,"TETRIS® THE GRAND MASTER 4 -ABSOLUTE EYE-",3,377561960,291811328,23
3329480,"VRCFaceTracking",3,173751117,63516504,64
3330500,"Smutstone",3,687021705,374972120,46
3331320,"Back in Service: a Metro Driver",3,4515346862,4344267752,4
3333700,"The Royal Writ",3,1490254072,614157824,59
3333890,"Panelak",3,4576256712,4432764153,4
3335430,"Dumbriel: Magnificent Adventure in Hell Demo",3,1944469730,752503260,62
3336440,"Millivolt",3,968223869,281995402,71
3336460,"Snakeloop",1,114272165,60928543,47
3337140,"After Inc: Revival",3,820616936,348463215,58
3339200,"Kinky Cats 🔞",3,868351847,555090230,37
3339420,"你的老婆",3,561889331,80574828,86
3339880,"OFF",3,1592284837,611382254,62
3339940,"Torque Drift 2 Demo",1,61588152653,61283382219,1
3341000,"Thick As Thieves",3,3822044065,3522230939,8
3341650,"PIGFACE",3,458973071,363400105,21
3342230,"诸子亡秦 Playtest",3,12439926254,1837184219,86
3343130,"Galatico Demo",3,1507194526,428582985,72
3343840,"Dino running from a FURRY: GAMESFORFARM",3,485813515,165666951,66
3344160,"FIND KITTENS 2: Crafts",3,214110122,152366372,29
3347400,"GIRLS' FRONTLINE 2: EXILIUM",2,20878750784,19122532834,9
3347510,"Enter the Chronosphere Open Beta",3,824934341,344072988,59
3347730,"FANTASIAN Neo Dimension DEMO",3,3666794043,3231540490,12
3347820,"CloverPit Demo",2,276729183,95339803,66
3348300,"Bullet Hell Game Anthology",1,1337344829,862099569,36
3349210,"Darwin's Paradox Demo",3,3622141505,3396555660,7
3349640,"That Time I Got Reincarnated as a Demon Hand Demo",3,2725738501,1477932693,46
3350200,"情感反诈模拟器",0,23792254864,23665801288,1
3350240,"MALPRAXIS™",1,6254437380,5960819050,5
3351080,"qualia",3,1453835919,1317172010,10
3351240,"DOOM: The Dark Ages Digital Artbook and Soundtrack",2,18241267543,17653170980,4
3351430,"Batography",3,291083648,209346560,29
3351550,"Alien Grounds",3,1061524616,916814468,14
3351700,"The First Berserker: Khazan Demo",3,32545930234,16408020536,50
3353100,"Passant: A Chess Roguelike",1,185155259,116567530,38
3353360,"Desktop Survivors 98 Demo",2,457214220,189897868,59
3354750,"skate.",2,10071665099,9125622689,10
3355800,"Bank Simulator",3,3123400182,1397807250,56
3355830,"Hydro",3,3496755611,3336386972,5
3356310,"sheeeroom",3,174741501,114921553,35
3356750,"Tactical Magnifier - Zoom Your Display",2,555911,165767,71
3357650,"PRAGMATA",3,37206507759,36560475340,2
3357960,"KuloNiku: Bowl Up!",1,1380068421,849445873,39
3358440,"Persona 3 Reload Demo",3,20932102895,20345509557,3
3359280,"Coolmath Games: The Game",0,499555241,138721070,73
3360680,"Sniper Dan Demo",2,665482078,513634935,23
3361470,"Digseum",0,121468687,84460741,31
3361510,"Coal LLC",3,244471171,160412871,35
3361770,"Escape from Castle Claymount",0,144461195,101956773,30
3361810,"JR's Christmas Adventure",3,1320080903,1150329215,13
3362660,"World War Z VR",3,30207640560,26975885080,11
3362820,"Exoborne Playtest",0,53045429267,52648035160,1
3364070,"The Jackbox Party Pack 11",3,2330078429,2206498998,6
3364880,"Moral Dilemma: The Interview",3,5418147041,919228182,84
3365910,"DREADTOME",2,1576362970,1336073377,16
3366110,"Sil and the Fading World Demo",1,6347530830,2701509463,58
3367430,"Battleship Command",3,15180652637,8207738126,46
3368100,"VERY BAD DREAMS",3,19768744644,17535163968,12
3369350,"DRAPLINE 体験版",2,501006786,332960418,34
3370870,"Berry Bury Berry",3,573027656,348633303,40
3371240,"Beyond Citadel",2,1609870952,1508325130,7
3371760,"Dice Legends Demo",3,2025206091,440225579,79
3371770,"Funguys Swarm",3,4022764674,2706137721,33
3372060,"Hell Maiden",2,3825998231,3590164638,7
3372980,"Tower Wizard",2,106591112,70211704,35
3373660,"Look Outside",2,1090939362,722613627,34
3374390,"FleshBound",3,784342991,432460514,45
3374700,"Moldbreaker: Rise of the Loaf",2,698439694,230985460,67
3375780,"Trails in the Sky 1st Chapter",3,34578242781,20984287692,40
3376480,"Delivery & Beyond",1,654769427,507241274,23
3377210,"Tears of Metal Playtest",2,2717737995,2278302987,17
3378190,"Cartoon Survivor",3,585842214,206164267,65
3378960,"Lost Soul Aside™",2,66413119127,65792993958,1
3382300,"甜心帝国",3,57133058265,56819987407,1
3384220,"VR Secretary: Ailey Edition",2,4384610439,4329059843,2
3385670,"World of Goo 2",3,949397745,887947264,7
3386470,"The Hundred Line -Last Defense Academy- Demo Ver.",3,3765136182,3506623875,7
3389330,"Pathologic 3: Quarantine",2,31161839563,21381129085,32
3389460,"Red Tears: Angola",3,819225956,411934720,50
3391450,"GORN 2",3,6682421315,5958196734,11
3393740,"Firefly Village",2,704572164,399228758,44
3394080,"Friendship with Benefits 2",3,871704696,756651804,14
3398110,"The Walking Trade",3,2718364574,549200195,80
3399950,"Your Mother",3,446032182,151442458,67
3400000,"Cubic Odyssey",3,6531015502,2876374835,56
3400930,"Guilty as Sock!",3,6757106239,1063958392,85
3401180,"Blobun Demo",3,49635406,39670179,21
3402530,"Screen Cat",3,133213312,44868020,67
3404170,"Together We Play: Help Me Help You",3,5921316666,2128049358,65
3404260,"Dead as Disco",2,6357294901,6049594727,5
3404360,"BURGER RACE",0,254866651,208670856,19
3405340,"Megabonk",3,511392194,184376811,64
3405670,"Assetflip attorney",2,4157482946,4095899973,2
3405690,"EA SPORTS FC™ 26",1,63518249552,62546119261,2
3406910,"命运游戏3：王者棋局",3,93663110140,93233108046,1
3407390,"ENDLESS Legend™ 2",3,10738019826,7501175736,31
3408070,"Battle Suit Aces Demo",3,547551556,388848845,29
3409760,"Sloppy Fields",3,53035574,36700200,31
3410180,"Overlooting",1,324325728,257789952,21
3410640,"Rogue Worlds",3,1166596575,436840094,63
3410930,"AI Pals Engine",1,15998575171,15348678936,5
3412290,"NTRaholic SS",3,5655730815,695952359,88
3414400,"Chip ‘n Clawz vs. The Brainioids Demo",2,6099864215,2723158847,56
3416070,"Ropuka's Idle Island",3,308770462,154426582,50
3416640,"Half-Life: Cross Product",3,1029574458,606456324,42
3417410,"Storebound",2,1880532778,1477844103,22
3417590,"Warhammer 40,000: Space Marine 2 - Public Test Server",2,77784135003,69132633046,12
3418150,"LORED",3,117610728,44224512,63
3418990,"神陨之地",3,2838475633,1390002963,52
3419430,"Bongo Cat",3,463270050,70368086,85
3419520,"Quarantine Zone: The Last Check",2,12633246903,9411868288,26
3426490,"End Transmission?",3,1731558779,653973352,63
3426800,"Delverium Demo",3,210024155,119814391,43
3426920,"Twisted Gallery 异馆",1,1822371890,1630545692,11
3428630,"Teller's Duty Demo",3,1109120142,490383204,56
3430470,"PLATiNA :: LAB",3,8226180836,7068541165,15
3430750,"Blast Judgment Playtest",3,565362072,224503829,61
3431040,"That's not my Neighbor",3,359964992,309153792,15
3431570,"I Have No Change Playtest",3,2968099861,2770192232,7
3432730,"Nightfall Secrets Demo",2,11640205903,11439680156,2
3432970,"REMATCH BETA TEST",3,4959148230,4554132527,9
3434860,"Airframe Ultra Demo",3,310089957,150480585,52
3435450,"Hardest",3,1037487586,975986688,6
3436140,"Freestyle Man in Office",3,5373162957,679502555,88
3437200,"LUNA",3,7802834869,3649023075,54
3437340,"Abyssus Demo",3,3912594141,3689050972,6
3438690,"Elf World Adventure 4",3,588105535,203071453,66
3438850,"Sledding Game",3,977776032,275475042,72
3440070,"Dinoblade",3,13059776646,12577149173,4
3443820,"BUNNY GARDEN 2",1,4647967468,4465381569,4
3444010,"The Chroma: from the wasteland",3,7504849363,2736851378,64
3444020,"我在地府打麻将 - Demonic Mahjong",1,6770188706,3819709528,44
3445320,"Tower of Babel: Survivors of Chaos (Demo)",3,307580593,87839956,72
3445580,"Ambidextro",3,412710436,331965988,20
3446150,"Tsuki ni Yorisou Otome no Sahou 2",0,14413472128,6309834956,57
3446680,"心跳大冒险：泰遇",3,46221455612,45383522479,2
3446700,"PUBG: BLINDSPOT Demo",3,2972513876,2648065027,11
3447040,"Sora no Kiseki the 1st",0,30451973045,21757444206,29
3447590,"Recharge Demo",3,5902858656,5564167398,6
3449820,"Ratatan Demo",2,1144307070,969211128,16
3450310,"Europa Universalis V",3,16188666301,8833831188,46
3450390,"E.T.E",3,6589326913,4936543844,26
3450750,"A Whole Wolfrush",2,360422043,291871283,20
3451610,"Coal LLC Demo",3,238545008,157511680,34
3451640,"Fantasy Idle Dungeon Demo",3,210702223,100194904,53
3451980,"Soul's Remnant",0,303723160,238497292,22
3452670,"妄生 - Wandering Souls",2,1622848017,1191777678,27
3453220,"Biped 2 Demo",2,6808576793,4382861443,36
3453600,"Supercar Collection Simulator",3,7664621647,2322901435,70
3454590,"Cornerpond",0,183370101,98292793,47
3454610,"Poco",2,1008596986,376112828,63
3454650,"BitCraft Online",1,3760320251,2251102569,41
3455450,"Useless Princess and the Village Renovation",3,987928134,876730712,12
3456580,"RoadCraft Demo",3,48663510424,43888178824,10
3457380,"Waifu Shop",3,230459907,71019654,70
3459330,"Tire Fire Rally",0,395923212,130463173,68
3460110,"天地有私，宿命之主",3,58141807496,57918638643,1
3462370,"The Knightling Demo",0,8090894852,4835677715,41
3462550,"Locomoto Demo",0,7538094623,2681128245,65
3462770,"Cubetory Demo",1,726593925,548716270,25
3462880,"Rogue Climber Demo",3,2347948048,933846258,61
3463050,"Dreams of Aether",3,63149312,47304891,26
3465000,"Modulus Demo",3,2221655528,1170775388,48
3465020,"Lunar Drifter Demo",3,252309798,161136503,37
3465270,"Solarpunk Demo",3,1054814757,815477013,23
3467720,"Wall World 2 Playtest",2,5261400614,353914616,94
3468320,"Do No Harm Demo",3,2225352519,923281406,59
3468650,"Cricket 26 - The Official Game of the Ashes",1,102214108276,102076037582,1
3469190,"Touhou Spell Carnival",3,3905121450,3587401400,9
3470360,"GunZ: The Duel Playtest",2,1209577945,1049197366,14
3470560,"Millennium Dream",3,27496767364,26811551814,3
3472040,"NBA 2K26",1,105524912014,104966053585,1
3472550,"The Mr. Rabbit Magic Show",3,116661272,107102876,9
3475650,"Rainbow Legends Playtest",3,1354338803,603351766,56
3476570,"Touhou Makuka Sai ~ Fantastic Danmaku Festival Part III Demo",3,443582341,414013387,7
3476900,"Zombie Tower Survivor Demo",3,180738880,104677376,43
3477260,"Demon Tides Demo",3,1569047969,1325708685,16
3477300,"Scope X",3,442281168,170368654,62
3478050,"Road to Empress I",3,5808115836,5335456788,9
3478200,"Trilogy of the Moon",3,17072995195,16056602292,6
3478650,"FreshWomen - Season 2",0,27717061478,27372470846,2
3478700,"The Children of Clay",3,246571610,113071308,55
3478870,"GeoGuessr Steam Edition",3,343145095,134385825,61
3478920,"Getting Inside: Hentai Story",3,1818553734,1716690500,6
3479350,"Drill To Hell Demo",3,189891336,127344640,33
3481310,"The House of The Dead 2 Remake Demo",0,13482452091,13051699547,4
3482820,"Crystal Rail Demo",3,2220012743,584764959,74
3482840,"Wanderstop Demo",3,11620477346,6483910656,45
3483740,"Cast n Chill",2,291762047,173542843,41
3484680,"LES MILLS XR BODYCOMBAT",3,12514868011,6417962835,49
3487310,"Bongo Cat Demo",3,114187739,29056745,75
3487890,"Fellowship Demo",3,10406174916,10109826995,3
3489700,"Stellar Blade™",2,63408005553,62479070121,2
3490390,"Sandustry Demo",3,342570461,137393433,60
3490810,"Rana Card Demo",3,1540775013,432747032,72
3490890,"Cute, Broke, and Dungeon Bound",3,825283981,709338364,15
3490970,"Hotel Tales Demo",3,1487861900,794961788,47
3491310,"Chicken Invaders 1",3,650687946,171421994,74
3494170,"Chronoquartz Demo",3,202830253,73044747,64
3495730,"Lucid Blocks",1,1098009984,728694784,34
3496000,"Ship, Inc.",3,1411948103,268560852,81
3496520,"MIO: Memories in Orbit Demo",0,1666782081,1560790567,7
3498750,"Shadow of the Road Playtest",1,14532575009,10721428829,27
3498810,"Knightica Demo",3,3128803163,657884329,79
3499090,"Dawn Apart Demo",3,2789906743,1242323551,56
3500390,"Mega Man Star Force Legacy Collection",2,5732827563,5371271081,7
3500420,"Öoo Demo",3,45312423,31563842,31
3500550,"Schrödinger’s Call Episode 1 Demo",3,2077444518,1959054930,6
3501610,"Cheap Car Repair Demo",3,4647710542,3002758374,36
3501910,"Teenage Mutant Ninja Turtles: Tactical Takedown Demo",3,1647209919,353828798,79
3503440,"Astro Prospector",1,329907075,120843136,64
3504570,"Fear Effect",2,2138503571,1687531544,22
3504780,"Wildgate",2,10640539926,9155789460,14
3506110,"Lunacid - Tears of the Moon",1,367257039,292643395,21
3508770,"Haydee 3",3,6653266401,1855344851,73
3509330,"Castle V Castle Demo",3,66064892,50817212,24
3510910,"Sapphire Safari Demo",3,3334117478,3030896019,10
3510960,"Star Lusts",3,5519153826,4370875612,21
3511030,"Mini Cozy Room : Lo-Fi",3,2257556714,1340233504,41
3512540,"Ultimate Sheep Raccoon Demo",3,2905505364,456001421,85
3512680,"Astro Prospector Prologue",3,1886255549,443272020,77
3513350,"Wuthering Waves",0,102017228136,99400942815,3
3514330,"Haunted Paws Playtest",2,2498060569,740661934,71
3515100,"OCCT",0,215942357,215470132,1
3516180,"Don't FOOL ME, Beauties!",3,34869086558,34797306868,1
3516590,"Allumeria",2,114487502,61345038,47
3517090,"Fallen Vestige",3,5118663792,1986941720,62
3519970,"Succubus of Aphrodisia: Ako's First Embrace Demo",3,629796024,317874104,50
3520070,"Megabonk Demo",2,165618593,72632968,57
3521660,"Blind Touch",3,779412871,667540233,15
3523390,"Last Hit Titan",3,115906896,45649920,61
3523750,"Down with the Ship",3,971453707,770458096,21
3524180,"终曲。",3,3710572995,3169244813,15
3524640,"Fallen Elf Freya Demo",3,705216827,462895967,35
3525400,"Quarantine Zone: The Last Check Demo",0,9255711338,7043007964,24
3526710,"Everything is Crab: The Animal Evolution Roguelite",3,1115137346,216805024,81
3526860,"Isopod Demo",3,1829930766,1542569388,16
3527290,"PEAK",3,6676454323,1760721435,74
3527760,"RoboCop: Rogue City - Unfinished Business",3,38188491245,37626573372,2
3528960,"Arcane Eats Demo",3,1765702848,421362554,77
3529330,"The Gallery",2,2887374829,1645360818,44
3529590,"Among Us 3D Demo",3,2116301005,500668470,77
3529670,"FULL METAL COFFIN",3,1809638744,642252800,65
3531960,"Liese in the City of Trials",3,1113241069,859541999,23
3531990,"Tentacaliens: Making Ends Meet in a New World",2,2183184058,2168790342,1
3532360,"Pirate's Gambit",3,4645982852,1830182277,61
3533730,"Warhammer 40,000: Boltgun - Words of Vengeance",3,3515402692,3158992839,11
3533890,"HardDriverz",0,1488018469,1148831144,23
3536260,"Dyed in White",3,1352248697,813857214,40
3536580,"MechAnimals Demo",0,2370978325,855044607,64
3536880,"LUST &amp;amp; MAGIC ✨ Demo",3,1658889106,556502817,67
3539310,"Nitronauts Demo",2,58852610,38768793,35
3539440,"Metal Garden",3,1189310546,975169366,19
3543040,"明末：伐定天下",3,67232351316,66883567174,1
3543350,"Holoidle",3,1056737543,433153113,60
3545060,"Team Fortress 2 Classified",3,7649743494,3637891331,53
3545990,"美女，请别影响我成仙",0,27002300778,26717564988,2
3546440,"Rentlord",3,241889863,84640171,66
3548580,"Chill with You : Lo-Fi Story",3,1119715137,632597886,44
3548820,"Hotel Galactic Demo",0,4115717091,3217580923,22
3550490,"Overcome Your Fears - Caretaker",3,3698943245,1516988679,59
3550930,"INVERTA",3,886943534,386955980,57
3551340,"Football Manager 26",3,7941263294,6930083478,13
3552140,"Retro Rewind - Video Store Simulator",3,2240737226,2092990790,7
3552310,"Synergism",3,114824120,114724864,1
3553500,"SIGame",3,19985200,8126464,60
3554940,"Slut Squad",3,2614560379,2352570986,11
3555150,"我被女神盯上了! Beauty’s Target",3,13031620954,12428186169,5
3556730,"Hypnosis Knight-Princess",3,1659600240,1296739780,22
3556750,"Warhammer 40,000: Dawn of War - Definitive Edition",0,21157138929,20837707127,2
3556780,"The Last Shores",3,1057586910,778387709,27
3557620,"Blue Archive",0,20656043022,19002219096,9
3559900,"Voidling Bound Demo",1,8490241140,8333824966,2
3562530,"主播之心",3,62497999305,61998112582,1
3564400,"ウマ娘 プリティーダービー",2,27799302141,26866717383,4
3564740,"Where Winds Meet",0,123916972522,121040399735,3
3564860,"Stellar Blade™ Demo",3,18451896512,17730594644,4
3565100,"Unboxathon",3,271878964,107743576,61
3566200,"Pocket City 2",3,351890864,163604403,54
3566610,"Age of War",1,155413504,107003904,32
3570070,"Paddle Paddle Paddle",2,496156251,277875356,44
3574900,"Sex Bot Corp",3,397210315,387901366,3
3576350,"Sex, Secrets & Used Tech",3,1787515877,1467023561,18
3576710,"Star Birds Demo",3,1511038407,774995577,49
3577060,"World War Legion",2,2368815983,2203887637,7
3577630,"Psycutlery",2,1084949896,489265839,55
3578240,"Passion Rift 🔞[ADULT NSFW]",3,1133644701,841459493,26
3580160,"Ambrosia Sky",2,5860126390,2692082053,55
3580340,"Ash & Adam's Existential Treads",3,614663416,286364839,54
3582450,"Wrap House Simulator: Prologue",3,2343934373,2178888930,8
3583210,"Crashout Crew",3,1609304538,641061943,61
3584190,"Three Sisters",3,884720413,757743968,15
3585800,"Keep Digging",2,5286703663,5023435882,5
3586260,"Handyman Fantasy 水電工幻想 Demo",3,730111502,114883458,85
3586660,"Word Play",1,188379598,112791537,41
3587140,"Ark Re:Code",3,5076909753,4483384860,12
3587610,"The Dark Queen of Mortholme",3,165432880,100233216,40
3589010,"B.A.N.K.",3,5609565577,5457090584,3
3589260,"Train Molester Big-Titty Undercover Agent ~Hot and Sexy Prey~",2,1862629918,1746615778,7
3591500,"No-good Streamer Mirai-chan! (Now accepting lewd comments)",3,1812778485,1615337033,11
3592280,"Easy Delivery Co. Demo",3,544383282,335112565,39
3593490,"Days Without Incident",2,645843304,318057020,51
3594120,"Brush Burial: Gutter World",3,1961064462,741642870,63
3595150,"UNBEATABLE Demo",3,5994698237,1899302540,69
3595230,"Call of Duty®: Modern Warfare® II",2,79795120405,78764026500,2
3595270,"Call of Duty®: Modern Warfare® III",2,102672171724,101904442724,1
3596700,"TerraTech Legion",2,6891105970,3286976481,53
3597510,"MyRobot",3,2407591788,969555500,60
3598130,"Big Rigs: Over the Road Racing",0,1455626993,1208274345,17
3599070,"waxweaver",3,89538992,38690816,57
3599690,"Funi Raccoon Game",3,1479586588,774311936,48
3599990,"Serious Survivors",0,1128805438,433433569,62
3600690,"Midnight GT: Primary Racer",3,682294665,272258213,61
3600700,"e-Racer",2,460411531,422847812,9
3601140,"Sonic Racing: CrossWorlds Demo",3,8151324954,7858299412,4
3601350,"Sonic Racing: CrossWorlds Open Network Test",2,7408238149,7209427628,3
3602290,"FEMBOY FUTA HOUSE",1,3799077580,2810950590,27
3602730,"Prime World Legends Playtest",3,5588210540,5295711533,6
3604780,"Sunken Engine",3,5632028497,2166672751,62
3605110,"The Lonesome Guild Demo",0,12548784605,7453759226,41
3606110,"Coffee Talk Tokyo Demo",2,495864203,427005659,14
3606890,"Upload Labs",3,160619035,84915380,48
3609080,"StarSavior",3,806076327,431334605,47
3609320,"Bombun",2,893708208,848588800,6
3612060,"Idle Land of Exile",2,823796685,405755635,51
3613770,"ShaderGlass",3,80293685,46329472,43
3616560,"Dread Not",3,2122159198,1972558017,8
3618390,"Gamblers Table",3,116104332,58392576,50
3619040,"Half-Life Legacy",2,803346320,457224770,44
3620740,"未完信䇳：纸鸢（Paper Kite: Threads of Longing）",0,3317989692,3252596419,2
3622640,"Vending Machine Co.",3,5101104076,716522012,86
3624190,"Dune: Awakening Beta Weekend",2,42399988209,36675449107,14
3624370,"Bullet Force",2,1031846490,633494076,39
3625270,"MateEngine",3,3675820569,2806143157,24
3626760,"No Man's Home",1,4040960339,2059020593,50
3628960,"Miscrits: World of Creatures",3,295665008,221396992,26
3629780,"Tingus Goose",2,616233323,491877036,21
3631290,"Slots & Daggers",3,229823214,98575156,58
3631830,"Dice To Pay",3,211382703,80822715,62
3632530,"Violated Princess",3,932843018,735131760,22
3634010,"Islantiles",3,2052644847,179476610,92
3634590,"Coloring Voxels",3,811345686,447189875,45
3634770,"Elf World Adventure 6",3,1524118773,679382094,56
3634780,"Elf World Adventure 7",3,1536886502,679881806,56
3634790,"Elf World Adventure 8",3,1524439693,678505550,56
3634900,"Backseat Drivers Demo",0,908437701,659388272,28
3636440,"Click To Continue",1,1581645382,1414409355,11
3636940,"Island Robot Farm Demo",3,144090336,82698240,43
3637040,"Very Unserious Game",3,82720609,36537876,56
3639370,"Tiny Auto Knights Demo",3,195614464,135610368,31
3639650,"Kotama and Academy Citadel",3,11348827877,9967342211,13
3639660,"From The Top Demo",1,399755392,322105344,20
3639780,"Earth Must Die",2,34526839436,4093175104,89
3640000,"No, I'm not a Human Demo",2,310668930,216177310,31
3642010,"Truck-kun is Supporting Me from Another World?!",3,982920975,280368569,72
3642880,"Low-Budget Repairs Demo",2,20692093077,13439789371,36
3643170,"Roadside Research",3,2120968751,916773594,57
3643460,"KIYO - Bunny Tyranny Demo",3,136954921,128491109,7
3644700,"千禧梦 Playtest",3,6413964077,5969495378,7
3645890,"GONE Fishing",3,4829091258,4423935502,9
3646460,"Devil Spire Falls",3,539279767,376320139,31
3646580,"Devil Spire Falls Demo",3,520690007,368226443,30
3650160,"Harem of Lust: Battle Cards",3,1500872640,706390284,53
3651600,"Ichor Burns",1,948955423,855832746,10
3651790,"BALL x PIT Demo",3,424886804,123830743,71
3652650,"恋爱从离别开始",3,52970226275,52817007381,1
3653800,"Town To City Demo",2,2107090485,1972278561,7
3653860,"Remnants Of Yore Playtest",0,1362219526,1181203766,14
3654560,"Plants vs. Zombies™: Replanted",3,1947763262,1590735754,19
3655150,"NEKOPARA After",0,3737311211,3182461301,15
3655580,"Four Divine Abidings",2,179522232,122626048,32
3655890,"The Saint Wife's Newlywed Trials",3,809164859,596432333,27
3656800,"Train Sim World® 6",1,160281780107,159131751539,1
3657180,"Skigill",1,142222926,70590461,51
3659020,"Idle Guy: Life Simulator games",3,249273573,154584263,38
3659070,"Giggleland Demo",3,7202680985,3099081127,57
3659920,"Dream on",3,600320917,350489862,42
3660220,"Syberia - Remastered",2,20530247237,14139320205,32
3662000,"RogueDiceR Demo",2,5694451359,983256076,83
3662040,"Gaia Maker",2,95879561,63177513,35
3662090,"Word Play Demo",3,142992502,56166033,61
3664010,"Drift Legends 2",1,1820400562,730505835,60
3664490,"ESA SHIELD",2,224913053,150814844,33
3664820,"Sandboxels",3,299423923,119193424,61
3665840,"MineSweeper Rush",3,960684,577258,40
3667230,"The Deadseat",2,388952800,321540096,18
3668370,"Night Swarm",0,1981940592,1853591891,7
3671600,"My Time at Evershine Playtest",3,15107443841,13814233999,9
3671640,"The Trolley Solution Demo",2,574578143,255965577,56
3671710,"東方錦上京 〜 Fossilized Wonders.",2,583047797,573560619,2
3672100,"The Home County",3,4128172927,706846816,83
3672400,"Farever",3,6238471354,2971120287,53
3674050,"Silly's Gameshow",3,883575117,405045513,55
3674060,"Dispatch Demo",3,894568077,855268680,5
3674270,"FALLSTRUKTUR",3,31809381,13091766,59
3675810,"Eriksholm: The Stolen Dream Demo",2,4965615702,4503220821,10
3676240,"EmyLiveShow: Dungeon & Mistresses Tale",0,5700716682,1820824624,69
3678970,"TBH: Task Bar Hero",3,587997352,188404616,68
3679080,"The Seven Deadly Sins: Origin",3,26478778474,25287361616,5
3679450,"Lichgate: Tower Survivor Demo",3,514980950,174874475,67
3679730,"帰路 Demo",3,260527588,88645444,66
3679950,"IDLE BOSS RUSH Demo",3,186370554,82842022,56
3679960,"Factory Planner Demo",3,1595062699,1185144519,26
3680510,"Sip Fisher",2,799560598,403733893,50
3681010,"Nioh 3",3,125391508393,94744212531,25
3681810,"Blue Protocol: Star Resonance",1,28220153264,26367623872,7
3682970,"HABROMANIA Demo",3,3601822957,381026304,90
3684610,"s.p.l.i.t",3,407507264,232517632,43
3687630,"有这么一个家伙",3,43247078465,41709060624,4
3689200,"페리오드 서바이벌:마지막 시련",3,616312450,442081549,29
3689210,"HYPERFIST",3,2056086179,1728936380,16
3689520,"Bioprototype",2,227347760,163767530,28
3690070,"Black Hole Fishing Demo",2,186563904,88735744,53
3692220,"Oaken Tower Demo",3,340156679,299721451,12
3692660,"The New Flesh",3,1067892432,990708975,8
3694090,"DEN PAIN Demo",3,4872314841,3796230388,23
3694480,"A Game About Feeding A Black Hole",3,231763811,143757312,38
3696680,"Chrono Gear: Warden of Time Demo",3,215678736,134221824,38
3697340,"Bouncemasters",3,616366764,211559120,66
3697890,"Mango's Fisharium",3,107977603,45180477,59
3699750,"Pair A Dice Demo",3,1078513552,254853120,77
3700160,"Agent 64: Spies Never Die - Playtest",3,1722647406,827056052,52
3700760,"角落里的艾果 Eggo",2,653709876,554328436,16
3701240,"Click and Conquer Demo",3,163838464,104456192,37
3706990,"HackHub Demo",3,970204658,463759138,53
3707370,"ラブ・スタートアゲイン",3,23793692683,23300493180,3
3708750,"Virtual Skate Demo",3,1258329711,580873173,54
3709650,"百妖试禅心",3,49180430808,48803987851,1
3709790,"Zerowake GATES",3,1539901334,349149359,78
3710150,"Infiniclick Demo",3,197255183,65002513,68
3710430,"Maid Sisters' Service Demo",3,3205019399,2924186466,9
3710440,"The Daily Life of Serving Doll Demo",3,2667389132,1158535752,57
3711590,"Train 45",3,1651805064,1324843008,20
3712080,"Funnel Runners",3,4732206123,3869697866,19
3712530,"Possessor(s) Demo",3,3126432409,2949223926,6
3713000,"Whimsy Bake＆Craft",3,351531020,143826888,60
3713400,"Frostrain2 Demo",3,869360510,450297761,49
3713610,"Absolum Demo",3,3616593883,3541999492,3
3716600,"Mage Arena",3,869664239,394486926,55
3716670,"Thief’s Riddles",3,11736440981,5246042971,56
3717070,"WWE 2K26",0,140829106946,140126646093,1
3717330,"Yakuza Kiwami",2,29391105473,27088289244,8
3717340,"Yakuza Kiwami 2",2,57870010618,54830240736,6
3720820,"Exploring the Big Apple",3,1036558254,876730692,16
3721940,"Undercity of Sin",2,1911592645,1771142301,8
3724490,"Idle Gumball Machine",3,402610960,319983616,21
3724580,"Everdeep Aurora Demo",3,517116751,221018528,58
3725090,"INSERT GAME HERE",3,1855367559,508998283,73
3727950,"Wildgate - Open Beta",3,8815307710,7615320478,14
3728630,"DiceyHacker1999 Demo",3,352596934,160097971,55
3729870,"Little Rocket Lab Demo",2,1959799730,1215007920,39
3730150,"Yooka-Replaylee Demo",0,12271913212,7012086236,43
3730260,"Idle Awakening: Mages Path Demo",3,1161805793,492262737,58
3730380,"Card Coder Demo",3,2521024432,2373081183,6
3730770,"SpeedRunners 2: King of Speed Playtest",2,971661398,808894767,17
3731020,"Five Hearts Under One Roof season 2",3,26727935125,26614011202,1
3731580,"Space Station: Beyond",2,135841627,68129943,50
3734530,"Pebble Knights Demo",3,640169331,245975815,62
3737300,"This Isn't Just Tower Defense Demo",3,914810993,345245853,63
3738500,"Japanese Salaryman Demo",3,272242956,84364280,70
3738830,"FIRE STATE",3,28628205080,28381723470,1
3738950,"Passion Industry",3,697708768,572277679,18
3739190,"ネタバレが激しすぎるRPG―最後の敵の正体は勇者の父―",2,678235954,577793957,15
3740150,"Mr. Billion: Idle Rich Tycoon Demo",3,211305306,165848399,22
3741130,"Funi Raccoon Game Demo",3,752675640,425345024,44
3741860,"Vital Shell",1,272370096,218902528,20
3742830,"The Awakener: Battle Tendency",3,25983361274,25522377892,2
3744430,"Together: Moon Escape",3,13510302244,4159534210,70
3744710,"Press A: Extremely Realistic Life Simulator",2,273548638,193894636,30
3744860,"AEROMACHINA: Test-Flight",3,492167936,182292480,63
3746300,"PRISON OF HUSKS Demo",3,679839853,395163361,42
3746580,"Into the Unwell Playtest",1,11655739965,6024231331,49
3746840,"PIGFACE Demo",3,195434095,138351654,30
3746910,"OFF Prologue",3,534507612,197385217,64
3747250,"Gamblers Table Demo",3,119481992,61759488,49
3747730,"Legacy of Kain: Defiance Remastered",3,24166337961,14530933650,40
3748570,"Organized Inside Demo",3,446901904,260132864,42
3749720,"The Division Resurgence",3,18837095253,17935282660,5
3749780,"Gravebound",2,2317548991,2102282031,10
3751950,"Assassin's Creed Black Flag Resynced",3,69813367540,56096533528,20
3755860,"BLACK SOULS",3,900562948,862677405,5
3755930,"The Severed Gods",0,5072765600,3270296654,36
3756490,"Cleared Hot Demo",3,2601720810,801385299,70
3756580,"Village Defenders Demo",3,546398465,65867526,88
3757060,"Shana - Priestess of Tona",3,7308152004,1693786625,77
3757230,"Mine Make Escape Demo",3,353655099,113869225,68
3757490,"Sloppy Fields Demo",3,52006226,34807848,34
3757830,"cLocked In",3,1331822465,460619478,66
3758280,"District Zero",3,1588410130,249447657,85
3759360,"BitCraft Online Demo",2,2438316286,1518041473,38
3762220,"Morbid Metal Demo",1,11191223644,6843075102,39
3762550,"HELLMART",2,8825556924,5197621947,42
3763830,"Dead as Disco Demo",3,5239079585,4695420331,11
3763910,"Spinny Dungeon Demo",3,151807723,58672953,62
3764200,"Resident Evil Requiem",0,81136958621,72889974147,11
3766810,"Transport Tycoon Deluxe",3,29387405,14769910,50
3767740,"Outhold",3,154998560,65927168,58
3767850,"SpiritVale",2,7464546475,3042150106,60
3768760,"007 First Light",2,57174552716,36455896380,37
3769110,"Azaran: Islands of the Jinn Demo",2,170835888,72868228,58
3771310,"Chill with You : Lo-Fi Story Demo",3,1056327347,558251220,48
3771570,"Snow x Hime",3,12663726731,6834650563,47
3772240,"Void Miner – Incremental Asteroids Roguelite",1,1316606256,475722238,64
3772580,"Car Service Together Demo",2,3674884239,1957802794,47
3772810,"Desktop Defender",3,184033256,128266582,31
3773430,"Idlequarium Demo",3,308328009,201926294,35
3773590,"Death by Scrolling",2,181175082,140978108,23
3774440,"帝国幻想乡~TOHOTOPIA",3,517494750,327970379,37
3775050,"DOGWALK",2,1493438576,853618688,43
3775730,"PancitoMerge Demo",3,232991880,146468864,38
3778240,"Prologue: Go Wayback! Demo",3,5956368002,5017549113,16
3780060,"Countryballs: Power Protocol",1,4697808374,1606022764,66
3782160,"Subliminal Demo",2,9287594750,8959668506,4
3784030,"RACCOIN: Coin Pusher Roguelike",3,553814584,177322776,68
3787240,"MARVEL Tōkon: Fighting Souls",0,27397244051,26935615619,2
3787600,"Bullet Ballet Demo",3,4035297977,3856675879,5
3788220,"TAMASHIKA Demo",3,1560086440,170934121,90
3788420,"Scratch Inc.",3,289266776,122112172,58
3788660,"Project Turboblast Demo",2,893089221,770333438,14
3794610,"Goblin Vyke: The Thief Tycoon",3,1944064186,280165473,86
3796960,"Elemental: Reforged",2,11373144401,8454610598,26
3797760,"Gaucho Demo",1,1053847860,598426789,44
3798220,"Gombo Demo",0,469797498,363713738,23
3799470,"Archon Soul: Prologue",3,2602537940,984239443,63
3802470,"Turnbound",3,443059216,345367040,23
3802540,"Stop The F Demo",3,2389487703,955521860,61
3803270,"RhythmStrike",1,2129415224,1885089792,12
3805100,"PLAGUN – The Plague Goes On",2,232025273,72265495,69
3805420,"A Few Quick Matches",3,227459627,131712618,43
3806150,"Exploding Judo Federation",3,639050274,296942524,54
3808450,"Pixel Troopers",3,3411436795,3273996453,5
3808690,"Pathogenic",3,1663916189,871592137,48
3808860,"奇怪的梦",3,2919848732,2500964372,15
3809440,"Cheese Rolling",3,409776054,187615699,55
3810040,"Turnbound Demo",3,428011114,331112618,23
3812600,"ReStory: Chill Electronics Repairs",3,987114835,662442151,33
3813350,"Azure Striker Gunvolt Trilogy Enhanced",1,8220059648,7756571494,6
3815860,"Digimon Story Time Stranger Demo",3,8251859062,7182483642,13
3816930,"Grind Survivors",0,1950971247,1836929652,6
3817090,"Vigil",3,3731909980,1592050018,58
3817100,"W|RE",3,1601583833,1467974569,9
3818000,"Guns and Nuns: Storming Hell",3,637259972,203732145,69
3818050,"Project SEVER Demo",3,2253950527,1573954192,31
3818230,"Maru Expedition: We can fly",2,418981039,194104791,54
3818910,"Gotchi Guardians - Tower Defense",1,2055091505,1645380374,20
3819240,"Far Far West Demo",3,1290270791,902388250,31
3820790,"Kinny and the Cosmic Cauldron Demo",3,1059929343,379146864,65
3821790,"Ys X: Proud Nordics",3,16917463548,9070306795,47
3822990,"Stellar Witch",2,847727020,305121442,65
3823460,"That One Otter Game",3,2270939576,2128214944,7
3823610,"Heroine Conquest Demo",3,42054606,25817128,39
3824490,"Oasis Driver for Windows Mixed Reality",3,42089231,22144237,48
3825360,"Zombie Panic!",3,577814531,240135216,59
3826130,"Loan Shark Demo",2,891300368,515080192,43
3827040,"The Jackbox Party Pack 11 Demo",3,2432603733,2306111248,6
3827830,"The DeadLine",3,578601239,268704426,54
3827840,"Patch me if you can",3,563833040,178103429,69
3828280,"Deckstination",3,480360807,100039811,80
3830120,"Drakantos Playtest",0,2610584812,2559855565,2
3831280,"Restaurats Demo",2,9068460775,7234353196,21
3831350,"Kaelaverse: Pemascape",3,178455784,105046016,42
3831450,"LORT Demo",2,1802939572,1492974745,18
3832630,"Wheelchair Wizards",1,85323192,42795008,50
3832740,"Articrow",2,256182233,89880678,65
3833130,"Meet My Stepmoms",3,670513410,368284543,46
3833900,"奇怪的梦 Demo",3,2404329916,2042343662,16
3834090,"YAPYAP",3,2759543523,1206613672,57
3835170,"Kimchi: A Stars in the Trash Story",2,532611272,284100518,47
3837340,"FINAL FANTASY VII",3,3762605093,3186999384,16
3837690,"蚀心钓局 Mind Lure",3,1135605962,197672826,83
3837830,"StarRupture Playtest",3,47267714208,14405140910,70
3838290,"Refate: Echoes of Desire",3,59441351319,58824126966,2
3839350,"LCF1",3,5222720041,366611007,93
3839850,"Crystal of Atlan",3,73014238125,62555478063,15
3841170,"Agents of Shadow Demo",2,1097645748,937676425,15
3843030,"Mining Merchant Demo",3,174021556,165346996,5
3843410,"Flux Empyrean",3,924021520,685826048,26
3843520,"The Temple of Elemental Evil",2,2359347624,2259361900,5
3844750,"FlatOut 4: Total Insanity VR",3,37907261559,21878157949,43
3844970,"Burglin' Gnomes",3,6696396830,3527650823,48
3846120,"MineMogul",3,1830129742,817600701,56
3847130,"MISERY Playtest",3,5284895015,3956935051,26
3853040,"FeelV",1,2675180,2265200,16
3854400,"Task Time Playtest",2,3439594237,3304516430,4
3855540,"BLACK SOULS II",0,1366983272,1331257715,3
3856520,"Service with a Shotgun Demo",3,862433033,622657368,28
3857590,"Wish Upon a Cat",2,80939035,67521979,17
3858660,"RoadCraft - Public Test Server",0,41498278684,36639785875,12
3858930,"In The Black Demo",3,26496766744,8852485188,67
3858990,"Watertight",3,256323525,66477435,75
3860030,"Isekai: Waifu Overlord Demo",3,1121612898,654798297,42
3861000,"ShipCrafter Demo",1,884944240,323606667,64
3861430,"Bongo Waifu",3,1084711741,185818171,83
3861580,"Repel The Rifts Demo",3,117181400,51355648,57
3864220,"星砂岛 Demo",3,6952423232,5797794454,17
3864450,"Goblin Company",3,1754441675,902884633,49
3864530,"炽澜号",3,36254097499,36044631060,1
3864650,"Bunnimon Demo",2,1617212265,805782367,51
3865710,"Rock Island Demo",3,288583429,118299605,60
3866140,"Void of Lilly",3,61961841,46792976,25
3868320,"Forage Wizard",1,2344171995,676330138,72
3868850,"MISHA",3,247199135,66906025,73
3870120,"Desktop Purrfect",3,216489338,91373940,58
3871620,"Bobo's Big Tower Demo",3,33645614,17506984,48
3872850,"Warhammer 40,000: Space Marine 2 Demo",3,81624838445,69963153787,15
3873060,"银河卡牌乱斗 Demo",3,383711453,269242271,30
3873400,"RAVENOUS",3,1107985772,993446049,11
3873970,"NASCAR 25",3,46098439706,45776082601,1
3874440,"Wires And Whiskers",3,1497995589,1334247750,11
3875920,"Nakuma",2,571741243,124838319,79
3879080,"Parámetro Zero: Calígine (Demo)",3,1807411654,1527628017,16
3879660,"OverField",2,28263126510,25268048717,11
3880360,"蜉蝣之国的囚徒",3,3203544675,1671480512,48
3882730,"PANOPTYCA : Idle RPG Manager",3,1265277159,886114568,30
3883450,"Last Mage Demo",3,181849639,100624290,45
3884520,"Blood: Refreshed Supply™",3,1670337150,1383703403,18
3885860,"Gnomeball",2,297367931,152423940,49
3887320,"Execute Demo",3,185438252,127148032,32
3887700,"Girls' Frontline",3,12178332641,9991583575,18
3887950,"帝国幻想乡~TOHOTOPIA Demo",3,2444628174,273680276,89
3892270,"Gamble With Your Friends",3,2257393188,871745727,62
3897540,"Cult Nation",2,126994069,60680086,53
3897800,"Poker Night at the Inventory",3,999243983,987970050,2
3898970,"Better Minesweeper",3,170819936,67574887,61
3900650,"Spider Roulette",0,1390043980,502485716,64
3902430,"War of Dots",3,472459698,290914957,39
3903990,"Half-Life: Cross Product Beta",3,1390134572,910705121,35
3904850,"Approximately Up",2,5582881312,3860124555,31
3906660,"Sacred 2 Remaster",3,19710563380,19168261678,3
3907460,"RAIDOU Remastered: The Mystery of the Soulless Army Demo",2,8337247301,7642114398,9
3907510,"PIONER Playtest",2,99627534848,86937510575,13
3907940,"MMO98",3,298506842,153565258,49
3908280,"Duality Shift",3,1447605961,1316530560,10
3908900,"Remains",1,623423126,570040617,9
3909220,"Yuki「清醒梦」",2,941727669,843820197,11
3910170,"MOTORSLICE Demo",3,1002650674,859269851,15
3911640,"Roadside Research Demo",3,2627326230,1098774564,59
3913380,"Googunners!",3,876751887,744049071,16
3915220,"Love Too Easily 2: Summer Pocha",3,10029332239,7317791128,28
3916150,"The Last Caretaker Demo",3,13446590169,12737304135,6
3916530,"Just A Guy Demo",3,708718717,571373842,20
3916620,"Idle Pixel Fantasy",3,1051876088,85678962,92
3917090,"Assetto Corsa Rally",1,22003709246,18464911404,17
3919060,"Mars Horizon 2: The Search for Life Demo",2,6720920279,3164941332,53
3920610,"FATAL FRAME II: Crimson Butterfly REMAKE",2,37566317811,34850041652,8
3922100,"Forest Doesn’t Care",2,21472061300,21118337282,2
3923830,"Vampires: Bloodlord Rising Playtest",2,19056581097,18796827665,2
3924270,"XStoryPlayer",2,7046793910,6678524254,6
3925760,"Unfair Flips",3,89720396,32879274,64
3925910,"Stackflow Demo",3,133970864,59068416,56
3926160,"Skewer Squad",3,628352061,126976815,80
3928280,"Vital Shell Demo",2,262182576,219049984,17
3929740,"Tom Clancy's Splinter Cell: Pandora Tomorrow",2,4972314569,4006726537,20
3929760,"Incredicer",3,40832529,38379520,7
3932890,"Escape from Tarkov",3,82761432641,51955439849,38
3932990,"Nun of your Business",3,7407741916,3094767148,59
3933360,"Rock and Stone",3,307107993,82944261,73
3935020,"Backyard Baseball",2,12587344582,5934890598,53
3936520,"Tour de France 2026",2,33836056368,30337626947,11
3937550,"Yakuza Kiwami 3 & Dark Ties",3,59273395830,56542166558,5
3938060,"SimplePlanes 2 Demo",0,3844745689,1968204254,49
3939600,"Hold The Mine Demo",3,1585601421,179233070,89
3942480,"The NOexistenceN of Morphean Paradox : The Forest of Silver Shallots",3,10714213009,1162402127,90
3942610,"DriveWave",2,1153446247,1046065618,10
3942890,"Fantahouse",2,637813998,267883799,58
3948120,"Scritchy Scratchy",3,441146691,190549929,57
3948580,"Plinbo: Roguelike Plinko",3,756551744,264364007,66
3949040,"RV There Yet?",3,2228643457,1776498334,21
3950020,"Duet Night Abyss",3,30629782935,29049947764,6
3951090,"Forbidden Solitaire Demo",3,206023408,194865255,6
3951580,"Tides of Tomorrow Demo",2,7766307031,7579304281,3
3952100,"Star Garden: The Trial",3,1114988226,422596981,63
3952640,"Virtual Fighter Maneuvers",3,500794013,210653547,58
3953280,"BIRDHOUSE",3,889152703,719306827,20
3953520,"MU: Dark Epoch",0,3172171832,2484890530,22
3954990,"S.A.N.D.Y. - Beach Cleaner",3,1126664714,924957947,18
3955240,"Sunny's Sissy Saga",3,998760700,524530180,48
3955660,"Dangerous Mountain Together",3,3413662537,3257880799,5
3956320,"Inotia 4",3,290049642,217613163,25
3959590,"Typing Break",3,574294308,391656001,32
3959810,"Red Tape Rampage Demo",3,408624160,307392512,25
3959950,"Rhombus",1,133533271,84663691,37
3962020,"EXD - Extra Dimensional",3,21923791671,21777660376,1
3969080,"MapleStory M",3,18858631820,16683088022,12
3972400,"Relooted Demo",3,5656071058,4414341130,22
3972600,"Cookie of Desire Demo",3,697746524,510691453,27
3972670,"Lustquake Legion Demo",3,638094084,281917709,56
3975510,"CYAN BRAIN",2,1786944709,580645537,68
3975620,"Shana - priestess of Tona Demo",3,3623619426,900338682,76
3976500,"The Spotter: Dig or Die",3,2249575446,2059353499,9
3976570,"Guns and Nuns: Storming Hell Demo",3,321526037,94344376,71
3978510,"Chained Beasts Demo",2,1491092999,595148636,61
3980420,"Stabjack Demo",3,1114984365,212686724,81
3981000,"Idle Harem Dungeon Demo",3,56290969,45226056,20
3981090,"Nothing To Declare Demo",3,2797625881,330748444,89
3981950,"Breath of Life",3,18868478125,8921368353,53
3982870,"NEUROXUS Demo",2,715412655,601594279,16
3983810,"The Spike Cross",3,573511571,442108454,23
3984460,"Ruina Demo",3,88793152,41111552,54
3985400,"Ski Jumping World Cup",3,3845249559,3246855701,16
3985950,"R.I.P. - Reincarnation Insurance Program",1,9431036919,8189169767,14
3986370,"SEX Guild Simulator ⚔️🔞 Demo",3,749171601,227311149,70
3988740,"Silent Fangs: Stealthy Vampire's Tale Demo",3,1118158011,393684711,65
3989510,"Rune Dice Demo",3,486677337,129275023,74
3992630,"There Are No Ghosts at the Grand Demo",2,9352001934,7175204759,24
3993510,"Project Chromata",2,404880430,210440648,49
3994610,"Monster Lab Simulator",0,4721481586,2643937312,45
3995540,"Outward 2 Playtest",0,24410512548,22322781379,9
3997990,"YAPYAP Demo",3,973280901,362238638,63
3998800,"恋爱吗？我家猫会后空翻",3,26679490569,26551206702,1
3998870,"Uninstall Simulator",2,491728231,390856704,21
4001890,"How to Fish",3,642307842,393597066,39
4003800,"PRAGMATA SKETCHBOOK - DEMO",3,8048060044,7776131606,4
4005920,"Heaven Does Not Respond Demo",3,2331684710,835716339,65
4007750,"Loutra: Inaugural Group Show",2,1498462151,772097185,49
4007760,"Drowned Lake Playtest",3,5022814522,2831700923,44
4009730,"Feed the Reactor",3,628358316,516068157,18
4013320,"LUST HAREM: 1001 Pleasures 💞",3,1309399949,551666227,58
4013980,"MARVEL Cosmic Invasion Demo",3,246325653,217480196,12
4015030,"Kin and Quarry Demo",3,206562748,104120320,50
4015530,"MyVoiceZoo",3,313609780,61087220,81
4016660,"Incredicer Demo",3,41072289,38305792,7
4017520,"Netoo",3,146703692,33518798,78
4018340,"Lord of Undead Demo",3,2874667615,1306334177,55
4018900,"Triangle - Cursed Town Demo",3,7925818628,7523889339,6
4019420,"REANIMAL Demo",3,6248782502,5142982281,18
4019700,"Strategy Course",3,9785987474,4477979900,55
4020010,"Mythic Kart Maker",3,169906946,131892900,23
4021750,"Spellcasters Chronicles Playtest",2,12139569015,10614487680,13
4021860,"Final Sentence Demo",3,802860454,545288672,33
4022300,"DateBoy",3,517221309,268895112,49
4025700,"Heartopia",3,10453150173,8260826048,21
4028270,"Everwind Demo",3,2001178642,1712465959,15
4029310,"Sledding Game Demo",2,766420640,231237275,70
4029780,"Fractured Blooms Demo",2,4117180066,3964150393,4
4030290,"Mamon King",3,1713531548,782468224,55
4032170,"Bubsy 4D Demo",3,870766788,663022380,24
4035270,"Space Rock Breaker",3,340147874,138751660,60
4036540,"Succubless",3,3602486452,1130917413,69
4038830,"Auto Jurassic Knights Demo",3,2135796260,1970974237,8
4039010,"OPUS: Prism Peak Demo",0,4223482901,1961855221,54
4041100,"A Game About Feeding A Black Hole Demo",3,230342580,144089088,38
4041630,"Scars of Summer: After",3,2881665406,2658081923,8
4043170,"PowerWash Simulator 2 Demo",2,4864006264,4579832691,6
4047990,"Painkiller Demo",3,14945280278,14540382820,3
4050060,"Shift At Midnight Demo",3,480288016,264322310,45
4050600,"Darkzan Adventure",3,443742085,392732725,12
4051340,"Catto Pew Pew! Demo",1,1509082770,577999796,62
4052300,"Goblin Nest Demo",3,55018542,40190018,27
4054170,"RACCOIN: Coin Pusher Roguelike Demo",3,589924282,292170398,51
4054570,"Ant Colony: Wild Forest Demo",2,225801122,79541414,65
4055160,"Side Effects Demo",3,730014568,306858268,58
4056970,"Live Wallpaper",2,294178196,154985985,48
4057050,"Heroines Through My Lens",3,33218523500,32895405928,1
4059240,"Gears of War: E-Day Multiplayer Beta",3,66933322322,63116857658,6
4059360,"The Salesman",3,1098062734,649793000,41
4060810,"CarX Drift Racing Online 2 Demo",1,13034593669,12083172927,8
4063300,"INDUSTRIA 2 Demo",3,6585805705,6356791541,4
4064510,"MOLE",3,1184259722,1025946470,14
4066790,"The Backrooms Deluxe 2",1,7396349096,6765176690,9
4069520,"Super Battle Golf",3,1807307026,1312447469,28
4073480,"Epos Survivors Demo",3,1270689992,284711381,78
4076520,"Crashout Crew Demo",3,1171257885,478765146,60
4077190,"千禧失乐园 Demo",3,1673687848,946008064,44
4080930,"Steel Artery: Train City Builder Demo",3,127950633,119191255,7
4081520,"Queen's Domain Demo",2,928385158,545352791,42
4083190,"The Apothecary of Trubiz",1,101703021,62104310,39
4088900,"Cactus Clicker",3,467632499,345409570,27
4091980,"Bouncemasters 2: Pengu Throw Demo",3,699716028,155887232,78
4092390,"Trials Survivors Demo",3,711354174,547548251,24
4094120,"Microlandia",3,1451909826,586245304,60
4098530,"FIGHT-QUEST Demo",3,684002499,549168155,20
4101450,"castle idler demo",3,156791558,63264664,60
4102330,"Warhounds Playtest",2,37268852749,24276503257,35
4102700,"GAL VS VILLAGE",3,563392179,443192665,22
4104530,"No, I'm not a Femboy",3,2705760994,1118492868,59
4106740,"Dinoblade Demo",3,5292920525,4942790074,7
4108000,"Machine Party",2,735778284,529764352,28
4109130,"Phonopolis Demo",3,2729216922,2104370329,23
4109600,"Requisition VR: Hunt & Extract",3,11922665348,9341108530,22
4110800,"Futa Fucks Femboys Demo",3,1419470013,580227142,60
4111940,"Gretel & Hansel Demo",3,1423721599,600937861,58
4112260,"Razorform Playtest",1,1656787613,1323626430,21
4114120,"Носковраздор",3,86559020,44867801,49
4116740,"Active Matter Demo",3,35848579718,35215743388,2
4119420,"Evitania Online - Idle RPG",3,247824351,109689620,56
4121170,"Fears to Fathom® - Scratch Creek",3,12923761870,7144872958,45
4122860,"Z.A.T.O. // I Love the World and Everything In It",3,419272955,345323538,18
4123780,"The wild darkness",3,153431728,150024199,3
4124780,"Scritchy Scratchy Demo",3,322232625,158989298,51
4124950,"Ashes of Creation",1,149837594015,72515367067,52
4125930,"Punishing: Gray Raven",2,63328246500,61430690256,3
4126310,"The Adventures of Elliot: The Millennium Tales Prologue Demo",3,7347617861,6386235385,14
4128260,"Highguard",2,24439264388,24335880543,1
4128400,"eBaseball™: PRO SPIRIT",0,18109528168,17659504549,3
4129790,"Dead Weight: Prologue",2,617668680,513200128,17
4131730,"VHOLUME",2,5968749344,5796818977,3
4134840,"Beyond Words Demo",2,164560054,67418497,60
4138820,"Wreckborn",2,3923332210,1895628714,52
4142750,"Denshattack! Demo",3,1629402679,1455175832,11
4144680,"DEAD OR ALIVE 6 Last Round",3,88223218776,87857790731,1
4145650,"Beastro - Demo",3,2741680885,2295771735,17
4147820,"Your Mom",3,497272298,310850658,38
4151140,"My Friend’s Girlfriend",3,2400324187,1645277960,32
4154070,"The Loopler Demo",3,126778533,51817648,60
4157700,"Wild Blue Skies Demo",3,1443861659,973029063,33
4158860,"MindsEye Demo",3,53588195659,46233834478,14
4160320,"Pigment",2,165253368,118588428,29
4160920,"Cargo, Please!",1,2404474712,1121477469,54
4162040,"Zenless Zone Zero",1,83206020245,82239339054,2
4163940,"Feed the Reactor Demo",1,499193472,423187225,16
4164420,"My Winter Car",3,1164400139,551169060,53
4167890,"8 floor, only me？ Demo",3,1631003482,661139431,60
4169030,"DownSouth Demo",3,765194649,661197440,14
4169300,"Operation: Outbreak",2,4227493467,4088106493,4
4169820,"永恒与星辰与日常",3,1781050887,1495791448,17
4170140,"Idle Gumball Machine Demo",3,402237216,319819776,21
4170580,"Chop Chains Demo",3,211614684,64164907,70
4172390,"DiceVaders Demo",3,1231191786,607400300,51
4172800,"nophenia Demo",3,168115504,80736256,52
4173620,"I Know a Guy: Shady Life Simulator",2,4540518804,1603971165,65
4175870,"Project: Doors Demo",1,3192989466,2049707082,36
4186930,"BULK Demo",3,1086109829,840073355,23
4189140,"Forage Wizard Demo",3,557545451,88711704,85
4189910,"Dice In You",3,442831972,106663070,76
4190070,"Ladies, Don’t Tempt My Immortality",3,45547302887,43649831292,5
4193560,"Futa Slug EX Demo",3,1571739033,429177550,73
4195600,"AFK Journey",3,27762396826,23549390542,16
4197610,"Librarian: Tidy Up the Arcane Library!",3,1209051941,1061876688,13
4198760,"Nioh 3 Demo",3,87073517037,67661089731,23
4203650,"Ghost Milf Demo",2,357551740,204968629,43
4203950,"The Great Hatch Demo",3,1394464059,75597813,95
4204020,"Holey Demo",3,551317692,278265649,50
4206970,"Wireworks Demo",3,227486552,44410062,81
4207270,"Survivors: Island Adventure",3,1767258821,1059808732,41
4210280,"Titanium Court Demo",3,504715902,404687436,20
4210580,"Ore Factory Squad ⛏",0,10366425120,6776221595,35
4211230,"AUDIOMECH Demo",3,1306269399,472564684,64
4213470,"Bones and Coins Demo",3,836259843,73783809,92
4214820,"Game of Thrones Kingsroad",1,42148360005,35284489715,17
4219780,"Animalkind Demo",3,1841165073,530748742,72
4220820,"Polyarmory: High Calibre Love",3,7025509031,3021085541,57
4224240,"Jujutsu Kaisen Phantom Parade",3,11807691757,11345356423,4
4224470,"The Shadow Architect",2,535686053,345790715,36
4225220,"Incremental Infinity Demo",3,307569455,164097597,47
4227920,"Astromine Playtest",2,4397263068,1403506612,69
4231580,"Beetleball Demo",3,5798323863,1168190739,80
4232710,"Love at Work Demo",3,1912308455,467387519,76
4234670,"Parasite Mutant Demo",3,4662560584,1864278533,61
4238050,"Factory Works Idle Demo",3,309163023,134014730,57
4240050,"Cozy Cleaner  Demo",3,1143810537,278356256,76
4241850,"Dreadmyst",2,590524782,574964674,3
4244410,"Planet of Lana II Demo",1,11814100465,6407542925,46
4244510,"Pratfall",3,959282068,331948781,66
4244520,"Panzer Dragoon Zwei: Remake Demo",3,3372412664,3008083107,11
4245250,"VHOLUME Demo",3,1527832317,1221469573,21
4247830,"SPRAWL zero Demo",3,1785711522,1630743386,9
4249100,"Resident Evil (1996)",3,2492188286,1792190930,29
4249120,"Resident Evil 3 Nemesis (1999)",3,2692411840,2498038300,8
4249130,"Dino Crisis",2,3718359775,2826809329,24
4249150,"Breath of Fire IV",2,1173072480,939266575,20
4249950,"Succubless Demo",3,1509936549,287088575,81
4252290,"Meowgic",1,3128364322,1734540842,45
4252640,"VOID81: The Backrooms",3,1724061269,735899399,58
4253550,"Archon Soul Demo",3,2316360644,814603603,65
4253670,"STARDUST: Wish of Witch Demo",3,700660622,494753932,30
4253760,"Witch You Want",1,468140710,285284993,40
4254230,"Marathon Server Slam",2,18938762511,17854639008,6
4254970,"Anomaly President Demo",3,476833933,355985199,26
4255580,"Mouse X",2,362237690,198645214,46
4256290,"Path of ldle: old Gods Rising Demo",3,1155548180,271505092,77
4257090,"CICADAMATA"" Demo Disc",3,396066344,182276096,54
4257800,"Skydimo",0,381457538,220915882,43
4261860,"REPLACED Demo",3,1381257089,626330573,55
4266910,"Tales Of Glory 3 : Fists of Legend Demo",3,8335825784,4091798556,51
4267580,"Die Deep Demo",3,338704381,207622502,39
4267840,"Be Queen Bee",2,303462507,155016332,49
4268810,"Wanderburg Demo",3,1415427750,248702079,83
4270390,"D1AL-ogue",2,737248948,220977709,71
4270630,"In My Bubble •°",2,1539901346,675072923,57
4271870,"Passion Bay Demo",3,170911444,51857394,70
4273430,"Rift Fishing Playtest",2,976731294,597425477,39
4277050,"HeroTail: Survivors Demo",3,1196380499,429233050,65
4282490,"Mistfall Hunter Demo",3,45384347174,43018137673,6
4282500,"hololive Dreams",0,12791333008,12315739753,4
4287640,"Zero Stress King: Idle Defense Demo",3,54212235,33854729,38
4288370,"Amazons vs Zombies Demo",3,492029210,373887479,25
4290960,"Lootbound Demo",3,782653999,316552321,60
4291770,"Windrose Demo",2,23253609044,13292833754,43
4292050,"Truck Mechanic: Dangerous Paths - First Mile",3,15997017097,15582840227,3
4297010,"Comatose Demo",3,1763871796,1625837244,8
4300500,"IRON NEST: Heavy Turret Simulator Demo",3,2738913771,1032582632,63
4302150,"Ball-Busterz",3,483246035,355011621,27
4307190,"Trees Hate You Demo",3,224065693,90957455,60
4307740,"Car Mechanic Simulator 2026 - Single Player Demo",1,15485805394,7882063538,50
4308510,"Everything is Crab Demo",3,850173769,178939358,79
4308650,"Rocky Idle Demo",3,544841729,228849895,58
4310820,"Fracture Field Demo",3,250099033,70667732,72
4311010,"EXE.CUTOR",3,326554057,134424040,59
4313760,"FISH Demo",3,1186643059,240291259,80
4314550,"Spacetime Shooter",3,1477746666,377335439,75
4314560,"Cartapli : Fold Quest",3,427725854,160607365,63
4316300,"Dosa Divas Demo",3,3110364097,2583825281,17
4317020,"Clerks and Quirks Demo",3,2389864443,1905987587,21
4320050,"Haunted Heist Demo",2,2277565024,1487798272,35
4323990,"EMPULSE",3,6889233052,5848785248,16
4327430,"Milf Solitaire: Lust Collector Demo",3,348081741,257467298,27
4328020,"SpaceCraft Demo",2,21042728609,10257577819,52
4329470,"Vampire Crawlers Demo",3,992597112,557450918,44
4338840,"Timber Rush Demo",3,170444360,60330633,65
4339880,"Game Compressor",3,185287445,74504062,60
4347420,"Chef Knight Demo",3,263938645,70912737,74
4356080,"Burglin' Gnomes Demo",3,5263465470,2810954246,47
4356650,"Darkhaven Demo",3,3345871163,2561912324,24
4357090,"Deep Snow Delivery Demo",3,1672629341,1540842670,8
4361770,"Don't Panic! It is Just Turbulence Demo",3,3627393461,1016715277,72
4362190,"Tap Tap Loot Demo",2,160891568,78461552,52
4365130,"Starship Command: Orion Spur Demo",3,10346321523,4866009313,53
4369490,"Soulbound: Online",0,220790598,120094699,46
4371160,"Helix: Descent N Ascent - Demo",3,890267302,539454415,40
4375060,"Samurai GUNN 2: Free Edition",2,1258545205,1096608872,13
4376050,"Data Center Demo",3,1123664909,464238968,59
4380490,"Cat Mail Co.",2,862719398,307020527,65
4384370,"Cargo Hunters Demo",3,1120082090,691437245,39
4385160,"Armatus Demo",1,63212895502,37568813349,41
4390090,"Estranged: Arctic Cold Demo",2,6004626196,3995964651,34
4393380,"Directory Dungeon Demo",3,163246914,64333823,61
4393880,"Alliance Tales: Battle for the Frontier Demo",3,4063028083,1095810454,74
4395300,"Dancing Line",3,963031451,610759912,37
4396200,"Pussy Island Demo",3,430702113,221733385,49
4396220,"Approximately Up Demo",3,1673708967,897233549,47
4401880,"Bouncy Weapons Demo",3,284839430,54391080,81
4403730,"Idle Demon Summoner Demo",3,142479232,72507392,50
4406650,"Rift Fishing Demo",3,990804968,540835037,46
4407550,"Romestead Demo",2,1576577935,313654245,81
4407700,"Horde of Distraction Demo",3,173416005,119833741,31
4407830,"Core Splitter Demo",3,3295109645,429873902,87
4408350,"TOTALLY BASKETBALL",3,3401135616,759686200,78
4418710,"Flow Legends Demo",3,520796626,95089736,82
4418820,"Favors Demo",3,431516185,217882817,50
4419050,"Entity Research Group Demo",3,2591548317,2390647823,8
4421200,"We Were Here Tomorrow Demo",1,3536304420,2027635771,43
4421560,"IGTAP: an Incremental Game That's Also a Platformer Demo",3,421399676,95596045,78
4422890,"Eyes on Me Demo",2,3462220326,3293516669,5
4425280,"Takeover 2 Demo",3,3804373754,3223716048,16
4425970,"Guildrun Demo",3,11356812722,1369482688,88
4432440,"Multiplier Goblin Demo",3,444919982,285078203,36
4432820,"Zad Archery (Demo)",3,391500082,92835970,77
4449410,"KYOTO XANADU -the Blooming Phantom-",1,26522677353,15978456051,40
4450620,"GRAIN ROT",2,4500471556,4377386428,3
4454550,"Spectra Demo",3,3981306646,3846192095,4
4455690,"Upcreek",2,151664176,76177408,50
4456160,"Dawn Of Defense Demo",0,1289381402,866551465,33
4459100,"Resident Evil Requiem - Demo",3,16555909129,16130895826,3
4465080,"Rivage Demo",3,3010993904,2833632640,6
4465480,"Counter-Strike:Global Offensive",3,34829380800,17777849621,49
4475190,"Deadlucre",3,1708873885,653356594,62
4476170,"Incrempire Demo",3,273462750,92982316,66
4484290,"Infinite Ruins Demo",3,200526125,58735778,71
4487840,"Hard Truck 2: King of the Road",3,718883838,378512996,48
4489430,"Profit Sea Incremental Demo",3,69864041,63287190,10
4505070,"Foreverthorn Playtest",3,1017394704,913951193,11
4506160,"TowerLine Demo",3,284273794,109941369,62
4508340,"NTE: Neverness to Everness",2,78360452114,77112359581,2
4510830,"Myth of Empires: Throne",3,60326089076,59846201914,1
4513880,"难道你是GAL高手",2,10554497538,7486824171,30
4515200,"Starlocked",2,1214549435,632630559,48
4515660,"Control, I'm Not Coming Back",3,448234869,169892360,63
4519690,"1666: Amsterdam (Prologue)",3,15770596628,15297332418,4
4530130,"Last Pirates: Die Together Demo",2,3159381644,2686383660,15
4532590,"BSide: Olivia Lin",3,3690443505,3401593058,8
4534390,"Loot Frog Demo",3,169495456,90895455,47
4540890,"Well Dweller Demo",3,730212498,622071410,15
4546880,"Breaking Armor Demo",3,228543914,73098654,69
4550910,"The Road of Dust and Sorrow Demo",3,601125633,70047673,89
4551650,"Slow Roads Demo",3,406553763,185284362,55
4553640,"CarX Drift Racing Online 2 Playtest",3,15428985694,13953375571,10
4557490,"DarkStone Restoration",3,3588061306,2861062511,21
4564320,"With Your Coworker",2,273722854,137749575,50
4568830,"ASTRAL COURT DX",2,882611176,468051758,47
4570720,"DragonSword : Awakening",3,21363157324,18073793288,16
4576510,"Casualties: Unknown Demo",3,541026208,330540622,39
4581780,"BRAZILIAN DRUG DEALER BEFORE 4: DEMONS FROM THE PORTAL TO HELL I OPENED ARE STILL IN THE FAVELA AND NOW I HAVE TO SAVE MAMADAS FROM RONALDO Demo",3,331062627,150155046,55
4584110,"Soul Land: Awakening World",0,11827677159,11058679686,7
4584240,"Cheap Car Repair: Welcome to Nowhere",3,4660369678,2990808289,36
4596760,"Empire Water Works Demo",3,2499782979,2364107138,6
4597250,"Order of the Sinking Star Demo",1,6015148902,5239323771,13
4617860,"OMEGA PHENEX COMMENCED PROJECT SIX Playtest",3,4660143409,4483013400,4
4618260,"Dirt Clicker Demo",3,121177148,44711936,64
4622530,"Cat Mail Co. Demo",1,863244867,322126572,63
4630570,"RUNNING TRAIN | 走ル列車！",2,2734850490,2583948609,6
4641840,"Valor Mortis Demo",3,19663030639,17416125544,12
4643090,"The NOexistenceN of Lilith",2,590738505,216231193,64
4653330,"OurLife",3,577226720,254754816,56
4656210,"How To Grow a Black Hole Demo",0,529231628,321119395,40
4661040,"GRIP XR Demo",3,1346456327,1190384525,12
4666330,"Trash Day Demo",2,1565588853,580775005,63
4667740,"Dungeon Baller Playtest",3,199335265,163858326,18
4679680,"SiN Reloaded Demo",3,413499233,272196724,35
4681880,"Dragon Kisser",3,3040657217,2756121138,10
4693230,"BPM Bitcrushed Demo",3,258982405,203416422,22
4698860,"Lord Of The Trough",3,1744939309,1601260086,9
4703940,"over the hill Demo",3,3199369529,1805783487,44
4704690,"MECCHA CHAMELEON",3,2754159599,2549308749,8
4711740,"Mortal Shell II - Open Beta",3,59965175516,58974488647,2
4728020,"Washington Prime Demo",3,331434768,279263906,16
4734170,"Pornographer",3,4463866445,4380362564,2
4737480,"Sensory Overload Demo",0,140245779,103665664,27
4744250,"Online: 404 Demo",2,30276219209,30028990222,1
4747510,"BOMBANANA! Demo",3,264202860,70899193,74
4753480,"Forensics: Crime Scene Detective Demo",2,7455878590,3176191919,58
4757350,"NOIR BLOOM Demo",3,1208559789,172747869,86
4776100,"Dust Front RTS Demo",3,1394823661,895944022,36
4783780,"Call of Duty®: Modern Warfare® 4 - Beta",3,50291075046,49377795503,2
4784920,"Succupie: An Erotic Short Story Demo",3,1235474062,1087961557,12
4786700,"Reshine Playtest",3,1394086583,1250103998,11
4791300,"XenoFeels Demo",3,486176046,142250086,71
4794460,"Trine 6: Together in Time Demo",3,9887734236,9777027174,2
4800590,"Supermarket Chaos",2,3345763302,1384287620,59
4804900,"Roll to Riches Demo",0,2419738015,2317233390,5
4809930,"WARDOGS Playtest",3,39846549929,39327028857,2
4811590,"The Money Pit Demo",2,3770456187,3429539941,10
4813220,"As One We Survive Demo",3,2984110176,753130468,75
4823800,"Observe. Demo",3,231624235,82441491,65
4834620,"Fabricatio",2,163032123,87460585,47
4852580,"The Lure",3,3144823481,2940208631,7
4855320,"Primal One Demo",3,377981894,130928059,66
4856740,"Spin Cycle Demo",3,117316654,98685034,16
4858680,"HAM HOLE Demo",3,762448840,548528128,29
4864600,"CRYMELIGHT Demo",3,4024368100,2083944394,49
4874400,"framepacer",2,3045555,1218130,61
4877110,"Little Incrementisle",3,827864676,466732810,44
4883650,"床下有罐钱 Demo",3,603311319,338531979,44
4886810,"Mobsteria: Rise",3,383470949,151358335,61
4905920,"Untitled Ghost Game Demo",3,344368321,227895710,34
4917980,"PROFITS 2167: Planetary Resource Optimization & Freight Infrastructure Technician Simulator Demo",3,1101444274,590394069,47
4922850,"Mike the Hooper Demo",3,133383013,48390441,64
4952390,"无凡仙域 Demo",2,62199672225,34356903336,45
4963920,"Porthole - Local Port Sharing",3,42473112,16076800,63
4965930,"BLIGHTFALL Demo",3,4489062267,2263374333,50
4986460,"EthrA Playtest",2,3361769670,1633427932,52
4991390,"Guns and Dragons Playtest",1,8717977449,8264014718,6
4999690,"Heatwarped Demo",3,709438454,301659697,58
