pkg,title,topics
dvdcoll,A class for typesetting DVD archives,"Catalogue, Class"
cdcover,Typeset CD covers,Covers
mahjonggame,Drawing Mahjong tiles and complete Mahjong game layouts with LaTeX3 and TikZ,"PGF TikZ, Games"
multicoltab,Free flow table for multicols layouts,"Table, Table long"
abraces,Asymmetric over-/underbraces in maths,"Maths symbol, Maths, Tagged PDF – incompatible"
abspos,Absolute placement with coffins,Layout
academicons,Font containing high quality icons of online academic profiles,"Font symbol, Font TTF, Tagged PDF – partially compatible, Font, Font supp symbol"
acmart,Class for typesetting publications of ACM,"Tagged PDF – partially compatible, Engineering, Computer science, Computer theory, Journal, Class"
addfont,Easier use of fonts without LaTeX support,"Font use, Tagged PDF – fully compatible, Font management"
adigraph,Augmenting directed graphs,"PGF TikZ, Diagrams"
adjmulticol,Adjusting margins for multicolumn and single column output,"Tagged PDF – fully compatible, Multi-column, Layout"
aiplans,A TikZ-based library for drawing POCL plans,"PGF TikZ, Automata, Graphics"
alchemist,Typeset alchemist and astrological symbols,"Unicode, Font supp symbol, Astrology"
algorithm2e,Floating algorithm environment with algorithmic keywords,"Tagged PDF – incompatible, Pseudo-code"
algpseudocodex,Package for typesetting pseudocode,Pseudo-code
algxpar,Support multiple lines of pseudocode,Pseudo-code
altsubsup,Subscripts and superscripts with square brackets,"Subsup position, Maths"
animate,Create PDF and SVG animations from graphics files and inline graphics,Graphics motion
annot-pro,"Create text, stamp and file attachment annotations","Adobe Distiller, PDF features"
annotate-equations,Easily annotate math equations using TikZ,"Decoration, Maths, PGF TikZ"
archaeologie,A citation-style which covers rules of the German Archaeological Institute,"BibLaTeX, Std conform, Humanities"
argumentation,Create abstract argumentation frameworks via TikZ,"PGF TikZ, Diagrams, Graphics"
arsclassica,A different view of the ClassicThesis package,Dissertation
association-matrix,LaTeX support for creating association matrices,"Table, Matrix"
asternote,Annotation symbols enclosed in square brackets and marked with an asterisk,"Footnote, Japanese"
asymptote-by-example-zh-cn,Asymptote by example,Chinese documentation
asymptote-manual-zh-cn,A Chinese translation of the asymptote manual,Chinese documentation
attachfile,Attach arbitrary files to a PDF document,"PDF features, Tagged PDF – incompatible"
automata,"Finite state machines, graphs and trees in MetaPost",Automata
awesomebox,"Draw admonition blocks in your documents, illustrated with FontAwesome icons","Boxing, Tagged PDF – partially compatible"
bagpipe,Support for typesetting bagpipe music,Music
bardiag,LaTeX package for drawing bar diagrams,"Charts, Tagged PDF – incompatible"
barracuda,Draw barcodes with Lua,Barcode
battleship,A LaTeX style file for typesetting Battleship logic puzzles,"Games, PGF TikZ"
bboldx,Extension of the bbold package with a Blackboard Bold alphabet,"BBD font, Maths font, Font Type1, Tagged PDF – partially compatible, Font support, Font"
bchart,Draw simple bar charts in LaTeX,"Charts, Tagged PDF – incompatible, PGF TikZ"
bclogo,Creating colourful boxes with logos,"Boxing, Tagged PDF – unsupported, Logo"
beamertheme-arguelles,"Simple, typographic beamer theme",Presentation
beamerthemecelestia,A modern and elegant Beamer theme,Presentation
bearwear,Shirts to dress TikZbears,"Tagged PDF – fully compatible, PGF TikZ, Graphics, Amusements"
bg,Annotate backgammon matches and positions,Games
bib2qr,Cite BibTeX entries with QR codes,"QR Code, BibLaTeX"
biber,A BibTeX replacement for users of BibLaTeX,Bibliography
biblatex,Sophisticated Bibliographies in LaTeX,"Bibliography, BibLaTeX, Tagged PDF – partially compatible"
biblatex-license,Add license data to the bibliography,"BibLaTeX, Licence management"
biblatex-manuscripts-philology,Manage classical manuscripts with BibLaTeX,"BibLaTeX, Humanities"
biblatex-philosophy,Styles for using BibLaTeX for work in philosophy,"BibLaTeX, Humanities, Philosophy"
biblatex-publist,BibLaTeX bibliography support for publication lists,BibLaTeX
biblatex-realauthor,Indicate the real author of a work,BibLaTeX
biblatex-source-division,References by <q>division</q> in classical sources,BibLaTeX
bibleref,Format bible citations,"Theology, Label and References"
bibletext,Insert Bible passages by their reference,Theology
bibtex,Process bibliographies (bib files) for LaTeX or other formats,"Tagged PDF – fully compatible, Bibliography, BibTeX Support, BibTeX documentation"
bicaption,Support for bilingual captions,"Tagged PDF – incompatible, Caption"
binarytree,Drawing binary trees using TikZ,"PGF TikZ, Tree, Graphics in TeX"
biochemistry-colors,"Colors used to display amino acids, nucleotides, sugars or atoms in biochemistry",Colour
bitpattern,Typeset bit pattern diagrams,"Engineering, Computer net, Computer science"
bizcard,Typeset business cards,File card
blochsphere,Draw pseudo-3D diagrams of Bloch spheres,"Physics, PGF TikZ"
blockdraw_mp,"Block diagrams and bond graphs, with MetaPost",Block Diagrams
bloques,Generate control diagrams,Control Diagrams
blowup,Upscale or downscale all pages of a document,"Typesetting, Tagged PDF – fully compatible"
blox,"Draw block diagrams, using TikZ","PGF TikZ, Graphics, Block Diagrams"
bodegraph,"Draw Bode, Nyquist and Black plots with gnuplot and TikZ","Graphics plot, Engineering, PGF TikZ"
bodeplot,"Draw Bode, Nyquist and Nichols plots with gnuplot or pgfplots","Engineering, PGF TikZ, Graphics plot"
boites,Boxes that may break across pages,"Boxing, Box breaking, Decoration, Tagged PDF – incompatible"
bondgraphs,"Draws bond graphs in LaTeX, using PGF/TikZ","PGF TikZ, Diagrams"
bootstrapicons,Icons from the framework Bootstrap,"Graphics symbols, Logo"
bracealign,Align braces under and over math expressions,"Maths, Tagged PDF – fully compatible, Parentheses management"
braids,Draw braid diagrams with PGF/TikZ,"Tagged PDF – fully compatible, Graphics, Diagrams, Maths, PGF TikZ"
broydensolve,Solve a system of equations with Broyden’s good method,"Graphics, Tagged PDF – fully compatible, PGF TikZ"
bundledoc,Bundle together all the files needed to build a LaTeX document,"Archival, Bundle"
businesscard-qrcode,Business cards with QR-Code,"XeTeX, File card, QR Code, Class"
byo-twemojis,<q>Build your own twemojis</q> with TikZ,"Graphics, Amusements, PGF TikZ"
byrne,Typeset geometric proofs in the style of Oliver Byrne’s 1847 edition of Euclid’s Elements,"Graphics, LuaTeX, Graphics METAPOST"
bytefield,Create illustrations for network protocol specifications,"Computer science, Computer net, Engineering, Tagged PDF – incompatible"
calcage,"Calculate the age of something, in years",Date time
calctab,Language for numeric tables,Calculation
calculation,"Typesetting reasoned calculations, also called calculational proofs","Maths, Proof"
calculator,Use LaTeX as a scientific calculator,"Tagged PDF – fully compatible, Calculation, Maths"
callouts,Put simple annotations and notes inside a picture,"PGF TikZ, Graphics"
canoniclayout,Create canonical page layouts with memoir,Geometry
cardgame,Typeset custom playing cards for printing,"Games, Cards"
catechis,Macros for typesetting catechisms,Theology
causets,Draw causal set (Hasse) diagrams,"Math Diagrams, Maths, Graphics, Tagged PDF – fully compatible, PGF TikZ"
ccicons,LaTeX support for Creative Commons icons,"Font symbol, Font, Font Type1, Tagged PDF – partially compatible"
cclicenses,Typeset Creative Commons licence logos,Logo
cellprops,"Accept CSS-like selectors in tabular, array, …",Table
celtic,A TikZ library for drawing celtic knots,"PGF TikZ, Tagged PDF – fully compatible, Graphics"
censor,Tools for producing redacted documents,"Security, Tagged PDF – incompatible"
changelayout,Change the layout of individual pages and their text,Geometry adjust
changelog,Typesetting keepachangelog.com style changelogs,"Document Management, Tagged PDF – fully compatible, Version control"
changes,Manual change markup,"Editorial, Document tool, Tagged PDF – incompatible"
char2path,A LaTeX package that converts characters into TikZ paths,PGF TikZ
chatui,"Typeset AI chat transcripts as terminal, web, or desktop chat UIs",Quotation
chemformula,Command for typesetting chemical formulas and reactions,"Chemistry, Tagged PDF – incompatible"
chemobabel,"Convert chemical structures from ChemDraw, MDL molfile or SMILES using Open Babel","Chemistry, Graphics, Foreign import"
chempid,Draw Piping and Instrumentation diagrams using TikZ via PGF,"Block Diagrams, Chemistry, PGF TikZ, Diagrams"
chemplants,Symbology to draw chemical plants with TikZ,"PGF TikZ, Flow Diagrams, Graphics, Chemistry"
chemschemex,Typeset and cross-reference chemical schemes based on TikZ code,Chemistry
chess-problem-diagrams,A package for typesetting chess problem diagrams,"Chess, Tagged PDF – incompatible, Games"
chessboard,Print chess boards,"Chess, Games, Tagged PDF – incompatible"
chickenize,Use Lua callbacks for <q>interesting</q> textual effects,"LuaTeX, Games, Typesetting"
chinesechess,Typeset Chinese chess with l3draw,"Chinese, Games, Chess"
chordbox,Draw chord diagrams,"PGF TikZ, Music, Chords"
chroma,A reference book of LaTeX colours,"Documentation, Colour"
chronology,Provides a horizontal timeline,"Calendar, Planning, PGF TikZ, Tagged PDF – incompatible"
circledsteps,Typeset circled numbers,"Tagged PDF – partially compatible, Numbers"
circledtext,Create circled text,"Tagged PDF – partially compatible, Graphics symbols"
circuit-macros,M4 macros for electric circuit diagrams,"Electronic, Circuit Diagram"
circuitikz,Draw electrical networks with TikZ,"Circuit Diagram, Electronic, PGF TikZ, Graphics"
circularglyphs,A circular glyphs alphabet,"PGF TikZ, Font"
citation-style-language,Bibliography formatting with Citation Style Language,"Bibliography, Use Lua, Tagged PDF – incompatible"
citeright,Specify accurate natbib citations for diverse naming conventions,Cite support
classics,Cite classic works,"Cite support, Humanities"
classicthesis,A <q>classically styled</q> thesis package,Dissertation
cleveref,Intelligent cross-referencing,"Label and References, Tagged PDF – partially compatible"
clipboard,Copy and paste into and across documents,"Quotation import, Tagged PDF – fully compatible"
cloze,A LuaLaTeX package for creating cloze texts,"LuaTeX, Exam"
clrstrip,Place contents into a full width colour strip,"Colour, Tagged PDF – incompatible"
cmarrows,MetaPost arrows and braces in the Computer Modern style,Graphics symbols
cmll,Symbols for linear logic,"Font, MF font, Tagged PDF – partially compatible, Font symbol maths, Maths font, Font Type1"
codedoc,LaTeX code and documentation in LaTeX-format file,Documentation support
codehigh,Highlight code and demos with l3regex and LPeg,"Listing, Use LuaTeX, Tagged PDF – incompatible, Syntax highlight"
coffeestains,Add coffee stains to documents,"PGF TikZ, Graphics, Amusements"
colorframed,Fix color problems with the package <q>framed</q>,"Tagged PDF – incompatible, Decoration"
colorspace,Provides PDF color spaces,Colour
colortab,Shade cells of tables and halign,"Table, Colour"
colortbl,Add colour to LaTeX tables,"Table, Colour, Tagged PDF – fully compatible"
commutative-diagrams,CoDi: Commutative Diagrams for TeX,"Tagged PDF – incompatible, Diagrams, Math Diagrams, Commutative Diagrams, Maths, PGF TikZ, Graphics"
comprehensive,Symbols accessible from LaTeX,"Font index, LaTeX Reference"
context-collating-marks,Environment to place collating marks on the spine of a section,"Book publication, ConTeXt"
context-handlecsv,Data merging for automatic document creation,"ConTeXt, CSV support"
context-visualcounter,Visual display of ConTeXt counters,ConTeXt
contour,Print a coloured contour around text,"Tagged PDF – incompatible, Colour, Decoration"
coop-writing,Support for Cooperative Writing and editorial comments,Editorial
copyrightbox,Provide copyright notices for images in a document,Typesetting
countwords,"Exact word counts, stored in LaTeX counters, using Lua","Word count, LuaTeX"
crbox,Boxes with crossed corners,"Typesetting, Boxing, Decoration"
crefthe,Cross referencing with proper definite articles and declensions,Label and References
crop,Support for cropmarks,"Layout page, Tagged PDF – incompatible"
crossrefenum,Smart typesetting of enumerated cross-references for various TeX formats,"ConTeXt, Label and References"
crossword,Typeset crossword puzzles,"Tagged PDF – incompatible, Crossword puzzle, Sudoku, Games"
crosswrd,Macros for typesetting crossword puzzles,"Games, Crossword puzzle"
css-colors,Named colors for web-safe design,Colour
ctable,Flexible typesetting of table and figure floats using key/value directives,"Table, Tagged PDF – incompatible, Float"
ctex,LaTeX classes and packages for Chinese typesetting,"Book publication, Chinese, Class, Tagged PDF – incompatible"
cutwin,"Cut a window in a paragraph, typeset material in it","Tagged PDF – partially compatible, Text flow"
dashbox,Draw dashed boxes,"Boxing, Tagged PDF – incompatible"
dataref,Manage references to experimental data,"Label and References, Data manipulation"
datax,Import individual data from script files,Data import
datestamp,Fixed date-stamps with LuaLaTeX,"LuaTeX, Date time"
datetime2,"Formats for dates, times and time zones","Date time, Multi-lingual, Tagged PDF – fully compatible"
dbshow,"A package to store and display data with custom filters, orders, and styles","Data selection, Data preparation, Data display"
dcpic,Commutative diagrams in a LaTeX and TeX documents,"Commutative Diagrams, Tagged PDF – incompatible"
ddphonism,"Dodecaphonic diagrams: twelve-tone matrices, clock diagrams, etc","Music, PGF TikZ, Diagrams"
debate,Debates between reviewers,Notes
decision-table,An easy way to create Decision Model and Notation decision tables,"Diagrams, Table, Planning"
derivative,Nice and easy derivatives,"Maths, Tagged PDF – fully compatible"
diabetes-logbook,A logbook for people with type one diabetes,"Data display, Document template"
diadia,Package to keep a diabetes diary,Data display
diagmac2,"Diagram macros, using pict2e","Graphics in TeX, Commutative Diagrams"
dialogl,Macros for constructing interactive LaTeX scripts,Macro support
dijkstra,Dijkstra's shortest-path algorithm for LaTeX,"Tagged PDF – fully compatible, Maths, Automata"
dirtree,Display trees in the style of windows explorer,"Tree, Tagged PDF – incompatible"
ditaa,Use ditaa diagrams within LaTeX documents,Diagrams
dnaseq,Format DNA base sequences,Molecular biology
doclicense,Support for putting documents under a license,"Tagged PDF – partially compatible, Licence management"
domaincoloring,Draw colored represenations of complex functions,"Colour, Graphics include, Graphics plot, Graphics EPS/PDF, Graphics plot function, Maths, Graphics, Tagged PDF – fully compatible, LuaTeX"
download,Allow LaTeX to download files using an external process,External code
dpcircling,Decorated text boxes using TikZ,"Decoration, Boxing, PGF TikZ"
draftcopy,Identify draft copies,Editorial
draftmark,Put draft marks on selected pages,Editorial
drawmatrix,Draw visual representations of matrices in LaTeX,"PGF TikZ, Diagrams, Matrix"
dsptricks,Macros for Digital Signal Processing plots,"PSTricks, Tagged PDF – incompatible"
ducksay,Draw ASCII art of animals saying a specified message,"Games, Amusements, Graphics, Tagged PDF – incompatible"
duotenzor,Drawing package for circuit and duotensor diagrams,"Diagrams, Circuit Diagram, Graphics, PGF TikZ"
dvgloss,Facilities for setting interlinear glossed text,Linguistic
dynkin-diagrams,"Draw Dynkin, Coxeter, and Satake diagrams using TikZ","Diagrams, Graphics, Tagged PDF – partially compatible, PGF TikZ"
ean13isbn,Print EAN13 for ISBN,"Std conform, Barcode"
easing,Smooth interpolation functions for pgfmath,"Calculation, Graphics, Graphics support, PGF TikZ"
econlipsum,Generate sentences from economic articles,"Dummy generator, Tagged PDF – fully compatible"
egpeirce,Draw existential graphs invented by Charles S. Peirce,"Logic, Diagrams, PSTricks, Philosophy, Tagged PDF – incompatible"
eigo,Comprehensive tools for creating Go (Weiqi/Baduk) game diagrams in LaTeX,"Games, Go, PGF TikZ"
einfart,Write your articles in a simple and clear way,"Class, Article-like, Multi-lingual"
ellipse,Draw ellipses and elliptical arcs using the standard LaTeX2e picture environment,Graphics
eltex,Simple circuit diagrams in LaTeX picture mode,Circuit Diagram
elzcards,"Typeset business cards, index cards and flash cards easily",Cards
emarks,Named mark registers with e-TeX,Typesetting
embedall,Embed source files into the generated PDF,"Archival, PDF features"
embedfile,Embed files into PDF,"Tagged PDF – fully compatible, PDF features"
emerald,Support for the free emerald city fontwerks fonts,"Calligraphic font, Novelty font"
emo,Emoji for all (LaTeX engines),"Graphics use, Tagged PDF – partially compatible, Graphics"
emoji,Use emoji characters in (Lua)LaTeX,"Tagged PDF – partially compatible, Graphics use, Graphics, LuaTeX"
emojicite,Add emojis to citations,"Graphics use, LuaTeX, Cite support"
emotion,Make emojis more easy to use in XeLaTeX and LuaLaTeX,Text symbol
enumext,Enumerate exercise sheets,"List enumerate, Tagged PDF – fully compatible, Exercise, List"
enumsub,Aligned inline sublists for enumitem,"List enumerate, List"
epigraph,A package for typesetting epigraphs,"Tagged PDF – partially compatible, Epigram"
epigraph-keys,Epigraphs using key values,"Epigram, Tagged PDF – incompatible"
epsdice,A scalable dice <q>font</q>,"Graphics use, Tagged PDF – partially compatible"
euclidean-lattice,Draw two-dimensional Euclidean lattices with TikZ,"Maths, Graphics, PGF TikZ"
euclideangeometry,Draw geometrical constructions,"Graphics, Maths, Tagged PDF – incompatible"
evenpage,Ensure that the total number of pages is even,Blank page
everypage,Provide hooks to be run on every page of a document,"Tagged PDF – fully compatible, Defer stuff"
exam,Package for typesetting exam scripts,"Class, Tagged PDF – incompatible, Exam"
exam-zh,LaTeX template for Chinese exams,"Exam, Chinese, XeTeX"
exercises,Typeset exercises and solutions with automatic addition of points,Exercise
exesheet,Typesetting exercise or exam sheets,"Class, Teaching, Exercise, Exam"
exframe,Framework for exercise problems,"Exam, Exercise"
expdlist,Expanded description environments,List described
expressg,"Diagrams consisting of boxes, lines, and annotations","Diagrams, Graphics in TeX"
extract,Write selected parts of a document to a separate file,Editorial
ezedits,Commands for tracking document changes and notes,"Notes, Editorial"
fadingimage,Add full width fading pictures at the top or bottom of a page,"Background, PGF TikZ, Graphics include"
familytree,Draw family trees,"Diagrams, Tree, Genealogy"
fancybox,Variants of \fbox and other games with boxes,"Boxing, Tagged PDF – incompatible"
fancylabel,Complex labelling with LaTeX,"Label and References, Chemistry"
fancypar,Decoration of individual paragraphs,"Decoration, Tagged PDF – incompatible"
fancyqr,Fancy QR-Codes with TikZ,"PGF TikZ, QR Code"
fast-diagram,Easy generation of FAST diagrams,"PGF TikZ, Diagrams"
fbox,Extended \fbox macro from standard LaTeX,"Boxing, Tagged PDF – incompatible"
fcolumn,Typesetting financial tables,"Tagged PDF – fully compatible, Table"
featpost,MetaPost macros for 3D,3D Graphics
ffcode,Fixed-font code blocks formatted nicely,"Line numbers, Listing, Verbatim"
fgruler,Draw rulers on the foreground or in the text,Misc support
figchild,Pictures for creating children’s activities,"Graphics, PGF TikZ, Teaching, Amusements"
figsize,Auto-size graphics,Graphics
fillwith,Fill vertical space with solid rules or dotted lines,"Leaders, Teaching, Exercise"
firstindexletter,Enlarged initials for the first entries of index letter groups,Index
fistrum,Access to 150 paragraphs of Lorem Fistrum very dummy text,"Macro support, Dummy generator, Spanish"
fitr,Set a rectangular destination and jump to it,"PDF forms, Adobe Distiller, Visual support"
fixme,Collaborative annotation tool for LaTeX,"Notes, Editorial, Tagged PDF – fully compatible"
fiziko,A MetaPost library for physics textbook illustrations,"Graphics METAPOST, Graphics, Physics"
flabels,Labels for files and folders,Labels
flacards,Generate flashcards for printing,"Class, Flash Card"
flagderiv,Flag style derivation package,Maths
flashcards,A class for typesetting flashcards,Flash Card
flexipage,Flexible page geometry with marginalia,Marginal
flipbook,"Typeset flipbook animations, in the corners of documents","Graphics motion, Graphics use"
flowchart,"Shapes for drawing flowcharts, using TikZ","Flow Diagrams, PGF TikZ"
fnpct,Manage footnote marks’ interaction with punctuation,"Tagged PDF – fully compatible, Footnote"
foliono,Use folio numbers to replace page numbers,"Numbers, Page numbers"
fontawesome,Font containing web-related icons,"OTF font, Font symbol, Font supp symbol, Font, Font Type1, Tagged PDF – partially compatible"
fontawesome7,Font Awesome 7 with LaTeX support,"Font Type1, Font symbol, Font supp symbol, Font, Tagged PDF – partially compatible, OTF font"
fontawesomescaled,Additional macros for fontawesome icons,"Macro support, Font selection"
fontbook,Generate a font book,Font development
fontinstallationguide,Font installation guide,Font documentation
fontwrap,Bind fonts to specific unicode blocks,"Font support, Font selection, Unicode"
footnoterange,References to ranges of footnotes,"Tagged PDF – incompatible, Label and References, Footnote"
forest,Drawing (linguistic) trees,"Tree, Linguistic, Tagged PDF – partially compatible, PGF TikZ"
formlett,Letters to multiple recipients,Letter
formular,Create forms containing field for manual entry,Form fillin
frame,Framed boxes for Plain TeX,"Decoration, Boxing"
fretplot,Create scale and chord diagrams for guitar-like instruments,"PGF TikZ, Diagrams, Graphics, Music, LuaTeX"
froufrou,Fancy section separators,"Decoration, Tagged PDF – partially compatible"
fullminipage,Minipage spanning a complete page,Layout
functional,An intuitive functional programming interface for LaTeX2,"Macro support, LaTeX3"
fundus-pvscript,Support for Vanroose handwriting font,Font support
gamebook,Typeset gamebooks and other interactive novels,Games
gapfill,Generate LaTeX picture environments from PostScript output of drawing programs,Graphics prep
gastex,Graphs and Automata Simplified in TeX,Graphics in TeX
gates,Support for writing modular and customisable code,Macro support
gauss,A package for Gaussian operations,Maths
gchords,Typeset guitar chords,Music
gckanbun,Kanbun typesetting for (u)pLaTeX and LuaLaTeX,"Japanese, Chinese"
genealogytree,Pedigree and genealogical tree diagrams,"Humanities, PGF TikZ, Genealogy"
gentium-tug,Gentium fonts (in two formats) and support files,"Proportional font, Serif font, Tagged PDF – fully compatible, Body font, Greek font, Font, Font support, Font t1enc, Package declared obsolete, Cyrillic font, Font Type1, Multilingual font, Font TTF"
getfiledate,Find the date of last modification of a file,File management
getmap,Download OpenStreetMap maps for use in documents,Cartography
gfnotation,Typeset Gottlob Frege’s notation in plain TeX,"Logic, Maths"
ghsystem,Globally harmonised system of chemical (etc) naming,"Tagged PDF – partially compatible, Chemistry"
gitinfo-lua,Display git project information in your LaTeX projects,"Tagged PDF – fully compatible, Version control, Document Management, LuaTeX"
gitinfo2,Access metadata from the git distributed version control system,"Document Management, Tagged PDF – fully compatible, Version control"
gitlog,Typesetting git changelogs,"Version control, Document Management"
gitstatus,Include Git information in the document as watermark or via variables,"Decoration, Watermark"
gitver,Get the current git hash of a project and typeset it in the document,"Document Management, Version control"
gradient-text,Decorate text with linear gradient colors,Colour
gradientframe,Simple gradient frames around objects,Decoration
grading-scheme,Typeset grading schemes in tabular format,Table
grafcet,Draw Grafcet/SFC with TikZ,"Diagrams, PGF TikZ"
graph35,Draw keys and screen items of several Casio calculators,"Teaching, Graphics, Maths"
graphbox,Extend graphicx to improve placement of graphics,"Tagged PDF – partially compatible, Graphics, Graphics include"
grapher,"Create graphs, state machine and data flow diagrams",Graphics engine
graphicxpsd,Adobe Photoshop Data format (PSD) support for graphicx package,"Tagged PDF – fully compatible, Graphics include"
grayhints,Produce <q>gray hints</q> to a variable text field,"Misc support, PDF forms, Adobe Distiller"
gregoriotex,Engraving Gregorian Chant scores,"Chords, Music"
grid,Baseline-grid typesetting in LaTeX,Typeset grid
grid-system,"Page organisation, modelled on CSS facilities",Layout
gridpapers,Graph paper backgrounds and color schemes,"PGF TikZ, Background"
gtrcrd,Add chords to lyrics,"Chords, Music"
gtrlib-largetrees,Library for genealogytree aiming at large trees,Genealogy
guitarchordschemes,Guitar Chord and Scale Tablatures,"Music, Chords"
guitartabs,A class for drawing guitar tablatures easily,"Music, Class, Chords"
hackthefootline,Footline selection and configuration for LaTeX beamer’s standard themes,"Presentation, Page head and foot"
handout,Create handout for auditors of a talk,Presentation
handoutwithnotes,Create Handouts with notes from your LaTeX beamer presentation,Presentation
hanging,Paragraphs with a hanging indent,"Layout, Tagged PDF – fully compatible"
hardwrap,Hard wrap text to a certain character length,"Tagged PDF – fully compatible, Layout"
harveyballs,Create Harvey Balls using TikZ,"Graphics symbols, PGF TikZ"
havannah,Diagrams of board positions in the games of Havannah and Hex,"PGF TikZ, Games"
he-she,Alternating pronouns to aid gender-neutral writing,Typesetting
hereapplies,A LaTeX package for referencing groups of pages that share something in common,Label and References
hershey-mp,MetaPost support for the Hershey font file format,"METAPOST support, METAPOST use"
hexboard,For drawing Hex boards and games,"Graphics, Games"
hhline,Better horizontal lines in tabulars and arrays,"Tagged PDF – fully compatible, Table rule"
hlist,Horizontal and columned lists,"List, List support, Tagged PDF – incompatible, Table"
hmtrump,Describe card games,"Games, Font support, Font TTF, Font, LuaTeX, Font symbol, Font supp symbol"
hobby,An implementation of Hobby’s algorithm for PGF/TikZ,"PGF TikZ, Graphics support, Curve Graphics, Tagged PDF – fully compatible, Graphics in TeX"
hologo,A collection of logos with bookmark support,"Generic Macros, Logo, Tagged PDF – fully compatible"
horoscop,Generate astrological charts in LaTeX,Astrology
href-ul,Underscored LaTeX hyperlinks,"Underline, Hyper, Verbatim"
hrefhide,Suppress hyper links when printing,Hyper
huffman,Drawing binary Huffman trees with MetaPost and METAOBJ,"Graphics METAPOST, Tree"
hvfloat,"Controlling captions, fullpage and doublepage floats","Float, Box manipulation, Tagged PDF – incompatible"
hvqrurl,Insert a QR code in the margin,QR Code
hypdvips,Hyperref extensions for use with dvips,"Tagged PDF – unsupported, Hyper"
ifplatform,Conditionals to test which platform is being used,"Environment query, Tagged PDF – fully compatible"
igo,Fonts and macro to typeset Go diagrams,"Font, Font symbol, MF font, Games, Go"
image-gallery,Create an overview of pictures from a digital camera or from other sources,"Class, Graphics use"
insbox,Insert pictures/boxes into paragraphs,Text flow
interactiveanimation,Create PDF files with branching animations,Graphics motion
interfaces,"Set parameters for other packages, conveniently",Package support
interpreter,Translate input files on the fly,"LuaTeX, Foreign import, Macro support"
intexgral,A LaTeX package for typesetting integrals,Maths
invoice,Generate invoices,Invoice
invoice-class,Produces a standard US invoice from a CSV file,"Invoice, CSV support"
invoice2,Intelligent invoices with LaTeX3,Invoice
ipsum,Insert multilingual placeholder text,Dummy generator
isodoc,A LaTeX class for typesetting letters and invoices,"Invoice, Class, Letter"
isorot,Rotation of document elements,Rotation
isosigns,"ISO signs and colors according to the standards 7001, 7010 and 3864","Logo, Typeset standard, Graphics symbols"
istgame,Draw Game Trees with TikZ,"PGF TikZ, Tree, Games"
jablantile,Metafont version of tiles in the style of Slavik Jablan,"Font, Novelty font, MF font"
jeuxcartes,Macros to insert playing cards,"Games, Cards, PGF TikZ"
jigsaw,Draw jigsaw pieces with TikZ,"Tagged PDF – fully compatible, PGF TikZ"
joinbox,Join boxes vertically or horizontally,Box manipulation
jumplines,Articles with teasers and continuation later on,"Journal, LuaTeX"
kalendarium,Print dates according to the classical Latin calendar,"LaTeX3, Calendar"
kanbun,Typeset kanbun-kundoku with support for kanbun annotation,"Japanese, Chinese, Use LuaTeX, Tagged PDF – incompatible"
kantlipsum,Generate sentences in Kant’s style,"Macro support, Dummy generator, Tagged PDF – fully compatible"
karnaugh,Typeset Karnaugh-Veitch-maps,"Engineering, Maths"
karnaugh-map,LaTeX package for drawing karnaugh maps with up to 6 variables,"PGF TikZ, Tagged PDF – incompatible, Maths, Engineering"
kblocks,Easily typeset Control Block Diagrams and Signal Flow Graphs,"Flow Diagrams, Block Diagrams"
kerntest,Print tables and generate control files to adjust kernings,Font development
keycommand,Simple creation of commands with key-value arguments,"Key-Val, Tagged PDF – fully compatible"
keyindex,Index entries by key lookup,Index
keystroke,Graphical representation of keys on keyboard,"Tagged PDF – incompatible, Documentation support"
keyval2e,A lightweight and robust key-value parser,Key-Val
keyvaltable,Re-usable table layouts separating content and presentation,"Table, Tagged PDF – partially compatible"
kinematikz,Design kinematic chains and mechanisms,"Physics, PGF TikZ"
kksymbols,"LaTeX commands for enclosing characters in circles, squares, diamonds, or brackets","Text symbol, Japanese, LuaTeX, Graphics symbols, PGF TikZ"
knowledge,"Displaying, hyperlinking, and indexing notions in a document","Index, Label and References"
kvmap,Create Karnaugh maps with LaTeX,"Maths, Engineering"
labels,Print sheets of sticky labels,Labels
labyrinth,Draw labyrinths and solution paths,Games
ladder,Draw simple ladder diagrams using TikZ,"PGF TikZ, Circuit Diagram"
langcode,Simple language-dependent settings based on language codes,"Multi-lingual, Generic Macros"
langnames,Name languages and their genetic affiliations consistently,"Linguistic, Abbreviations"
lapdf,PDF drawing directly in TeX documents,Graphics in TeX
lastpage,Reference last page for Page N of M type footers,"Tagged PDF – fully compatible, Label and References"
latex-brochure,A publicity flyer for LaTeX,Advertisements
latex-course,A LaTeX course as a projected presentation,"Course material, Tutorial LaTeX"
latex-indexer,Automate index generation for LaTeX documents,"Index proc, Index"
latex4musicians,A guide for combining LaTeX and music,"Tutorial, Tutorial LaTeX, Music"
latex4wp,A LaTeX guide specifically designed for word processor users,"Facility Surveys, Documentation"
latexcolors,Use color definitions from latexcolor.com,Colour
latexdiff,Determine and mark up significant differences between LaTeX files,Document Management
latexgit,A LaTeX git wrapper,"Version control, Document Management"
latexindent,"Indent a LaTeX document, highlighting the programming structure",Code layout
latexscreenshooter,Capture screenshots within LaTeX documents,Graphics include
layout,View the layout of a document,"Layout show, Tagged PDF – incompatible"
lcd,Alphanumerical LCD-style displays,Graphics in TeX
leading,Define leading with a length,"Typesetting, Tagged PDF – fully compatible, Layout"
leadsheets,Typesetting leadsheets and songbooks,"Music, Chords"
leaflet,Create small handouts (flyers),"Layout, Tagged PDF – incompatible, Class"
leawood,LaTeX support for use of ITC Leawood font family,Font support
leipzig,Typeset and index linguistic gloss abbreviations,Linguistic
lettrine,Typeset dropped capitals,"Tagged PDF – fully compatible, Lettrine"
lewis,Draw Lewis structures,Chemistry
librarian,Tools to create bibliographies in TeX,Bibliography
lie-hasse,Draw Hasse diagrams,"Diagrams, PGF TikZ, Tagged PDF – partially compatible"
liederbuch,"A LaTeX package for storing songs or other content, and repeated reuse in documents",Music
liftarm,Geometric constructions with liftarms using TikZ and LaTeX3,"Graphics, PGF TikZ, Tagged PDF – fully compatible"
lilyglyphs,"Access lilypond fragments and glyphs, in LaTeX","Music, Tagged PDF – partially compatible, Music font, OTF font, Font"
limecv,A (Xe/Lua)LaTeX document class for curriculum vitæ,"CV, Class"
linearregression,Calculate and display linear regressions,"Maths, Calculation"
linebreaker,Prevent overflow boxes with LuaLaTeX,"Micro layout, Tagged PDF – fully compatible, LuaTeX"
lineno,Line numbers on paragraphs,"Typesetting, Tagged PDF – incompatible, Line numbers"
ling-macros,Macros for typesetting formal linguistics,Linguistic
lingtrees,Linguistics trees preprocessor and macros,"Linguistic, Tree"
linkedthm,Hyperlinked theorem–proof environments for LaTeX,"Maths theorem, Hyper"
lipsum,Easy access to the Lorem Ipsum and other dummy texts,"Dummy generator, Macro support, Multi-lingual, Tagged PDF – fully compatible"
listofitems,Grab items in lists using user-specified sep char,"List, Tagged PDF – fully compatible, Text manipulation"
lmake,Process lists to do repetitive actions,Macro support
logicproof,Box proofs for propositional and predicate logic,Logic
logpap,Generate logarithmic graph paper with LaTeX,Diagrams
logsys,Draw logarithmic coordinate systems,"Graphics in TeX, Tagged PDF – fully compatible"
longfbox,Draw framed boxes with standard CSS attributes that can break over multiple pages,"Boxing, Decoration, Tagged PDF – incompatible"
longtable,Allow tables to flow over page boundaries,"Tagged PDF – fully compatible, Table, Table long"
longtwocolumn,A twocolumn alternative allowing automatic page breaks,"Multi-column, Tagged PDF – partially compatible"
lsabon,Support files for the Linotype Sabon fonts,"Tagged PDF – fully compatible, Font support"
lsc,Typesetting Live Sequence Charts,"Computer net, Tagged PDF – incompatible"
ltx4yt,Play YouTube videos in the default browser,"PDF features, Multimedia"
ltxcmds,Some LaTeX kernel commands for general use,"Tagged PDF – fully compatible, Generic Macros, Macro support"
ltximg,Extract LaTeX environments into separate image files,"Chunks, Graphics, Subdocs"
lua-tikz3dtools,Not-so-experimental LuaLaTeX package for 3D illustrations in TikZ,"3D Graphics, PGF TikZ, Graphics, LuaTeX"
lua-visual-debug,Visual debugging with LuaLaTeX,"Generic Macros, Debug support, LuaTeX"
lua-widow-control,Automatically remove widows and orphans from any document,"Tagged PDF – fully compatible, Layout, LuaTeX"
luanumbers,Decimal adjustment from a single preamble setup,Numbers
lucide-icons,Use lucide-icons through LaTeX commands,"Graphics, Text symbol"
m-tx,A preprocessor for pmx,Music
m3d,Extension of plain MetaPost for 3D graphics,"Graphics use, 3D Graphics"
magicthegathering,LaTeX package for Magic: The Gathering typesetting,"Graphics symbols, Games, Amusements"
magicwatermark,An easy and flexible way to set watermarks,"Background, Watermark, PGF TikZ"
mailing,Macros for mail merging,Mailing
mailmerge,Repeating text field substitution,Mailing
makebarcode,Print various kinds 2/5 and Code 39 bar codes,Barcode
makecell,Tabular column heads and multilined cells,"Tagged PDF – partially compatible, Table"
makecirc,A MetaPost library for drawing electrical circuit diagrams,Circuit Diagram
makecookbook,Make a Cookbook,"Book publication, LuaTeX, Cooking"
makeidx,Standard LaTeX package for creating indexes,"Tagged PDF – fully compatible, Index"
maker,Include Arduino or Processing code in LaTeX documents,"Listing, Syntax highlight"
makeshape,Declare new PGF shapes,PGF TikZ
makor2,Typeset pointed Hebrew using Omega,"Hebrew, Omega"
marcellus,LaTeX support for the Marcellus font family,"Tagged PDF – fully compatible, Font support, Proportional font, Font TTF, Font t1enc, Font Type1, Font, Body font"
margbib,Display bibitem tags in the margins,"Marginal, Cite support"
marginfix,Patch \marginpar to avoid overfull margins,"Tagged PDF – fully compatible, Marginal"
marginnote,"Notes in the margin, even where \marginpar fails","Notes, Tagged PDF – fully compatible, Marginal"
mathabx,Three series of mathematical symbols,"Tagged PDF – partially compatible, MF font, Font, Font symbol maths"
mathador,LaTeX commands for the French game <q>Mathador</q>,"PGF TikZ, Graphics, Games"
mathalphabets,Chinese introduction to mathematical alphabets,"Tutorial, Documentation, Chinese documentation"
mathdesign,Mathematical fonts to fit with particular text fonts,"Font supp maths, Font Type1, Maths font, Font"
mathdots,Commands to produce dots in math that respect font size,"Tagged PDF – partially compatible, Maths"
mathpartir,"Typesetting sequences of math formulas, e.g. type inference rules","Maths, Tagged PDF – partially compatible"
maths-symbols,Summary of mathematical symbols available in LaTeX,"Maths symbol, Font index"
mathtools,Mathematical tools to use with amsmath,"Maths, Tagged PDF – partially compatible"
matlab-prettifier,Pretty-print Matlab source code,"Tagged PDF – incompatible, Listing"
matrix-skeleton,A PGF/TikZ library that simplifies working with multiple matrix nodes,"PGF TikZ, Maths, Tagged PDF – incompatible"
mattens,Matrices/tensor typesetting,"Maths, Tagged PDF – partially compatible, Engineering"
maze,Generate random mazes,Games
mbenotes,Notes in tables or images,"Package declared obsolete, Notes"
mcf2graph,Draw chemical structure diagrams with MetaPost,"Graphics METAPOST, Graphics, Chemistry"
mdframed,Framed environments that can split at page boundaries,"Boxing, Box breaking, Tagged PDF – unsupported, Decoration"
mdwtab,A reimplementation of tabular and array environments,"Tagged PDF – incompatible, Table"
measurebox,Precise measurements of glyphs,"Measure, Font development"
memdesign,Notes on book design,Review document
memoir,"Typeset fiction, non-fiction and mathematical books","Tagged PDF – incompatible, Book publication, Class"
memorygraphs,TikZ styles to typeset graphs of program memory,"PGF TikZ, Graphics"
mensa-tex,Typeset simple school cafeteria menus,"Class, Cooking"
menu,Typesetting menus,Documentation support
menukeys,"Format menu sequences, paths and keystrokes from lists","Documentation support, Tagged PDF – partially compatible"
mercatormap,Spherical Mercator coordinate systems and Web Mercator tile integration,"Graphics, PGF TikZ, Cartography"
messagebubbles,Display message bubbles as a conversation,Document Management
messagepassing,Draw diagrams to represent communication protocols,"PGF TikZ, Diagrams"
metaobj,MetaPost package providing high-level objects,Graphics engine
metastr,Store and compose strings,"Metadata, Licence management, String"
metauml,MetaPost library for typesetting UML diagrams,"METAPOST use, UML"
metrix,Typeset metric marks for Latin text,"Verse, Latin, Tagged PDF – incompatible"
metsymb,The package provides dedicated TeX commands to generate (vectorial) meteorological symbols,"Scientific documents, OTF font, Tagged PDF – partially compatible, Font, Font symbol, Font specialist, SFD font"
mfirstuc,Uppercase the first letter of a word,"Text manipulation, Macro support, Tagged PDF – fully compatible"
mfpic,Draw Metafont/post pictures from (La)TeX commands,"Tagged PDF – incompatible, Graphics in TeX"
mgltex,High-quality graphics from MGL scripts embedded in LaTeX documents,"Graphics plot, Maths, Graphics plot function"
mhchem,Typeset chemical formulae/equations and H and P statements,"Chemistry, Safety notice"
mhequ,"Multicolumn equations, tags, labels, sub-numbering",Maths
milsymb,LaTeX package for TikZ based drawing of military symbols as per NATO APP-6(C),"Symbol support, Graphics, PGF TikZ"
mindflow,Write your ideas in a clear way,Notes
minibox,A simple type of box for LaTeX,"Boxing, Tagged PDF – incompatible"
minim,A modern plain format for the LuaTeX engine,"Format, LuaTeX"
minim-hatching,Create tiling patterns with the minim-mp MetaPost processor,"Graphics subpic, LuaTeX"
minitoc,"Produce a table of contents for each chapter, part or section","TOC etc., Tagged PDF – incompatible"
minutes,Typeset the minutes of meetings,Meeting admin
mkpic,Perl interface to mfpic,Graphics
mlist,Logical markup for lists,"Maths, Tagged PDF – fully compatible"
modernposter,A modern LaTeX poster theme,"Poster, Class"
modiagram,Drawing molecular orbital diagrams,"Diagrams, Chemistry"
mol2chemfig,"Convert chemical structures from MDL molfile format
           to chemfig source code","Foreign import, Chemistry"
moodle,Generating Moodle quizzes via LaTeX,Exam
moreenum,More enumeration options,"Numbers, Tagged PDF – fully compatible, List enumerate"
movement-arrows,Drawing movement arrows on linguistic example sentences,"PGF TikZ, Linguistic"
mp3d,3D animations,"METAPOST use, 3D Graphics"
mparrows,MetaPost module with different types of arrow heads,METAPOST support
mpattern,Patterns in MetaPost,Graphics use
mpchess,Drawing chess boards and positions with MetaPost,"Games, METAPOST use, Chess, Graphics METAPOST, Graphics"
mpkiviat,MetaPost package to draw Kiviat diagrams,"Diagrams, Graphics plot"
mptrees,Probability trees with MetaPost,"Math Diagrams, Probability, Graphics METAPOST, Maths"
msc,Draw MSC diagrams,"Computer net, PGF TikZ"
multi-sudoku,Create and customise Sudoku grids of various sizes,"Games, Sudoku"
multiaudience,Several versions of output from the same source,"Conditional compilation, Tagged PDF – fully compatible"
multicolrule,Decorative rules between columns,"Rule, Line weight, Line pattern, Tagged PDF – partially compatible, Decoration"
multifootnote,Multiple numbers for the same footnote,Footnote
multilang,A LaTeX package for maintaining multiple translations of a document,"Tagged PDF – incompatible, Multi-lingual"
multiple-choice,LaTeX package for multiple-choice questions,Exam
multitoc,Set table of contents in multiple columns,"TOC etc., Tagged PDF – fully compatible"
musical,Typeset (musical) theatre scripts,"Music, Drama script"
musicography,Accessing symbols for music writing with pdfLaTeX,"Font supp symbol, Tagged PDF – partially compatible, Music"
mwe,Packages and image files for MWEs,"Tagged PDF – fully compatible, Debug support"
nanicolle,Typesetting herbarium specimen labels,"Biology, Class, XeTeX, Covers, Labels, Chinese"
natbib,Flexible bibliography support,"Tagged PDF – fully compatible, BibTeX Support"
newspaper,Typeset newsletters to resemble newspapers,Magazine
nicefilelist,Provide \listfiles alignment,"Tagged PDF – fully compatible, Document Management"
nimsticks,Draws sticks for games of multi-pile Nim,"Graphics, Games, PGF TikZ"
ninecolors,Select colors with proper WCAG color contrast,Colour
nl-interval,Represent intervals on the number line,"Maths, PGF TikZ"
nmbib,"Multiple versions of a bibliography, with different sort orders","Tagged PDF – incompatible, BibTeX Support"
nndraw,Draw neural networks,Diagrams
nodepthtext,Change small texts to remove the depth of the letters,"Typesetting, Font support"
nodetree,Visualize node lists in a tree view,Lua support
nox,Adaptable tables,"Table, Table long"
numname,Convert a number to its English expression,"Numbers, Tagged PDF – fully compatible"
ocg-p,PDF OCG support in LaTeX,PDF features
ocgtools,Manipulate OCG layers in PDF presentations,PDF features
ocgx,Use OCGs within a PDF document without JavaScript,PDF features
octavo,Typeset books following classical design and layout,"Class, Book publication"
old-arrows,Computer Modern old-style arrows with smaller arrowheads,"Font Type1, Font symbol maths, Tagged PDF – partially compatible"
onedown,Typeset Bridge Diagrams,Games
opacity-pro,Set transparency and blend mode,"PDF features, Adobe Distiller"
opcit,Footnote-style bibliographical references,"Footnote, BibTeX Support"
opencolor,Definitions from the Open Color library,Colour
openmoji,Use openmoji through LaTeX commands,"Text symbol, Graphics"
oplotsymbl,Some symbols which are not easily available,"PGF TikZ, Graphics symbols"
optex,LuaTeX format based on Plain TeX and OPmac,"Format, LuaTeX, Plain extensions"
optikz,Customizable optical components for drawing laser setups and optical systems using TikZ,"PGF TikZ, Graphics in TeX, Physics, Optics"
optional,Facilitate optional printing of parts of a document,"Editorial, Conditional compilation, Tagged PDF – fully compatible"
options,Provides convenient key-value options for LaTeX package writers,Key-Val
orderrefs,Sort bibliography in LaTeX document by order of citation,Bibliography support
osda,Commands for Proceedings of the Workshop on Open-Source Design Automation,"Footnote, Journal"
othelloboard,"Typeset Othello (Reversi) diagrams of any size, with annotations",Games
outilsgeomtikz,"Some geometric tools, with TikZ","Graphics, PGF TikZ"
overarrows,Custom extensible arrows over math expressions,"PGF TikZ, Maths"
overlays,Incremental slides,Presentation
page-canons,Classical page-layout canons with margin-note support,"Geometry, Layout, Marginal"
pagecolor,Interrogate page color,"Colour, Tagged PDF – fully compatible"
pagecont,Page numbering that continues between documents,Page numbers
pagerange,Flexible and configurable page range typesetting,"Label and References, Macro support"
pagesel,Select pages of a document for output,"Tagged PDF – incompatible, Page control"
palette,Create palettes for colors and symbols that can be swapped in,Colour
papermas,Compute the mass of a printed version of a document,"Tagged PDF – fully compatible, Calculation"
papertex,"Class for newspapers, etc",Magazine
parades,Tabulators and space between paragraphs in galley approach,Parshape
paralist,Enumerate and itemize within paragraphs,"Tagged PDF – incompatible, List enumerate, Bullet List, List"
parcolumns,Multiple column parallel typesetting,"Tagged PDF – incompatible, Parallel"
parnotes,Notes after every paragraph (or elsewhere),"Tagged PDF – partially compatible, Notes"
parskip,"Layout with zero \parindent, non-zero \parskip","Tagged PDF – fully compatible, Parshape, Layout"
pas-crosswords,"Creating crossword grids, using TikZ","Crossword puzzle, PGF TikZ, Games"
pascaltriangle,Draw beautiful Pascal (Yanghui) triangles,"PGF TikZ, Maths, Calculation"
passopt,Passing options to packages or classes,"Typeset tool, Typesetting"
pbalance,Balance last page in two-column mode,"Multi-column, Tagged PDF – fully compatible"
pdfmsym,PDF Math Symbols – various drawn mathematical symbols,"Graphics symbols, Maths symbol, Generic Macros"
pdfrender,Control rendering parameters,"Typesetting, Tagged PDF – fully compatible"
pdfreview,Annotate PDF files with margin notes,"Graphics include, Editorial, Teaching, Marginal"
pdfscreen,Support screen-based document design,"Presentation, Hyper"
pedigree-perl,Generate TeX pedigree files from CSV files,"Humanities, CSV support"
pfdicons,Draw process flow diagrams in chemical engineering,"PGF TikZ, Chemistry, Engineering, Graphics"
pgf-interference,Drawing interference patterns with PGF/TikZ,"PGF TikZ, Physics"
pgf-periodictable,Create custom periodic tables of elements,"Chemistry, Tagged PDF – incompatible, PGF TikZ"
pgf-pie,"Draw pie charts, using PGF","Charts, PGF TikZ, Tagged PDF – fully compatible"
pgf-soroban,Create images of the soroban using TikZ/PGF,Diagrams
pgf-spectra,Draw continuous or discrete spectra using PGF/TikZ,"PGF TikZ, Tagged PDF – incompatible, Physics"
pgfgantt,Draw Gantt charts with TikZ,"Gantt, Graphics, Tagged PDF – partially compatible, PGF TikZ, Diagrams"
pgfkeysearch,Find keys in a given path <q>recursively</q>,Key-Val
pgfmolbio,Draw graphs typically found in molecular biology texts,"LuaTeX, Diagrams, Molecular biology, PGF TikZ, Graphics"
pgfmorepages,Assemble multiple logical pages onto a physical page,PGF TikZ
pgfornament,Drawing of Vectorian ornaments with PGF/TikZ,"Graphics plot, Decoration, Tagged PDF – partially compatible"
pgfornament-han,<span>pgfornament</span> library for Chinese traditional motifs and patterns,"Graphics symbols, Tagged PDF – partially compatible, Presentation, Chinese, PGF TikZ"
pgfplots,Create normal/logarithmic plots in two and three dimensions,"PGF TikZ, Graphics, Graphics plot, Tagged PDF – partially compatible"
pgfplotstable,"Loads, rounds, formats and postprocesses numerical tables","Tagged PDF – fully compatible, Graphics plot"
pgfplotsthemebeamer,Use colours from the current beamer theme in pgfplots,"Colour, Presentation, Graphics, Graphics plot"
phfcc,Convenient inline commenting in collaborative documents,"Conditional compilation, Editorial"
phfquotetext,Quote verbatim text without white space formatting,Verbatim
philex,Cross references for named and numbered environments,Label and References
pictochrono,Insert <q>chronometer pictograms</q> with a duration,"Graphics, PGF TikZ"
piechartmp,Draw pie-charts using MetaPost,Charts
pinlabel,A TeX labelling package,Graphics text
pinoutikz,Draw chip pinouts with TikZ,"Graphics, PGF TikZ, Electronic"
piton,Typeset computer listings with LPeg of LuaLaTeX,"LuaTeX, Tagged PDF – incompatible, Syntax highlight, Listing"
pixelart,Draw pixel-art pictures,"PGF TikZ, LuaTeX, Graphics"
pixelarttikz,"Work with PixelArts, with TikZ","Graphics, PGF TikZ"
pkginfograb,Collect LaTeX package information in a regular way,"Metadata, Macro support"
placeat,Absolute content positioning,"Layout, LuaTeX"
plainpkg,A minimal method for making generic packages,"Macro support, Generic Macros"
platexcheat,"A LaTeX cheat sheet, in Japanese",Tutorial cheat sheet
playcards,A simple template for drawing playcards,"PGF TikZ, Cards, Games"
pmboxdraw,Poor man’s box drawing characters,"Graphics in TeX, Tagged PDF – incompatible"
pmdraw,Draw elements of the diagram monoids,"PGF TikZ, Diagrams, Graphics, Physics, Maths"
pmgraph,<q>Poor man’s</q> graphics,Graphics in TeX
poetry,Facilities for typesetting poetry and poetical structure,"Tagged PDF – partially compatible, Verse"
poetrytex,Typeset anthologies of poetry,Verse
polexpr,A parser for polynomial expressions,"Generic Macros, Maths, Tagged PDF – incompatible, Calculation, Arithmetic, &epsilon;-TeX"
polyglossia,An alternative to babel for XeLaTeX and LuaLaTeX,"Use LuaTeX, Use XeTeX, Multi-lingual"
polyhedra,A TikZ package for drawing polyhedra,"PGF TikZ, Maths, Graphics"
polynom,Macros for manipulating polynomials,"Tagged PDF – incompatible, Maths"
polyomino,Polyominoes using TikZ and LaTeX3,"PGF TikZ, Tagged PDF – fully compatible, Graphics"
polytable,Tabular-like environments with named columns,"Table, Tagged PDF – incompatible"
postit,A LaTeX package for displaying Post-it notes,"Decoration, Boxing"
prerex,Interactive editor and macro support for prerequisite charts,Graphics prep
proflabo,Draw laboratory equipment,Chemistry
progress,Creates an overview of a document’s state,Document Management
progressbar,Visualize shares of total amounts in the form of a (progress-)bar,"Graphics use, Tagged PDF – partially compatible"
proofread,Commands for inserting annotations,"Decoration, Editorial"
prooftrees,Forest-based proof trees (symbolic logic),"PGF TikZ, Tree, Tagged PDF – fully compatible, Logic"
pst-2dplot,A PSTricks package for drawing 2D curves,"Graphics plot, PSTricks, Tagged PDF – incompatible"
pst-3dplot,"Draw 3D objects in parallel projection, using PSTricks","Graphics plot, PSTricks, 3D Graphics, Tagged PDF – incompatible"
pst-am,Simulation of modulation and demodulation,"PSTricks, Tagged PDF – incompatible, Diagrams"
pst-antiprism,A PSTricks related package which draws an antiprism,"PSTricks, Tagged PDF – incompatible, Graphics"
pst-arrow,Special arrows for PSTricks,"PSTricks, Tagged PDF – incompatible"
pst-art-led,A PSTricks art package to generate LED displays,"Tagged PDF – incompatible, Decoration, Graphics, PSTricks"
pst-asr,Typeset autosegmental representations for linguists,"Linguistic, Tagged PDF – incompatible, PSTricks"
pst-bar,Produces bar charts using PSTricks,"Charts, Tagged PDF – incompatible, PSTricks"
pst-barcode,Print barcodes using PostScript,"Tagged PDF – incompatible, Barcode, QR Code, PSTricks"
pst-bezier,Draw Bezier curves,"Tagged PDF – incompatible, PSTricks, Curve Graphics"
pst-blur,PSTricks package for <q>blurred</q> shadows,"Tagged PDF – incompatible, PSTricks, Graphics subpic"
pst-bspline,Draw cubic Bspline curves and interpolations,"Curve Graphics, PSTricks, Tagged PDF – incompatible"
pst-calendar,Plot calendars in <q>fancy</q> ways,"PSTricks, Tagged PDF – incompatible, Calendar"
pst-cie,CIE color space,"Colour, PSTricks, Tagged PDF – incompatible"
pst-circ,PSTricks package for drawing electric circuits,"PSTricks, Circuit Diagram, Tagged PDF – incompatible"
pst-coil,"A PSTricks package for coils, etc","Tagged PDF – incompatible, Graphics use, PSTricks, Physics"
pst-contourplot,Draw implicit functions using the <q>marching squares</q> algorithm,"PSTricks, Tagged PDF – incompatible, Graphics plot function"
pst-cox,Drawing regular complex polytopes with PSTricks,"Maths, PSTricks, Tagged PDF – incompatible, Physics"
pst-dart,Plotting dart boards,"Games, Tagged PDF – incompatible, PSTricks"
pst-dbicons,Support for drawing ER diagrams,"Tagged PDF – incompatible, Diagrams, PSTricks"
pst-diffraction,Print diffraction patterns from various apertures,"Tagged PDF – incompatible, Graphics use, PSTricks, Physics"
pst-electricfield,Draw electric field and equipotential lines with PSTricks,"PSTricks, Tagged PDF – incompatible, Graphics use"
pst-eps,Create EPS files from PSTricks figures,"Graphics prep, Tagged PDF – incompatible, PSTricks"
pst-eucl,Euclidean geometry with PSTricks,"Graphics use, Maths, Tagged PDF – incompatible, PSTricks"
pst-exa,"Typeset PSTricks examples, with code","PSTricks, Listing"
pst-feyn,Draw graphical elements for Feynman diagrams,"Tagged PDF – incompatible, Physics"
pst-fit,Macros for curve fitting,"Tagged PDF – incompatible, Graphics support"
pst-fr3d,Draw 3-dimensional framed boxes using PSTricks,"PSTricks, Boxing, Tagged PDF – incompatible, 3D Graphics"
pst-fractal,Draw fractal sets using PSTricks,"Graphics use, Tagged PDF – incompatible, PSTricks"
pst-func,PSTricks package for plotting mathematical functions,"Graphics use, Graphics plot function, Maths, PSTricks, Tagged PDF – incompatible"
pst-gantt,Draw GANTT charts with PSTricks,"Gantt, PSTricks, Diagrams, Tagged PDF – incompatible"
pst-gears,Drawing internal and external gears,"Graphics, Tagged PDF – incompatible, PSTricks"
pst-geo,Geographical Projections,"PSTricks, Tagged PDF – incompatible, Cartography"
pst-geometrictools,A PSTricks package to draw geometric tools,"Maths, Tagged PDF – incompatible, Graphics use, PSTricks"
pst-gr3d,Three dimensional grids with PSTricks,"3D Graphics, Tagged PDF – incompatible, Typeset grid, PSTricks"
pst-grad,"Filling with colour gradients, using PSTricks","PSTricks, Tagged PDF – incompatible, Colour"
pst-hsb,Curves with continuous colours,"PSTricks, Colour, Tagged PDF – incompatible"
pst-intersect,Compute intersections of arbitrary curves,"PSTricks, Tagged PDF – incompatible, Graphics support"
pst-jtree,Typeset complex trees for linguists,"Linguistic, Tree, PSTricks, Tagged PDF – incompatible"
pst-knot,PSTricks package for displaying knots,"Decoration, PSTricks, Tagged PDF – incompatible"
pst-labo,Draw objects for Chemistry laboratories,"Graphics use, Chemistry, Tagged PDF – incompatible"
pst-lens,Lenses with PSTricks,"PSTricks, Tagged PDF – incompatible, Optics"
pst-lsystem,Create images based on a L-system,"Tagged PDF – incompatible, PSTricks, Graphics use"
pst-magneticfield,Plotting a magnetic field with PSTricks,"Tagged PDF – incompatible, PSTricks, Physics"
pst-marble,A PSTricks package to draw marble-like patterns,"Graphics, PSTricks, Tagged PDF – incompatible, Graphics use"
pst-mirror,Images on a spherical mirror,"PSTricks, Graphics use, Tagged PDF – incompatible"
pst-moire,A PSTricks package to draw moiré patterns,"PSTricks, Graphics use, Tagged PDF – incompatible"
pst-node,Nodes and node connections in PSTricks,"Tagged PDF – incompatible, Linguistic, Graphics in TeX"
pst-nutation,"Rotation, precession, nutation of the earth","PSTricks, Graphics, Astronomy, Tagged PDF – incompatible"
pst-ob3d,Three dimensional objects using PSTricks,"PSTricks, Tagged PDF – incompatible, 3D Graphics, Graphics"
pst-optexp,Drawing optical experimental setups,"Physics, PSTricks, Optics, Laboratory Diagrams, Tagged PDF – incompatible"
pst-optic,Drawing optics diagrams,"Diagrams, Optics, PSTricks, Tagged PDF – incompatible, Physics"
pst-osci,Oscgons with PSTricks,"Graphics use, PSTricks, Tagged PDF – incompatible"
pst-pad,Draw simple attachment systems with PSTricks,"Tagged PDF – incompatible, Graphics use, PSTricks"
pst-pdgr,Draw medical pedigrees using PSTricks,"PSTricks, Tagged PDF – incompatible, Humanities"
pst-perspective,Draw perspective views using PSTricks,"3D Graphics, PSTricks, Tagged PDF – incompatible"
pst-platon,Platonic solids in PSTricks,"PSTricks, Maths, Tagged PDF – incompatible, 3D Graphics"
pst-plot,Plot data using PSTricks,"Data display, Tagged PDF – incompatible, PSTricks, Data import"
pst-poly,Polygons with PSTricks,"PSTricks, Maths, Tagged PDF – incompatible"
pst-pulley,"Plot pulleys, using PSTricks","Graphics use, PSTricks, Tagged PDF – incompatible, Diagrams, Physics"
pst-qtree,Simple syntax for trees,"Tagged PDF – incompatible, Tree"
pst-rputover,Place text over objects without obscuring background colors,"PSTricks, Tagged PDF – incompatible"
pst-rubans,Draw three-dimensional ribbons,"Tagged PDF – incompatible, Graphics, PSTricks"
pst-sigsys,Support of signal processing-related disciplines,"Tagged PDF – incompatible, Physics, PSTricks, Engineering"
pst-slpe,Sophisticated colour gradients,"Colour, PSTricks, Tagged PDF – incompatible"
pst-solarsystem,Plot the solar system for a specific date,"PSTricks, Astronomy, Tagged PDF – incompatible"
pst-solides3d,Draw perspective views of 3D solids,"3D Graphics, PSTricks, Tagged PDF – incompatible"
pst-spinner,Drawing a fidget spinner,"Graphics, PSTricks, Tagged PDF – incompatible"
pst-stru,"Civil engineering diagrams, using PSTricks","Engineering, Graphics use, Tagged PDF – incompatible"
pst-text,Text and character manipulation in PSTricks,"Graphics subpic, Tagged PDF – incompatible"
pst-thick,Drawing very thick lines and curves,"Graphics subpic, Tagged PDF – incompatible"
pst-tools,PSTricks support functions,"Tagged PDF – incompatible, Graphics, PSTricks"
pst-tree,"Trees, using PSTricks","Linguistic, Tagged PDF – incompatible, Tree"
pst-turtle,Commands for <q>turtle operations</q>,"Tagged PDF – incompatible, Graphics, PSTricks"
pst-uml,UML diagrams with PSTricks,"UML, PSTricks, Tagged PDF – incompatible"
pst-vectorian,Printing ornaments,"Decoration, Tagged PDF – incompatible"
pst-vehicle,A PSTricks package for rolling vehicles on graphs of mathematical functions,"Maths, Graphics use, PSTricks, Tagged PDF – incompatible"
pst-venn,A PSTricks package for drawing Venn sets,"Math Diagrams, PSTricks, Tagged PDF – incompatible"
pst-vowel,Enable arrows showing diphthongs on vowel charts,"Phonetic, Tagged PDF – incompatible"
pstricks-add,A collection of add-ons and bugfixes for PSTricks,"Tagged PDF – incompatible, PSTricks, Graphics in TeX"
pstring,Typeset sequences with justification pointers,Scientific documents
ptolemaicastronomy,Diagrams of sphere models for variably strict conditionals (Lewis counterfactuals),"PGF TikZ, Logic"
puyotikz,Quickly typeset board states of Puyo Puyo games,"Graphics, PGF TikZ, Games"
pxpic,Draw pixel pictures,"Graphics, Tagged PDF – partially compatible, Graphics in TeX"
pygmentex,Use Pygments to format code listings in documents,"Syntax highlight, Tagged PDF – incompatible, Listing"
pyluatex,Execute Python code on the fly in your LaTeX documents,"Tagged PDF – fully compatible, LuaTeX, Callback"
pynotebook,"<span>pynotebook</span> presents (raw, Markdown or Python) codes (and execution with LuaLaTeX) as in a Jupyter Notebook","Callback, Listing, Boxing"
pythontex,"Run Python from within a document, typesetting the results","Tagged PDF – incompatible, Callback"
q-and-a,Typesetting Q&amp;A-style conversation made easier,"Article-like, Multi-lingual, Class"
qrcode,Generate QR codes in LaTeX,"Rule, Barcode, QR Code, Tagged PDF – incompatible"
qrcstamps,Create QR codes using stamps,"Adobe Distiller, Letter, PDF features, QR Code"
qtree,Draw tree structures,"Linguistic, Tree, Tagged PDF – incompatible"
quantikz,Draw quantum circuit diagrams,"Graphics, Circuit Diagram, Tagged PDF – incompatible, PGF TikZ"
quickreaction,A simple and fast way to typeset chemical reactions,"Chemistry, PGF TikZ"
quiz2socrative,Prepare questions for socrative quizzes,Exam
quizztex,Create quizzes like in TV shows,"PGF TikZ, Exam"
quoting,Consolidated environment for displayed text,"Quotation, Tagged PDF – partially compatible"
quotmark,Consistent quote marks,Quotation
ragged2e,Alternative versions of <q>ragged</q>-type commands,"Parshape, Tagged PDF – partially compatible, Layout"
rainbowbrackets,Automatic coloring of nested parentheses,Parentheses management
randbild,Marginal pictures,Graphics use
randexam,Make an exam paper and its randomized variants,Exam
randintlist,"Creating random integer number lists, with repeating and sorting options","Calculation, Random"
random,Generating <q>random</q> numbers in TeX,"Random, Calculation"
randomwalk,Random walks using TikZ,"Random, Calculation, Graphics in TeX"
randtext,Randomise the order of characters in strings,Security
ransom,A <q>very bad typewriter</q> font,"Font, Ad-hoc font, Novelty font"
rccol,Decimal-centered optionally rounded numbers in tabular,"Table, Maths, Tagged PDF – fully compatible"
rcs,Use RCS (revision control system) tags in LaTeX documents,"Document Management, Version control"
rcs-multi,Typeset RCS version control in multiple-file documents,"Document Management, Version control, Tagged PDF – fully compatible"
readarray,"Read, store and recall array-formatted data",Data manipulation
readprov,Provides GetFileInfo without the need to load the file,"Document Management, Tagged PDF – fully compatible"
realhats,Put real hats on symbols instead of ^,"Graphics, Amusements, Graphics include"
realtranspose,The <q>real</q> way to transpose a Matrix,"Maths, Amusements"
rec-thy,Commands to typeset recursion theory papers,Maths
recipe,A LaTeX class to typeset recipes,Cooking
recipebook,Typeset 5.5″ x 8″ recipes for browsing or printing,"Class, Cooking"
recipecard,Typeset recipes in note-card-sized boxes,Cooking
recorder-fingering,Package to display recorder fingering diagrams,"Music, PGF TikZ, Diagrams"
refcheck,"Check references (in figures, table, equations, etc)","Label and References, Tagged PDF – incompatible, Debug support"
refenums,Define named items and provide back-references with that name,Label and References
reflectgraphics,Techniques for reflecting graphics,Graphics manipulation
refman,Format technical reference manuals,Class
refstyle,Advanced formatting of cross references,"Tagged PDF – fully compatible, Label and References"
regexpatch,High level patching of commands,"Macro support, Tagged PDF – fully compatible"
register,Typeset programmable elements in digital hardware (registers),"Computer net, Computer science, Engineering"
reledmac,Typeset scholarly editions,"Critical edition, Tagged PDF – incompatible"
relsize,Set the font size relative to the current font size,"Font selection, Macro support, Tagged PDF – partially compatible"
renditions,Multiple versions from the same content,Conditional compilation
reotex,Draw Reo Channels and Circuits,"Diagrams, PGF TikZ"
repere,MetaPost macros for secondary school mathematics teachers,"Teaching, Graphics METAPOST, Maths"
repltext,Control how text gets copied from a PDF file,"Tagged PDF – incompatible, PDF features"
rerunfilecheck,Checksum based rerun checks on auxiliary files,"Compilation, Tagged PDF – fully compatible"
rescansync,Re-scan tokens with synctex information,Macro support
returntogrid,Semi-automatic grid typesetting,Typeset grid
ribbonproofs,Drawing ribbon proofs,Proof
rigidnotation,Typeset vectors and matrices following the RIGID notation,"Engineering, Maths"
robotarm,TikZ powered LaTeX package to draw parameterized 2D robot arms,"PGF TikZ, Graphics"
robust-externalize,"Cache anything (TikZ, python, ...) in a robust, efficient and pure way",Compilation
robustindex,Create index with pagerefs,Index
romanbar,Write roman number with <q>bars</q>,"Numbers, Tagged PDF – partially compatible"
romanbarpagenumber,Typesetting roman page numbers,"Page numbers, Numbers"
rotpages,Typeset sets of pages upside-down and backwards,"Layout, Tagged PDF – fully compatible"
roundrect,MetaPost macros for highly configurable rounded rectangles (optionally with text),"Boxing, Graphics METAPOST"
rputover,Place text over PSTricks objects without obscuring background colors,"Package declared obsolete, PSTricks"
rrgtrees,Linguistic tree diagrams for Role and Reference Grammar (RRG) with LaTeX,"Tree, Linguistic"
rtsched,Draw Real-Time scheduling (GANTT) charts,"Diagrams, Gantt"
rubik,Document Rubik cube configurations and rotation sequences,Puzzle
rulerbox,Draw rulers around a box,Misc support
rulercompass,A TikZ library for straight-edge and compass diagrams,"Graphics in TeX, Tagged PDF – fully compatible"
runcode,Execute foreign source code and embed the result in the pdf file,"Callback, Exec foreign"
runic,Fonts for Anglo-Saxon futharc script,"Font, Archaic font, Rune font, Font Type1, Tagged PDF – partially compatible"
runtexfile,"Automate the process of compiling (La)TeX documents with index, bibliography, …",Compilation
sa-tikz,TikZ library to draw switching architectures,"Graphics use, Computer net, Tagged PDF – fully compatible"
sagetex,Embed Sage code and plots into LaTeX,"Literate programming, Callback, Graphics inline"
sankey,Draw Sankey diagrams with TikZ,"PGF TikZ, Graphics, Tagged PDF – partially compatible, Flow Diagrams, Diagrams"
savefnmark,Save name of the footnote mark for reuse,Footnote
savetrees,Optimise the use of each page of a LaTeX document,"Layout, Tagged PDF – incompatible"
scalebar,"Create scalebars for maps, diagrams or photos",Misc support
scalerel,Constrained scaling and stretching of objects,"Graphics manipulation, Tagged PDF – partially compatible"
scaletextbullet,Resize the \textbullet without changing its vertical center,"Bullet List, Font supp misc"
scanpages,Support importing and embellishing scanned documents,Misc support
schedule,Weekly schedules,"Planning, Timetable"
schemabloc,"Draw block diagrams, using TikZ","Graphics, Block Diagrams, PGF TikZ"
schemata,Print topical diagrams,"Theology, Generic Macros, Philosophy, Diagrams, Tagged PDF – partially compatible"
scontents,Stores LaTeX contents in memory or files,"Tagged PDF – fully compatible, File management"
scrabble,Commands for Scrabble boards,"Games, PGF TikZ"
scratch3,Draw programs like <q>scratch</q>,"PGF TikZ, Games"
scratchx,Include Scratch programs in LaTeX documents,"Games, PGF TikZ"
screenplay,A class file to typeset screenplays,"Class, Drama script"
screenplay-pkg,Package version of the screenplay document class,Drama script
scripture,A LaTeX style for typesetting Bible quotations,"Theology, Tagged PDF – incompatible"
sdrt,Macros for Segmented Discourse Representation Theory,Linguistic
seatingchart,Generation of seating charts,"LuaTeX, PGF TikZ"
sectionbox,Create fancy boxed ((sub)sub)sections,Decoration
sectionbreak,LaTeX support for section breaks,"Tagged PDF – partially compatible, Decoration, Headings"
selectp,Select pages to be output,"Page control, Tagged PDF – incompatible"
selinput,Semi-automatic detection of input encoding,"Inputenc, Tagged PDF – partially compatible"
semantic,Help for writing programming language semantics,Computer science
semesterplanner,Create beautiful semester timetables and more,"Calendar, Planning, LuaTeX"
semesterplannerLua,Draw timetables and other organizational matters useful for planning a semester,"Planning, Calendar, LuaTeX"
seminar,Make overhead slides,"Tagged PDF – unsupported, Presentation"
sepfootnotes,Support footnotes and endnotes from separate files,"Tagged PDF – partially compatible, Footnote"
sesstime,Session and timing information in lecture notes,Teaching
setspace,Set space between lines,"Line space, Tagged PDF – fully compatible"
sgame,LaTeX style for typesetting strategic games,Games
shadethm,Theorem environments that are shaded,"Decoration, Maths theorem, Tagged PDF – incompatible"
shadowtext,Produce text with a shadow behind it,"Tagged PDF – incompatible, Decoration"
shapepar,A macro to typeset paragraphs in specific shapes,"Micro layout, Tagged PDF – incompatible, Text flow, Parshape"
shapes,"Draw polygons, reentrant stars, and fractions in circles with MetaPost",Maths
shdoc,Float environment to document the shell commands of a terminal session,"Listing, Syntax highlight, Float"
shortlst,Compact lists by running several items per line,"List enumerate, Bullet List, List"
shorttoc,Table of contents with different depths,"Tagged PDF – incompatible, TOC etc."
show-pdf-tags,Extract PDF tags from tagged PDF files,"PDF view, PDF features"
showexpl,Typesetting LaTeX source code,"Macro Demonstration, Tagged PDF – incompatible, Listing"
showhyphenation,Marking of hyphenation points,"Debug support, LuaTeX, Hyphenation, Tagged PDF – fully compatible"
showhyphens,Show all possible hyphenations in LuaLaTeX,"Hyphenation, LuaTeX, Package declared obsolete"
showkerning,Showing kerns in a document,"Tagged PDF – fully compatible, LuaTeX"
showlabels,Show label commands in the margin,"BibTeX Support, Tagged PDF – partially compatible, Macro support, Label and References"
sidecap,Typeset captions sideways,"Rotation, Caption, Tagged PDF – incompatible"
sidenotes,"Typeset notes containing rich content, in the margin","Marginal, Tagged PDF – incompatible"
sidenotesplus,"Place referenced notes, alerts, figures and tables into the document margin",Marginal
sides,A LaTeX class for typesetting stage plays,Drama script
silence,Selective filtering of error messages and warnings,"Compilation, Tagged PDF – fully compatible"
sillypage,John Cleese’s Silly Walk as page numbering style,"Page numbers, Amusements, Numbers, Tagged PDF – fully compatible"
sim-os-menus,"Insert <q>terminal</q> or <q>
    <span>context</span> menu</q> or <q>viewers</q> like in an OS","Boxing, Computer science, Presentation"
simplecd,"Simple CD, DVD covers for printing",Covers
simplecv,A simple class for writing curricula vitae,"Tagged PDF – partially compatible, LyX, Class, CV"
simpleicons,Simple Icons for LaTeX,"Font, Font Type1, Font symbol, OTF font, Tagged PDF – partially compatible, Font supp symbol"
simpleinvoice,Easy typesetting of invoices,Invoice
simplekv,A simple key/value system for TeX and LaTeX,"Tagged PDF – fully compatible, Key-Val"
simpleoptics,Drawing lenses and mirrors for optical diagrams,"Optics, Physics, PGF TikZ"
simpler-wick,Simpler Wick contractions,"Tagged PDF – partially compatible, Physics"
simples-matrices,Define matrices by given list of values,"Matrix, Maths"
simplewick,Simple Wick contractions,"Physics, Tagged PDF – partially compatible"
skak,Fonts and macros for typesetting chess games,"Font, Chess, Chess font, Tagged PDF – incompatible, Games, MF font"
skeldoc,Placeholders for unfinished documents,"Editorial, Dummy generator, Notes, Rule"
sketch,A 3d sketch language translator,Graphics import
skillicons,Integrate skill icons into your documents,"Logo, Graphics"
slantsc,Access different-shaped small-caps fonts,"Font support, Tagged PDF – fully compatible"
slashbox,Both column and row headings in a tabular cell,Table
sltables,Simplified tables for LaTeX,Table
smart-eqn,Automatic math symbol styling for LaTeX documents,"Maths symbol, Maths"
smartdiagram,Generate diagrams from lists,"Diagrams, PGF TikZ"
smartunits,Converting between common metric and Imperial units,"Misc conv, Units"
snapshot,List the external dependencies of a LaTeX document,"Tagged PDF – fully compatible, File management, Archival"
snaptodo,A todo that snaps to the closer side,"Editorial, Notes"
songbook,Package for typesetting song lyrics and chord books,"Chords, Music"
songproj,Generate Beamer slideshows with song lyrics,"Verse, Music, Presentation"
songs,Produce song books for church or fellowship,"Music, Chords"
soul,"Hyphenation for letterspacing, underlining, and more","Letterspace, Tagged PDF – incompatible, Underline"
soulpos,A fancy means of underlining,"Letterspace, Tagged PDF – incompatible, Underline"
soup,Generate alphabet soup puzzles,"Crossword puzzle, Games, Puzzle"
spacekern,Kerning between words and against space,"Tagged PDF – fully compatible, Letterspace"
spacingtricks,Addressing various spacing issues,"List, Abbreviations, Typesetting, Footnote, Layout"
spalign,Typeset matrices and arrays with spaces and semicolons as delimiters,"Typeset grid, Maths, Maths theorem, Tagged PDF – partially compatible, Matrix, Maths system equations"
sparklines,"Drawing sparklines: intense, simple, wordlike graphics","Tagged PDF – incompatible, Graphics in TeX"
spath3,Manipulate <q>soft paths</q> in PGF,"Curve Graphics, Tagged PDF – fully compatible, PGF TikZ"
spbmark,Customize superscripts and subscripts,Subsup position
spectralsequences,Print spectral sequence diagrams using PGF/TikZ,"PGF TikZ, Tagged PDF – incompatible"
spelatex,Create PDF documents with hyperlinks to audiofragments,Multimedia
spelling,Support for spell-checking of LuaTeX documents,"LuaTeX, Spell"
spot,Spotlight highlighting for Beamer,Presentation
spotxcolor,Modern spot color support for the xcolor package,Colour
spreadtab,Spreadsheet features for LaTeX tabular environments,"Tagged PDF – fully compatible, Table"
spverbatim,Allow line breaks within \verb and verbatim output,"Verbatim, Tagged PDF – incompatible"
sqltex,An SQL Preprocessor for LaTeX,DB access
sseq,Typesetting spectral sequence charts,"Maths, Tagged PDF – incompatible"
stage,A LaTeX class for stage plays,"Class, Drama script"
standalone,Compile TeX pictures stand-alone or as part of a document,"Tagged PDF – partially compatible, Class, Subdocs"
stanli,TikZ Library for Structural Analysis,"PGF TikZ, Engineering"
starfont,The StarFont Sans astrological font,"Font specialist, Astrology, Tagged PDF – partially compatible, Font TTF, Font"
statistics,Compute and typeset statistics tables and graphics,"Maths, Statistics"
stix2-otf,OpenType Unicode text and maths fonts,"Maths font, Font symbol, Body font, Font symbol maths, Font collection, Font, OTF font, Non-roman font, Serif font"
strands,Draw objects constructed from strands,"PGF TikZ, Graphics"
string-diagrams,Create string diagrams with LaTeX and TikZ,"PGF TikZ, Maths, Diagrams, Graphics"
structmech,A TikZ command set for structural mechanics drawings,"Physics, PGF TikZ"
stubs,Create tear-off stubs at the bottom of a page,Advertisements
suanpan-l3,Traditional Chinese 7-beads suanpan (abacus) package based on l3draw,Diagrams
subcaption,Support for sub-captions,"Caption, Tagged PDF – incompatible"
subeqnarray,Equation array with sub numbering,"Maths system equations, Tagged PDF – incompatible"
subfiles,Individual typesetting of subfiles of a <q>main</q> document,"Tagged PDF – fully compatible, Subdocs, Class"
subfloat,Sub-numbering for figures and tables,"Subfloat, Tagged PDF – fully compatible"
subsupscripts,A range of sub- and superscript commands,"Maths, Subsup position, Physics"
sudoku,Create sudoku grids,"Sudoku, Games"
sunpath,Draw sun path charts,"Physics, Astronomy, Graphics, PGF TikZ"
supertabular,A multi-page tables package,"Tagged PDF – incompatible, Table long, Table"
svg-inkscape,How to include an SVG image in LaTeX using Inkscape,Graphics prep
swfigure,Insert large images that do not fit into a single page,"Graphics include, Tagged PDF – incompatible"
swimgraf,Graphical/textual representations of swimming performances,Data display
swungdash,Typeset a swung dash in LaTeX,"Typesetting, Tagged PDF – fully compatible"
syllogism,Typeset syllogisms in LaTeX,Logic
syngen,A tool for generating syntax diagrams from BNF,"Syntax, Diagrams"
synproof,Easy drawing of syntactic proofs,"Linguistic, Tagged PDF – incompatible, Logic"
syntaxdi,Create <q>railroad</q> syntax diagrams,"Graphics, PGF TikZ, Flow Diagrams, Diagrams"
synttree,Typeset syntactic trees,"Tree, Linguistic"
systeme,Format systems of equations,"Maths, Maths system equations, Tagged PDF – incompatible, Simplified"
t-angles,"Draw tangles, trees, Hopf algebra operations and other pictures","Maths, Graphics in TeX"
tablefootnote,Permit footnotes in tables,"Table, Footnote, Tagged PDF – fully compatible"
tableof,Tagging tables of contents,"Tagged PDF – incompatible, TOC etc."
tablericons,Use tablerIcons through LaTeX commands,"Graphics, Text symbol"
tablists,Tabulated lists of short items,"List enumerate, Tagged PDF – incompatible"
tablvar,Typesetting pretty tables of signs and variations according to French usage,"Maths tabvar, French, Maths"
tabto-ltx,<q>Tab</q> to a measured position in the line,"Tagged PDF – incompatible, Layout"
tabu,Flexible LaTeX tabulars,"Tagged PDF – unsupported, Table, Table long"
tabularborder,Remove excess space at left and right of tabular,Table
tabularcalc,Calculate formulas in a tabular environment,"Table, Tagged PDF – fully compatible"
tabularew,A variation on the tabular environment,Table
tabularht,Tabular extensions originally submitted by Heiko Oberdiek,"Table, Tagged PDF – fully compatible"
tabularray,Typeset tabulars and arrays with LaTeX3,"Tagged PDF – incompatible, Table long, Table"
tabularx,Tabulars with adjustable-width columns,"Table, Tagged PDF – fully compatible"
tabulary,Tabular with variable width columns balanced,"Tagged PDF – fully compatible, Table"
tagging,Document configuration with tags,"Tagged PDF – fully compatible, Conditional compilation"
tagpair,"Word-by-word glosses, translations, and bibliographic attributions",Text layout
tagsnip,Include tagged code snippets from local files or remote URLs,Chunks
talk,A LaTeX class for presentations,"Class, Presentation"
tangramtikz,"Tangram puzzles, with TikZ","Puzzle, Games, PGF TikZ"
tasks,Horizontally columned lists,"Tagged PDF – incompatible, List, List enumerate"
tblr-extras,Extra libraries for tabularray for caption and babel compatibility,"Table long, Table"
tcolorbox,"Coloured boxes, for LaTeX examples and theorems, etc","Listing, Tagged PDF – partially compatible, Boxing, Verbatim, Box breaking, Macro Demonstration, Colour"
temporal-logic,Symbols for Temporal Logics,"Symbol support, Text symbol, Maths symbol, Logic"
tensor,Typeset tensors,"Tagged PDF – partially compatible, Subsup position, Maths"
termcal,Print a class calendar,Calendar
termes-otf,Using the OpenType fonts TeX Gyre Termes,"OTF font, LuaTeX, Maths font, XeTeX, Tagged PDF – fully compatible, Font"
terminalcode,"Terminal-style code display with ANSI colors, UTF-8 box-drawing, and dark/light themes","Verbatim, Decoration"
termsim,"Simulate Win10, Ubuntu, and Mac terminals","Listing, Boxing, Computer science"
testidx,Dummy text for testing index styles and indexing applications,"Index, Dummy generator"
tex-gyre,TeX Fonts extending freely available URW fonts,"Font Type1, Proportional font, Serif font, Font collection, Sans-serif font, Font, OTF font"
tex-label,Place a classification on each page of a document,Security
tex-locale,Localisation support for TeX and LaTeX documents,"Environment query, Tagged PDF – fully compatible, System support"
tex-nutshell,A short document about TeX principles,"Documentation, Tutorial plainTeX"
tex2page,Produce HTML from TeX/LaTeX,Convert HTML
tex4ht,Convert (La)TeX to HTML/XML,"Tagged PDF – incompatible, Convert HTML"
texapi,Macros to write format-independent packages,"&epsilon;-TeX, Macro support"
texblend,Compile segments of LaTeX documents,"Conditional compilation, Use Lua, Compiler management, Compilation"
texbytopic,Freed version of the book <i>TeX by Topic</i>,"Tutorial plainTeX, Book source, LaTeX Reference"
texcount,Count words in a LaTeX document,Word count
texdate,"Date printing, formatting, and manipulation in TeX","Tagged PDF – fully compatible, Date time"
texdimens,Conversion of TeX dimensions to decimals,"&epsilon;-TeX, Units, Tagged PDF – fully compatible"
texdraw,"Graphical macros, using embedded PostScript",Graphics in TeX
texgit,"Download, access, and potentially execute files from git",Data import
texmate,Comprehensive chess annotation in LaTeX,"Tagged PDF – incompatible, Games, Chess"
texmuse,Music typesetting system using TeX and Metafont,"Package declared obsolete, Music"
texshade,Package for setting nucleotide and peptide alignments,"Chemistry, Molecular biology"
textcsc,Simple commands for caps-to-small-caps text,"Typesetting, Tagged PDF – partially compatible, Unicode"
textopo,Annotated membrane protein topology plots,"Chemistry, Molecular biology"
textpath,Setting text along a path with MetaPost,Graphics text
textpos,Place boxes at arbitrary positions on the LaTeX page,"Tagged PDF – incompatible, Layout"
thalie,Typeset drama plays,Drama script
theatre,A sophisticated package for typesetting stage plays,Drama script
thematicpuzzle,Horizontal banners in a puzzle style,Symbol support
thermodynamics,Macros for multicomponent thermodynamics documents,"Physics, Chemistry"
thmbox,Decorate theorem statements,"Maths theorem, Decoration, Tagged PDF – incompatible"
thmlist,A LaTeX package for adding theorem environments quickly,"Maths, Maths theorem, Package declared obsolete"
thmtools,Extensions to theorem environments,"Tagged PDF – incompatible, Maths, Maths theorem"
threeparttablex,Notes in longtables,"Table, Tagged PDF – incompatible, Notes"
thumb,Add thumb tabs to document pages,Layout page
thumbs,Create thumb indexes,"Tagged PDF – partially compatible, Layout page"
thumby,Create thumb indexes for printed books,Layout page
ticollege,Graphical representation of keys on a standard scientific calculator,"Documentation support, PGF TikZ"
tictactoe,Drawing tic-tac-toe or Noughts and Crosses games,Games
tiet-question-paper,A LaTeX question paper class for the TIET,"Class, Exam"
tikz-3dplot,Coordinate transformation styles for 3d plotting in TikZ,"Tagged PDF – fully compatible, Graphics use, PGF TikZ, 3D Graphics"
tikz-bagua,Draw Bagua symbols in Yijing,"Numbers, PGF TikZ"
tikz-bbox,Precise determination of bounding boxes in TikZ,"Graphics, Tagged PDF – fully compatible, PGF TikZ"
tikz-cd,Create commutative diagrams with TikZ,"Commutative Diagrams, Tagged PDF – incompatible, PGF TikZ, Graphics in TeX, Graphics"
tikz-decofonts,"Simple decoration fonts, made with TikZ, for short texts","PGF TikZ, Graphics, Decor font, Amusements"
tikz-dependency,A library for drawing dependency graphs,"Tagged PDF – fully compatible, PGF TikZ, Tree, Linguistic"
tikz-dimline,Technical dimension lines using PGF/TikZ,"Tagged PDF – fully compatible, PGF TikZ"
tikz-feynhand,Feynman diagrams with TikZ,"PGF TikZ, Physics"
tikz-feynman,Feynman diagrams with TikZ,"PGF TikZ, Tagged PDF – fully compatible, Use LuaTeX, Physics"
tikz-imagelabels,Put labels on images using TikZ,"Graphics text, PGF TikZ, Graphics include, Graphics"
tikz-inet,Draw interaction nets with TikZ,Logic
tikz-kalender,A LaTeX based calendar using TikZ,"Calendar, PGF TikZ, Class"
tikz-karnaugh,Typeset Karnaugh maps using TikZ,"Maths, Engineering, Tagged PDF – fully compatible, PGF TikZ"
tikz-ladder,Draw ladder diagrams using TikZ,"Circuit Diagram, PGF TikZ, Engineering, Diagrams, Tagged PDF – fully compatible"
tikz-lake-fig,Schematic diagrams of lakes,PGF TikZ
tikz-layers,"TikZ provides graphical layers on TikZ: <q>behind</q>, <q>above</q> and <q>glass</q>","PGF TikZ, Graphics"
tikz-mirror-lens,Spherical mirrors and lenses in TikZ,"Physics, PGF TikZ, Diagrams, Optics"
tikz-network,Draw networks with TikZ,"Tagged PDF – fully compatible, Diagrams, PGF TikZ, Graphics"
tikz-nfold,"Triple, quadruple, and n-fold paths with TikZ","Graphics, Tagged PDF – fully compatible, PGF TikZ"
tikz-optics,A library for drawing optical setups with TikZ,"PGF TikZ, Optics, Physics, Graphics in TeX, Tagged PDF – fully compatible"
tikz-osci,Produce oscilloscope screen shots,"PGF TikZ, Graphics use, Physics"
tikz-page,Small macro to help building nice and complex layout materials,PGF TikZ
tikz-palattice,Draw particle accelerator lattices with TikZ,PGF TikZ
tikz-planets,Illustrate celestial mechanics and the solar system,"PGF TikZ, Graphics, Astronomy"
tikz-qtree,Use existing qtree syntax for trees in TikZ,Tree
tikz-relay,TikZ library for typesetting electrical diagrams,"Engineering, Physics, Diagrams, Tagged PDF – fully compatible, PGF TikZ, Circuit Diagram"
tikz-sfc,Symbols collection for typesetting Sequential Function Chart (SFC) diagrams (PLC programs),"Tagged PDF – fully compatible, Engineering, PGF TikZ, Flow Diagrams, Circuit Diagram, Diagrams"
tikz-shields,"Badges as in shields.io, but in LaTeX","PGF TikZ, Graphics"
tikz-swigs,Horizontally and vertically split elliptical nodes,"PGF TikZ, Tagged PDF – fully compatible"
tikz-timing,Easy generation of timing diagrams as TikZ pictures,"Tagged PDF – partially compatible, Timing Diagrams, Electronic, PGF TikZ"
tikz-trackschematic,A TikZ library for creating track diagrams in railways,"PGF TikZ, Graphics, Diagrams"
tikz-truchet,Draw Truchet tiles,"Tagged PDF – fully compatible, PGF TikZ"
tikzbrickfigurines,Draw brick figurines with TikZ,"Amusements, Graphics, PGF TikZ"
tikzbricks,Drawing bricks with TikZ,"PGF TikZ, Graphics, Amusements, Tagged PDF – fully compatible"
tikzcodeblocks,"Helps to draw codeblocks like scratch, NEPO and PXT in TikZ",PGF TikZ
tikzdotncross,Marking coordinates and crossing paths,"Graphics, Electronic, Circuit Diagram, PGF TikZ"
tikzfill,TikZ libraries for filling with images and patterns,"Tagged PDF – fully compatible, PGF TikZ"
tikzlings,A collection of cute little animals and similar creatures,"Tagged PDF – fully compatible, Graphics, PGF TikZ, Amusements"
tikzmarmots,Drawing little marmots in TikZ,"PGF TikZ, Graphics, Tagged PDF – fully compatible, Amusements"
tikzorbital,Atomic and molecular orbitals using TikZ,"Chemistry, Diagrams"
tikzpackets,Display network packets,"PGF TikZ, Computer net"
tikzpagenodes,A single TikZ node for the whole page,"Macro support, Graphics, PGF TikZ"
tikzpfeile,Draw arrows using PGF/TikZ,Graphics symbols
tikzpingus,Penguins with TikZ,"Graphics, PGF TikZ, Amusements, Tagged PDF – fully compatible"
tikzposter,Create scientific posters using TikZ,"Class, Poster"
tikzquads,A few shapes designed to be used with CircuiTikZ,"PGF TikZ, Graphics, Circuit Diagram, Electronic"
tikzscale,Resize pictures while respecting text size,Graphics support
tikzsymbols,Some symbols created using TikZ,"PGF TikZ, Graphics symbols"
tikzviolinplots,Draws violin plots from data,"Graphics plot, Statistics, Graphics, PGF TikZ"
tile-graphic,Create tiles of a graphical file,Graphics subpic
tilings,A TikZ library for drawing tiles and tilings,"PGF TikZ, Maths, Tagged PDF – fully compatible"
tipfr,Produces calculator’s keys with the help of TikZ,PGF TikZ
tiscreen,Mimic the screen of older Texas Instruments calculators,"Graphics in TeX, Graphics"
titlecaps,Setting rich-text input into Titling Caps,"Tagged PDF – fully compatible, Typesetting"
titlepic,Add picture to title page of a document,"Tagged PDF – fully compatible, Title page, Graphics use"
tkz-berge,Macros for drawing graphs of graph theory,"PGF TikZ, Tagged PDF – fully compatible, Maths"
tkz-bernoulli,Draw Bernoulli trees with TikZ,Tree
tkz-elements,A Lua library for drawing Euclidean geometry with TikZ or tkz-euclide,"Calculation, Maths, Tagged PDF – fully compatible, PGF TikZ, LuaTeX"
tkz-euclide,Tools for drawing Euclidean geometry,"Graphics use, Tagged PDF – fully compatible, Use LuaTeX, Maths, PGF TikZ"
tkz-fct,Tools for drawing graphs of functions,"PGF TikZ, Graphics, Graphics plot"
tkz-graph,Draw graph-theory graphs,"Maths, Tagged PDF – fully compatible, PGF TikZ, Graphics"
tkz-kiviat,Draw Kiviat graphs,"Package declared obsolete, Graphics plot"
tkz-linknodes,Link nodes in mathematical environments,"PGF TikZ, Package declared obsolete, Graphics use"
tkz-orm,Create Object-Role Model (ORM) diagrams,"PGF TikZ, Diagrams"
tkz-tab,Tables of signs and variations using PGF/TikZ,"Maths, PGF TikZ, Graphics, Maths tabvar"
to-be-determined,Highlight text passages that need further work,"Editorial, Decoration, Conditional compilation"
tocdata,"Adds names to chapters, sections, figures in the TOC and LOF","Tagged PDF – incompatible, TOC etc."
tocloft,"Control table of contents, figures, etc","TOC etc., Tagged PDF – fully compatible"
todo,Make a to-do list for a document,"Editorial, Notes"
todonotes,Marking things to do in a LaTeX document,"Tagged PDF – incompatible, Notes, Editorial, PGF TikZ"
tokcycle,Build tools to process tokens from an input stream,"Macro support, Misc support, Iterating Macros, Parser, Generic Macros"
tonevalue,Tool for linguists and phoneticians to visualize tone value patterns,"PGF TikZ, Linguistic, Phonetic"
topiclongtable,Extend longtable with cells that merge hierarchically,"Table long, Table"
tqft,Drawing TQFT diagrams with TikZ/PGF,"Graphics use, Diagrams, Tagged PDF – fully compatible"
tracklang,Language and dialect tracker,"Class support, Multi-lingual, Tagged PDF – fully compatible, Package development"
trainmap,Draw railway line schematics and transit network maps with TikZ,"Diagrams, Graphics, PGF TikZ, Tagged PDF – incompatible"
tram,Typeset tram boxes in LaTeX,"Boxing, Editorial, Decoration"
tramlines,"A package for creating tramlines (lines above and below a title used
    by lawyers in the UK)","Headings, Legal, Tagged PDF – partially compatible"
translations,Internationalisation of LaTeX2e packages,"Multi-lingual, Package support, Tagged PDF – fully compatible"
tree-dvips,Trees and other linguists’ macros,Tree
trfsigns,Typeset transform signs,"Maths symbol, Tagged PDF – partially compatible"
trimspaces,Trim spaces around an argument or within a macro,"Macro support, Tagged PDF – fully compatible"
truthtable,Automatically generate truth tables for given variables and statements,"Logic, LuaTeX, Maths"
tucv,Support for typesetting a CV or résumeé,CV
tuda-ci,LaTeX templates using CI of Technische Universität Darmstadt,"Dissertation, Poster, Class, Document template, Letter, Std conform, Presentation"
tufte-latex,Document classes inspired by the work of Edward Tufte,"Book publication, Class, Tagged PDF – unsupported"
turnthepage,Provide <q>turn page</q> instructions,"Exam, Tagged PDF – fully compatible, Layout"
twemojis,Use Twitter’s open source emojis through LaTeX commands,"Tagged PDF – partially compatible, Graphics, Text symbol"
txp,Draw text along a path,Graphics text
typed-checklist,"Typesetting tasks, goals, milestones, artifacts, and more in LaTeX","List, Tagged PDF – incompatible"
typedref,Eliminate errors by enforcing the types of labels,Label and References
typeface,Select a balanced set of fonts,Font selection
typewriter,Typeset with a randomly variable monospace font,Typesetting
typicons,Font containing a set of web-related icons,"Font symbol, Tagged PDF – partially compatible, Font, Font supp symbol, Font TTF"
tzplot,Plot graphs with TikZ abbreviations,"Maths, Graphics, Graphics plot function, PGF TikZ"
uassign,Environments and options for typesetting university assignments,Class
ucharclasses,Font actions in XeTeX according to what is being processed,"Tagged PDF – unsupported, XeTeX, Font support"
udepcolor,University of Piura (UDEP) institutional and corporate colors for digital and electronic media,Colour
udiss,A LaTeX bundle for typesetting dissertations,"Class, Dissertation"
ulem,Package for underlining,"Underline, Emphasis, Tagged PDF – incompatible"
undar-digitacion,"Musical fingering diagrams of Pinkullo Huanuqueño, Flute (Recorder), Quena and Saxophone","PGF TikZ, Music"
uni-titlepage,Universal titlepages with configuration options and predefined styles,Title page
unicodefonttable,A Unicode font table generator,"Tagged PDF – partially compatible, Font index, Unicode"
unifront,Give notes a unique front page for every chapter and section,"TOC etc., Notes"
unimath-plain-xetex,OpenType math support in (plain) XeTeX,"Plain extensions, Unicode, Maths, Font supp maths, XeTeX"
urlbst,Web support for BibTeX,BibTeX Support
urwchancal,Use URW’s clone of Zapf Chancery as a maths alphabet,Font supp maths
usebib,A simple bibliography processor,"Bibliography, Tagged PDF – fully compatible"
useclass,Load classes as packages,Documentation support
utfsym,Provides various Unicode symbols,"Tagged PDF – partially compatible, Symbol support, PGF TikZ"
vcell,Vertical alignment of content inside table cells,"Table, Tagged PDF – incompatible"
vectorlogos,"Vectorial logos (GeoGebra, Emacs, Scratch, ...) with <q>inline</q> support",Logo
venndiagram,Creating Venn diagrams with TikZ,"Tagged PDF – fully compatible, PGF TikZ, Math Diagrams"
verbatimbox,Deposit verbatim text in a box,"Tagged PDF – incompatible, Boxing, Verbatim"
verbatimcopy,Make copies of text documents from within LaTeX,Verbatim
verifica,Typeset (Italian high school) exercises,"Class, Exam, Exercise"
verifiche,A LaTeX package to typeset (Italian) high school tests,"Exam, Exercise"
verifycommand,"Verifies definitions are unchanged, such as before patching","Package development, Tagged PDF – fully compatible"
verse,Aids for typesetting simple verse,"Verse, Tagged PDF – partially compatible"
version,Conditionally include text,"Conditional compilation, Tagged PDF – fully compatible"
versonotes,Display brief notes on verso pages,"Tagged PDF – incompatible, Notes"
vertbars,Mark vertical rules in margin of text,"Editorial, Tagged PDF – incompatible"
vhistory,Support for creating a change log,Version control
visualfaq,A Visual LaTeX FAQ,FAQ
visualpstricks,Visual help for PSTricks based on images with minimum text,"PSTricks, French documentation, Graphics in TeX, Graphics documentation"
visualtoks,Typeset TeXbook-style visualisations of token lists,"&epsilon;-TeX, Macro Demonstration, Generic Macros"
voss-mathcol,"Typesetting mathematics in colour, in (La)TeX","Tutorial, Maths documentation"
voss-mathmode,A comprehensive review of mathematics in (La)TeX,"Maths documentation, Package declared obsolete, Documentation"
vpp,View and (selectively) Print PDF and PostScript,"View app, Print app"
vtable,Vertical alignement of table cells,Table
vwcol,Variable-width multiple text columns,"Multi-column, Tagged PDF – incompatible"
wallcalendar,A wall calendar class with custom layouts,"LuaTeX, Calendar, Class, Use Lua"
wallpaper,"Easy addition of wallpapers (background images) to LaTeX documents, including tiling","Layout page, Tagged PDF – incompatible"
wargame,A LaTeX package to prepare hex’n’counter wargames,"Symbol support, PGF TikZ, Games"
wasy,The wasy fonts (Waldi symbol fonts),"Font symbol, Font, MF font"
wasysym,LaTeX support for the wasy fonts,"Font support, Tagged PDF – partially compatible"
webquiz,Write interactive web based quizzes,"Exam, Convert HTML"
weiqi,Use LaTeX3 to typeset Weiqi (Go),"Games, Go"
wheelchart,Diagrams with circular or other shapes using TikZ and LaTeX3,"Charts, Graphics, PGF TikZ, Tagged PDF – fully compatible"
wordle,Create wordle grids,"Games, PGF TikZ"
wrapstuff,Wrapping text around stuff,"Text flow, Tagged PDF – incompatible"
writeongrid,Write on grid lines,"PGF TikZ, Typeset grid"
xbmks,Create a cross-document bookmark tree,"Adobe Distiller, PDF process"
xcharter,Extension of Bitstream Charter fonts,"Proportional font, Font, Font t1enc, Font support, Serif font, Body font, Tagged PDF – fully compatible, Multilingual font, Font Type1, Cyrillic font, OTF font"
xcharter-math,XCharter-based OpenType Math font for LuaTeX and XeTeX,"Maths font, Font supp maths, Font, Tagged PDF – fully compatible, OTF font"
xcjk2uni,"Convert CJK characters to Unicode, in pdfTeX","Unicode, PDF features"
xcoffins,Rich boxed material for LaTeX 3,"LaTeX3, Tagged PDF – incompatible, Boxing"
xcolor-material,Defines the 256 colors from Google Material Color Palette,Colour
xcomment,Allows selected environments to be included/excluded,"Tagged PDF – partially compatible, Conditional compilation"
xesearch,A string finder for XeTeX,"String, XeTeX, Tagged PDF – unsupported"
xespotcolor,Spot colours support for XeLaTeX,"Colour, Tagged PDF – unsupported"
xetex,An extended variant of TeX for use with Unicode sources,Engine
xhfill,Extending \hrulefill,"Tagged PDF – incompatible, Rule"
xindex,Unicode-compatible index generation,"Use Lua, Index, Tagged PDF – fully compatible"
xindy,A general-purpose index processor,Index
xint,Expandable arbitrary precision floating point and integer operations,"Calculation, Arithmetic"
xkcdcolors,<span>xkcd</span> names of colors,"Amusements, Colour"
xpiano,An extension of the piano package,"Tagged PDF – partially compatible, Music"
xpicture,Extensions of LaTeX picture drawing,"Graphics in TeX, Curve Graphics, Tagged PDF – incompatible"
xq,Support for writing about xiangqi,"Games, Chess, Tagged PDF – unsupported"
xr,References to other LaTeX documents,"Tagged PDF – fully compatible, Label and References, Typesetting, Cite support"
xreview,Reviewing LaTeX documents made easy(er),Review document
xsavebox,"Saveboxes for repeating content without code replication, based on PDF Form XObjects","PDF features, Adobe Distiller, Boxing, Tagged PDF – incompatible"
xsim,<span>eXercise</span> Sheets IMproved,"Exercise, Exam"
xskak,An extension to the skak package for chess typesetting,"Games, Tagged PDF – incompatible, Chess, &epsilon;-TeX"
xurl,Allow URL breaks at any alphanumerical character,"Tagged PDF – fully compatible, Verbatim"
xwatermark,Graphics and text watermarks on selected pages,Background
xymtex,Typesetting chemical structures,"Chemistry, Diagrams"
xypic,Flexible diagramming macros,"Tagged PDF – incompatible, Diagrams"
yquant,Typesetting quantum circuits in a human-readable language,"Graphics, Tagged PDF – fully compatible, PGF TikZ, Circuit Diagram"
ytableau,Many-featured Young tableaux and Young diagrams,"Tagged PDF – incompatible, Maths"
zhlineskip,Line spacing for CJK documents,"Tagged PDF – fully compatible, Chinese"
zhlipsum,Chinese dummy text,"Dummy generator, LaTeX3, Tagged PDF – fully compatible, Macro support, Chinese"
zhmcjk,Simplify configuration of CJK installations for Chinese,"Font use, CJK font, Chinese"
zhnumber,Typeset Chinese representations of numbers,"Chinese, Numbers, Tagged PDF – fully compatible"
zwpagelayout,Page layout and crop-marks,"Geometry, Production"
